STRUCTURE,STRUCTURE_ID,STRUCTURE_NAME,ACTION,REF_AREA,,FREQ,,MEASURE,,UNIT_MEASURE,,AGE,,SEX,,STATISTICAL_OPERATION,,TIME_PERIOD,,OBS_VALUE,,HSPA,,METHODOLOGY,,TIME_RANGE,,DECIMALS,,OBS_STATUS,,OBS_STATUS2,,OBS_STATUS3,,UNIT_MULT,
DATAFLOW,OECD.ELS.HD:DSD_HCQO@DF_PC(1.1),,I,AUT,,A,,ADMRCHFL,,10P5HB,,Y_GE15,,_T,,OBS,,2015,,275,,,,AGE_SEX_STANDARD,,,,1,,,,,,,,0,
DATAFLOW,OECD.ELS.HD:DSD_HCQO@DF_PC(1.1),,I,AUT,,A,,ADMRCHFL,,10P5HB,,Y_GE15,,_T,,OBS,,2016,,268.1,,,,AGE_SEX_STANDARD,,,,1,,,,,,,,0,
DATAFLOW,OECD.ELS.HD:DSD_HCQO@DF_PC(1.1),,I,AUT,,A,,ADMRCHFL,,10P5HB,,Y_GE15,,_T,,OBS,,2017,,254.3,,,,AGE_SEX_STANDARD,,,,1,,,,,,,,0,
DATAFLOW,OECD.ELS.HD:DSD_HCQO@DF_PC(1.1),,I,AUT,,A,,ADMRCHFL,,10P5HB,,Y_GE15,,_T,,OBS,,2018,,246.3,,,,AGE_SEX_STANDARD,,,,1,,,,,,,,0,
DATAFLOW,OECD.ELS.HD:DSD_HCQO@DF_PC(1.1),,I,AUT,,A,,ADMRCHFL,,10P5HB,,Y_GE15,,_T,,OBS,,2019,,247.3,,,,AGE_SEX_STANDARD,,,,1,,,,,,,,0,
DATAFLOW,OECD.ELS.HD:DSD_HCQO@DF_PC(1.1),,I,AUT,,A,,ADMRCHFL,,10P5HB,,Y_GE15,,_T,,OBS,,2020,,207,,,,AGE_SEX_STANDARD,,,,1,,,,,,,,0,
DATAFLOW,OECD.ELS.HD:DSD_HCQO@DF_PC(1.1),,I,AUT,,A,,ADMRCHFL,,10P5HB,,Y_GE15,,_T,,OBS,,2021,,219.7,,,,AGE_SEX_STANDARD,,,,1,,,,,,,,0,
DATAFLOW,OECD.ELS.HD:DSD_HCQO@DF_PC(1.1),,I,AUT,,A,,ADMRCHFL,,10P5HB,,Y_GE15,,_T,,OBS,,2022,,193,,,,AGE_SEX_STANDARD,,,,1,,,,,,,,0,
DATAFLOW,OECD.ELS.HD:DSD_HCQO@DF_PC(1.1),,I,AUT,,A,,ADMRCHFL,,10P5HB,,Y_GE15,,_T,,OBS,,2023,,175.7,,,,AGE_SEX_STANDARD,,,,1,,,,,,,,0,
DATAFLOW,OECD.ELS.HD:DSD_HCQO@DF_PC(1.1),,I,CAN,,A,,ADMRCHFL,,10P5HB,,Y_GE15,,_T,,OBS,,2015,,179.7,,,,AGE_SEX_STANDARD,,,,1,,,,,,,,0,
DATAFLOW,OECD.ELS.HD:DSD_HCQO@DF_PC(1.1),,I,CAN,,A,,ADMRCHFL,,10P5HB,,Y_GE15,,_T,,OBS,,2016,,177,,,,AGE_SEX_STANDARD,,,,1,,,,,,,,0,
DATAFLOW,OECD.ELS.HD:DSD_HCQO@DF_PC(1.1),,I,CAN,,A,,ADMRCHFL,,10P5HB,,Y_GE15,,_T,,OBS,,2017,,182.5,,,,AGE_SEX_STANDARD,,,,1,,,,,,,,0,
DATAFLOW,OECD.ELS.HD:DSD_HCQO@DF_PC(1.1),,I,CAN,,A,,ADMRCHFL,,10P5HB,,Y_GE15,,_T,,OBS,,2018,,186.1,,,,AGE_SEX_STANDARD,,,,1,,,,,,,,0,
DATAFLOW,OECD.ELS.HD:DSD_HCQO@DF_PC(1.1),,I,CAN,,A,,ADMRCHFL,,10P5HB,,Y_GE15,,_T,,OBS,,2019,,180.4,,,,AGE_SEX_STANDARD,,,,1,,,,,,,,0,
DATAFLOW,OECD.ELS.HD:DSD_HCQO@DF_PC(1.1),,I,CAN,,A,,ADMRCHFL,,10P5HB,,Y_GE15,,_T,,OBS,,2020,,154.5,,,,AGE_SEX_STANDARD,,,,1,,,,,,,,0,
DATAFLOW,OECD.ELS.HD:DSD_HCQO@DF_PC(1.1),,I,CAN,,A,,ADMRCHFL,,10P5HB,,Y_GE15,,_T,,OBS,,2021,,161.4,,,,AGE_SEX_STANDARD,,,,1,,,,,,,,0,
DATAFLOW,OECD.ELS.HD:DSD_HCQO@DF_PC(1.1),,I,CAN,,A,,ADMRCHFL,,10P5HB,,Y_GE15,,_T,,OBS,,2022,,156.8,,,,AGE_SEX_STANDARD,,,,1,,,,,,,,0,
DATAFLOW,OECD.ELS.HD:DSD_HCQO@DF_PC(1.1),,I,CAN,,A,,ADMRCHFL,,10P5HB,,Y_GE15,,_T,,OBS,,2023,,158.3,,,,AGE_SEX_STANDARD,,,,1,,,,,,,,0,
DATAFLOW,OECD.ELS.HD:DSD_HCQO@DF_PC(1.1),,I,CZE,,A,,ADMRCHFL,,10P5HB,,Y_GE15,,_T,,OBS,,2015,,440.5,,,,AGE_SEX_STANDARD,,,,1,,,,,,,,0,
DATAFLOW,OECD.ELS.HD:DSD_HCQO@DF_PC(1.1),,I,CZE,,A,,ADMRCHFL,,10P5HB,,Y_GE15,,_T,,OBS,,2016,,431.9,,,,AGE_SEX_STANDARD,,,,1,,,,,,,,0,
DATAFLOW,OECD.ELS.HD:DSD_HCQO@DF_PC(1.1),,I,CZE,,A,,ADMRCHFL,,10P5HB,,Y_GE15,,_T,,OBS,,2017,,416.9,,,,AGE_SEX_STANDARD,,,,1,,,,,,,,0,
DATAFLOW,OECD.ELS.HD:DSD_HCQO@DF_PC(1.1),,I,CZE,,A,,ADMRCHFL,,10P5HB,,Y_GE15,,_T,,OBS,,2018,,403.6,,,,AGE_SEX_STANDARD,,,,1,,,,,,,,0,
DATAFLOW,OECD.ELS.HD:DSD_HCQO@DF_PC(1.1),,I,CZE,,A,,ADMRCHFL,,10P5HB,,Y_GE15,,_T,,OBS,,2019,,405.6,,,,AGE_SEX_STANDARD,,,,1,,,,,,,,0,
DATAFLOW,OECD.ELS.HD:DSD_HCQO@DF_PC(1.1),,I,CZE,,A,,ADMRCHFL,,10P5HB,,Y_GE15,,_T,,OBS,,2020,,366.7,,,,AGE_SEX_STANDARD,,,,1,,,,,,,,0,
DATAFLOW,OECD.ELS.HD:DSD_HCQO@DF_PC(1.1),,I,CZE,,A,,ADMRCHFL,,10P5HB,,Y_GE15,,_T,,OBS,,2021,,357.3,,,,AGE_SEX_STANDARD,,,,1,,,,,,,,0,
DATAFLOW,OECD.ELS.HD:DSD_HCQO@DF_PC(1.1),,I,CZE,,A,,ADMRCHFL,,10P5HB,,Y_GE15,,_T,,OBS,,2022,,357.9,,,,AGE_SEX_STANDARD,,,,1,,,,,,,,0,
DATAFLOW,OECD.ELS.HD:DSD_HCQO@DF_PC(1.1),,I,CZE,,A,,ADMRCHFL,,10P5HB,,Y_GE15,,_T,,OBS,,2023,,354.6,,,,AGE_SEX_STANDARD,,,,1,,,,,,,,0,
DATAFLOW,OECD.ELS.HD:DSD_HCQO@DF_PC(1.1),,I,DNK,,A,,ADMRCHFL,,10P5HB,,Y_GE15,,_T,,OBS,,2015,,185,,,,AGE_SEX_STANDARD,,,,1,,,,,,,,0,
DATAFLOW,OECD.ELS.HD:DSD_HCQO@DF_PC(1.1),,I,DNK,,A,,ADMRCHFL,,10P5HB,,Y_GE15,,_T,,OBS,,2016,,181.7,,,,AGE_SEX_STANDARD,,,,1,,,,,,,,0,
DATAFLOW,OECD.ELS.HD:DSD_HCQO@DF_PC(1.1),,I,DNK,,A,,ADMRCHFL,,10P5HB,,Y_GE15,,_T,,OBS,,2017,,172.2,,,,AGE_SEX_STANDARD,,,,1,,,,,,,,0,
DATAFLOW,OECD.ELS.HD:DSD_HCQO@DF_PC(1.1),,I,DNK,,A,,ADMRCHFL,,10P5HB,,Y_GE15,,_T,,OBS,,2018,,162.3,,,,AGE_SEX_STANDARD,,,,1,,,,,,,,0,
DATAFLOW,OECD.ELS.HD:DSD_HCQO@DF_PC(1.1),,I,DNK,,A,,ADMRCHFL,,10P5HB,,Y_GE15,,_T,,OBS,,2019,,178.6,,,,AGE_SEX_STANDARD,,,,1,,,,,,,,0,
DATAFLOW,OECD.ELS.HD:DSD_HCQO@DF_PC(1.1),,I,DNK,,A,,ADMRCHFL,,10P5HB,,Y_GE15,,_T,,OBS,,2020,,161.4,,,,AGE_SEX_STANDARD,,,,1,,,,,,,,0,
DATAFLOW,OECD.ELS.HD:DSD_HCQO@DF_PC(1.1),,I,DNK,,A,,ADMRCHFL,,10P5HB,,Y_GE15,,_T,,OBS,,2021,,159.7,,,,AGE_SEX_STANDARD,,,,1,,,,,,,,0,
DATAFLOW,OECD.ELS.HD:DSD_HCQO@DF_PC(1.1),,I,DNK,,A,,ADMRCHFL,,10P5HB,,Y_GE15,,_T,,OBS,,2022,,155.3,,,,AGE_SEX_STANDARD,,,,1,,,,,,,,0,
DATAFLOW,OECD.ELS.HD:DSD_HCQO@DF_PC(1.1),,I,DNK,,A,,ADMRCHFL,,10P5HB,,Y_GE15,,_T,,OBS,,2023,,144.8,,,,AGE_SEX_STANDARD,,,,1,,,,,,,,0,
DATAFLOW,OECD.ELS.HD:DSD_HCQO@DF_PC(1.1),,I,DNK,,A,,ADMRCHFL,,10P5HB,,Y_GE15,,_T,,OBS,,2024,,157.5,,,,AGE_SEX_STANDARD,,,,1,,,,,,,,0,
DATAFLOW,OECD.ELS.HD:DSD_HCQO@DF_PC(1.1),,I,EST,,A,,ADMRCHFL,,10P5HB,,Y_GE15,,_T,,OBS,,2015,,305.2,,,,AGE_SEX_STANDARD,,,,1,,,,,,,,0,
DATAFLOW,OECD.ELS.HD:DSD_HCQO@DF_PC(1.1),,I,EST,,A,,ADMRCHFL,,10P5HB,,Y_GE15,,_T,,OBS,,2016,,294.5,,,,AGE_SEX_STANDARD,,,,1,,,,,,,,0,
DATAFLOW,OECD.ELS.HD:DSD_HCQO@DF_PC(1.1),,I,EST,,A,,ADMRCHFL,,10P5HB,,Y_GE15,,_T,,OBS,,2017,,268,,,,AGE_SEX_STANDARD,,,,1,,,,,,,,0,
DATAFLOW,OECD.ELS.HD:DSD_HCQO@DF_PC(1.1),,I,EST,,A,,ADMRCHFL,,10P5HB,,Y_GE15,,_T,,OBS,,2018,,265.2,,,,AGE_SEX_STANDARD,,,,1,,,,,,,,0,
DATAFLOW,OECD.ELS.HD:DSD_HCQO@DF_PC(1.1),,I,EST,,A,,ADMRCHFL,,10P5HB,,Y_GE15,,_T,,OBS,,2019,,268.7,,,,AGE_SEX_STANDARD,,,,1,,,,,,,,0,
DATAFLOW,OECD.ELS.HD:DSD_HCQO@DF_PC(1.1),,I,EST,,A,,ADMRCHFL,,10P5HB,,Y_GE15,,_T,,OBS,,2020,,243.1,,,,AGE_SEX_STANDARD,,,,1,,,,,,,,0,
DATAFLOW,OECD.ELS.HD:DSD_HCQO@DF_PC(1.1),,I,EST,,A,,ADMRCHFL,,10P5HB,,Y_GE15,,_T,,OBS,,2021,,208,,,,AGE_SEX_STANDARD,,,,1,,,,,,,,0,
DATAFLOW,OECD.ELS.HD:DSD_HCQO@DF_PC(1.1),,I,EST,,A,,ADMRCHFL,,10P5HB,,Y_GE15,,_T,,OBS,,2022,,206.1,,,,AGE_SEX_STANDARD,,,,1,,,,,,,,0,
DATAFLOW,OECD.ELS.HD:DSD_HCQO@DF_PC(1.1),,I,EST,,A,,ADMRCHFL,,10P5HB,,Y_GE15,,_T,,OBS,,2023,,208.3,,,,AGE_SEX_STANDARD,,,,1,,,,,,,,0,
DATAFLOW,OECD.ELS.HD:DSD_HCQO@DF_PC(1.1),,I,FIN,,A,,ADMRCHFL,,10P5HB,,Y_GE15,,_T,,OBS,,2015,,284.9,,,,AGE_SEX_STANDARD,,,,1,,,,,,,,0,
DATAFLOW,OECD.ELS.HD:DSD_HCQO@DF_PC(1.1),,I,FIN,,A,,ADMRCHFL,,10P5HB,,Y_GE15,,_T,,OBS,,2016,,275.7,,,,AGE_SEX_STANDARD,,,,1,,,,,,,,0,
DATAFLOW,OECD.ELS.HD:DSD_HCQO@DF_PC(1.1),,I,FIN,,A,,ADMRCHFL,,10P5HB,,Y_GE15,,_T,,OBS,,2017,,293.6,,,,AGE_SEX_STANDARD,,,,1,,,,,,,,0,
DATAFLOW,OECD.ELS.HD:DSD_HCQO@DF_PC(1.1),,I,FIN,,A,,ADMRCHFL,,10P5HB,,Y_GE15,,_T,,OBS,,2018,,285.8,,,,AGE_SEX_STANDARD,,,,1,,,,,,,,0,
DATAFLOW,OECD.ELS.HD:DSD_HCQO@DF_PC(1.1),,I,FIN,,A,,ADMRCHFL,,10P5HB,,Y_GE15,,_T,,OBS,,2019,,295.7,,,,AGE_SEX_STANDARD,,,,1,,,,,,,,0,
DATAFLOW,OECD.ELS.HD:DSD_HCQO@DF_PC(1.1),,I,FIN,,A,,ADMRCHFL,,10P5HB,,Y_GE15,,_T,,OBS,,2020,,284,,,,AGE_SEX_STANDARD,,,,1,,,,,,,,0,
DATAFLOW,OECD.ELS.HD:DSD_HCQO@DF_PC(1.1),,I,FIN,,A,,ADMRCHFL,,10P5HB,,Y_GE15,,_T,,OBS,,2021,,277.9,,,,AGE_SEX_STANDARD,,,,1,,,,,,,,0,
DATAFLOW,OECD.ELS.HD:DSD_HCQO@DF_PC(1.1),,I,FIN,,A,,ADMRCHFL,,10P5HB,,Y_GE15,,_T,,OBS,,2022,,220.8,,,,AGE_SEX_STANDARD,,,,1,,,,,,,,0,
DATAFLOW,OECD.ELS.HD:DSD_HCQO@DF_PC(1.1),,I,FIN,,A,,ADMRCHFL,,10P5HB,,Y_GE15,,_T,,OBS,,2023,,211.3,,,,AGE_SEX_STANDARD,,,,1,,,,,,,,0,
DATAFLOW,OECD.ELS.HD:DSD_HCQO@DF_PC(1.1),,I,DEU,,A,,ADMRCHFL,,10P5HB,,Y_GE15,,_T,,OBS,,2015,,416.1,,,,AGE_SEX_STANDARD,,,,1,,,,,,,,0,
DATAFLOW,OECD.ELS.HD:DSD_HCQO@DF_PC(1.1),,I,DEU,,A,,ADMRCHFL,,10P5HB,,Y_GE15,,_T,,OBS,,2017,,418.3,,,,AGE_SEX_STANDARD,,,,1,,,,,,,,0,
DATAFLOW,OECD.ELS.HD:DSD_HCQO@DF_PC(1.1),,I,DEU,,A,,ADMRCHFL,,10P5HB,,Y_GE15,,_T,,OBS,,2019,,423.9,,,,AGE_SEX_STANDARD,,,,1,,,,,,,,0,
DATAFLOW,OECD.ELS.HD:DSD_HCQO@DF_PC(1.1),,I,DEU,,A,,ADMRCHFL,,10P5HB,,Y_GE15,,_T,,OBS,,2021,,362.9,,,,AGE_SEX_STANDARD,,,,1,,,,,,,,0,
DATAFLOW,OECD.ELS.HD:DSD_HCQO@DF_PC(1.1),,I,DEU,,A,,ADMRCHFL,,10P5HB,,Y_GE15,,_T,,OBS,,2023,,380.3,,,,AGE_SEX_STANDARD,,,,1,,,,,,,,0,
DATAFLOW,OECD.ELS.HD:DSD_HCQO@DF_PC(1.1),,I,IRL,,A,,ADMRCHFL,,10P5HB,,Y_GE15,,_T,,OBS,,2015,,162,,,,AGE_SEX_STANDARD,,,,1,,,,,,,,0,
DATAFLOW,OECD.ELS.HD:DSD_HCQO@DF_PC(1.1),,I,IRL,,A,,ADMRCHFL,,10P5HB,,Y_GE15,,_T,,OBS,,2016,,158,,,,AGE_SEX_STANDARD,,,,1,,,,,,,,0,
DATAFLOW,OECD.ELS.HD:DSD_HCQO@DF_PC(1.1),,I,IRL,,A,,ADMRCHFL,,10P5HB,,Y_GE15,,_T,,OBS,,2017,,161.9,,,,AGE_SEX_STANDARD,,,,1,,,,,,,,0,
DATAFLOW,OECD.ELS.HD:DSD_HCQO@DF_PC(1.1),,I,IRL,,A,,ADMRCHFL,,10P5HB,,Y_GE15,,_T,,OBS,,2018,,161.2,,,,AGE_SEX_STANDARD,,,,1,,,,,,,,0,
DATAFLOW,OECD.ELS.HD:DSD_HCQO@DF_PC(1.1),,I,IRL,,A,,ADMRCHFL,,10P5HB,,Y_GE15,,_T,,OBS,,2019,,158.6,,,,AGE_SEX_STANDARD,,,,1,,,,,,,,0,
DATAFLOW,OECD.ELS.HD:DSD_HCQO@DF_PC(1.1),,I,IRL,,A,,ADMRCHFL,,10P5HB,,Y_GE15,,_T,,OBS,,2020,,153.6,,,,AGE_SEX_STANDARD,,,,1,,,,,,,,0,
DATAFLOW,OECD.ELS.HD:DSD_HCQO@DF_PC(1.1),,I,IRL,,A,,ADMRCHFL,,10P5HB,,Y_GE15,,_T,,OBS,,2021,,158.2,,,,AGE_SEX_STANDARD,,,,1,,,,,,,,0,
DATAFLOW,OECD.ELS.HD:DSD_HCQO@DF_PC(1.1),,I,IRL,,A,,ADMRCHFL,,10P5HB,,Y_GE15,,_T,,OBS,,2022,,148.7,,,,AGE_SEX_STANDARD,,,,1,,,,,,,,0,
DATAFLOW,OECD.ELS.HD:DSD_HCQO@DF_PC(1.1),,I,IRL,,A,,ADMRCHFL,,10P5HB,,Y_GE15,,_T,,OBS,,2023,,144.6,,,,AGE_SEX_STANDARD,,,,1,,,,,,,,0,
DATAFLOW,OECD.ELS.HD:DSD_HCQO@DF_PC(1.1),,I,ISR,,A,,ADMRCHFL,,10P5HB,,Y_GE15,,_T,,OBS,,2015,,253.9,,,,AGE_SEX_STANDARD,,,,1,,,,,,,,0,
DATAFLOW,OECD.ELS.HD:DSD_HCQO@DF_PC(1.1),,I,ISR,,A,,ADMRCHFL,,10P5HB,,Y_GE15,,_T,,OBS,,2016,,242.9,,,,AGE_SEX_STANDARD,,,,1,,,,,,,,0,
DATAFLOW,OECD.ELS.HD:DSD_HCQO@DF_PC(1.1),,I,ISR,,A,,ADMRCHFL,,10P5HB,,Y_GE15,,_T,,OBS,,2017,,259.1,,,,AGE_SEX_STANDARD,,,,1,,,,,,,,0,
DATAFLOW,OECD.ELS.HD:DSD_HCQO@DF_PC(1.1),,I,ISR,,A,,ADMRCHFL,,10P5HB,,Y_GE15,,_T,,OBS,,2018,,244.3,,,,AGE_SEX_STANDARD,,,,1,,,,,,,,0,
DATAFLOW,OECD.ELS.HD:DSD_HCQO@DF_PC(1.1),,I,ISR,,A,,ADMRCHFL,,10P5HB,,Y_GE15,,_T,,OBS,,2019,,250.8,,,,AGE_SEX_STANDARD,,,,1,,,,,,,,0,
DATAFLOW,OECD.ELS.HD:DSD_HCQO@DF_PC(1.1),,I,ISR,,A,,ADMRCHFL,,10P5HB,,Y_GE15,,_T,,OBS,,2020,,196.6,,,,AGE_SEX_STANDARD,,,,1,,,,,,,,0,
DATAFLOW,OECD.ELS.HD:DSD_HCQO@DF_PC(1.1),,I,ISR,,A,,ADMRCHFL,,10P5HB,,Y_GE15,,_T,,OBS,,2021,,199.7,,,,AGE_SEX_STANDARD,,,,1,,,,,,,,0,
DATAFLOW,OECD.ELS.HD:DSD_HCQO@DF_PC(1.1),,I,ISR,,A,,ADMRCHFL,,10P5HB,,Y_GE15,,_T,,OBS,,2022,,202.4,,,,AGE_SEX_STANDARD,,,,1,,,,,,,,0,
DATAFLOW,OECD.ELS.HD:DSD_HCQO@DF_PC(1.1),,I,ISR,,A,,ADMRCHFL,,10P5HB,,Y_GE15,,_T,,OBS,,2023,,196.7,,,,AGE_SEX_STANDARD,,,,1,,,,,,,,0,
DATAFLOW,OECD.ELS.HD:DSD_HCQO@DF_PC(1.1),,I,ITA,,A,,ADMRCHFL,,10P5HB,,Y_GE15,,_T,,OBS,,2022,,162.9,,,,AGE_SEX_STANDARD,,,,1,,,,,,,,0,
DATAFLOW,OECD.ELS.HD:DSD_HCQO@DF_PC(1.1),,I,ITA,,A,,ADMRCHFL,,10P5HB,,Y_GE15,,_T,,OBS,,2023,,162.3,,,,AGE_SEX_STANDARD,,,,1,,,,,,,,0,
DATAFLOW,OECD.ELS.HD:DSD_HCQO@DF_PC(1.1),,I,KOR,,A,,ADMRCHFL,,10P5HB,,Y_GE15,,_T,,OBS,,2015,,84.7,,,,AGE_SEX_STANDARD,,,,1,,,,,,,,0,
DATAFLOW,OECD.ELS.HD:DSD_HCQO@DF_PC(1.1),,I,KOR,,A,,ADMRCHFL,,10P5HB,,Y_GE15,,_T,,OBS,,2016,,83.9,,,,AGE_SEX_STANDARD,,,,1,,,,,,,,0,
DATAFLOW,OECD.ELS.HD:DSD_HCQO@DF_PC(1.1),,I,KOR,,A,,ADMRCHFL,,10P5HB,,Y_GE15,,_T,,OBS,,2017,,84.3,,,,AGE_SEX_STANDARD,,,,1,,,,,,,,0,
DATAFLOW,OECD.ELS.HD:DSD_HCQO@DF_PC(1.1),,I,KOR,,A,,ADMRCHFL,,10P5HB,,Y_GE15,,_T,,OBS,,2018,,88.2,,,,AGE_SEX_STANDARD,,,,1,,,,,,,,0,
DATAFLOW,OECD.ELS.HD:DSD_HCQO@DF_PC(1.1),,I,KOR,,A,,ADMRCHFL,,10P5HB,,Y_GE15,,_T,,OBS,,2019,,84.7,,,,AGE_SEX_STANDARD,,,,1,,,,,,,,0,
DATAFLOW,OECD.ELS.HD:DSD_HCQO@DF_PC(1.1),,I,KOR,,A,,ADMRCHFL,,10P5HB,,Y_GE15,,_T,,OBS,,2020,,74.7,,,,AGE_SEX_STANDARD,,,,1,,,,,,,,0,
DATAFLOW,OECD.ELS.HD:DSD_HCQO@DF_PC(1.1),,I,KOR,,A,,ADMRCHFL,,10P5HB,,Y_GE15,,_T,,OBS,,2021,,72.2,,,,AGE_SEX_STANDARD,,,,1,,,,,,,,0,
DATAFLOW,OECD.ELS.HD:DSD_HCQO@DF_PC(1.1),,I,KOR,,A,,ADMRCHFL,,10P5HB,,Y_GE15,,_T,,OBS,,2022,,72.5,,,,AGE_SEX_STANDARD,,,,1,,,,,,,,0,
DATAFLOW,OECD.ELS.HD:DSD_HCQO@DF_PC(1.1),,I,KOR,,A,,ADMRCHFL,,10P5HB,,Y_GE15,,_T,,OBS,,2023,,75.9,,,,AGE_SEX_STANDARD,,,,1,,,,,,,,0,
DATAFLOW,OECD.ELS.HD:DSD_HCQO@DF_PC(1.1),,I,LTU,,A,,ADMRCHFL,,10P5HB,,Y_GE15,,_T,,OBS,,2015,,626.2,,,,AGE_SEX_STANDARD,,,,1,,,,,,,,0,
DATAFLOW,OECD.ELS.HD:DSD_HCQO@DF_PC(1.1),,I,LTU,,A,,ADMRCHFL,,10P5HB,,Y_GE15,,_T,,OBS,,2016,,568.4,,,,AGE_SEX_STANDARD,,,,1,,,,,,,,0,
DATAFLOW,OECD.ELS.HD:DSD_HCQO@DF_PC(1.1),,I,LTU,,A,,ADMRCHFL,,10P5HB,,Y_GE15,,_T,,OBS,,2017,,552.5,,,,AGE_SEX_STANDARD,,,,1,,,,,,,,0,
DATAFLOW,OECD.ELS.HD:DSD_HCQO@DF_PC(1.1),,I,LTU,,A,,ADMRCHFL,,10P5HB,,Y_GE15,,_T,,OBS,,2018,,532,,,,AGE_SEX_STANDARD,,,,1,,,,,,,,0,
DATAFLOW,OECD.ELS.HD:DSD_HCQO@DF_PC(1.1),,I,LTU,,A,,ADMRCHFL,,10P5HB,,Y_GE15,,_T,,OBS,,2019,,522.2,,,,AGE_SEX_STANDARD,,,,1,,,,,,,,0,
DATAFLOW,OECD.ELS.HD:DSD_HCQO@DF_PC(1.1),,I,LTU,,A,,ADMRCHFL,,10P5HB,,Y_GE15,,_T,,OBS,,2020,,366.7,,,,AGE_SEX_STANDARD,,,,1,,,,,,,,0,
DATAFLOW,OECD.ELS.HD:DSD_HCQO@DF_PC(1.1),,I,LTU,,A,,ADMRCHFL,,10P5HB,,Y_GE15,,_T,,OBS,,2021,,315.6,,,,AGE_SEX_STANDARD,,,,1,,,,,,,,0,
DATAFLOW,OECD.ELS.HD:DSD_HCQO@DF_PC(1.1),,I,LTU,,A,,ADMRCHFL,,10P5HB,,Y_GE15,,_T,,OBS,,2022,,421.4,,,,AGE_SEX_STANDARD,,,,1,,,,,,,,0,
DATAFLOW,OECD.ELS.HD:DSD_HCQO@DF_PC(1.1),,I,LTU,,A,,ADMRCHFL,,10P5HB,,Y_GE15,,_T,,OBS,,2023,,490.9,,,,AGE_SEX_STANDARD,,,,1,,,,,,,,0,
DATAFLOW,OECD.ELS.HD:DSD_HCQO@DF_PC(1.1),,I,LTU,,A,,ADMRCHFL,,10P5HB,,Y_GE15,,_T,,OBS,,2024,,462.5,,,,AGE_SEX_STANDARD,,,,1,,,,,,,,0,
DATAFLOW,OECD.ELS.HD:DSD_HCQO@DF_PC(1.1),,I,LUX,,A,,ADMRCHFL,,10P5HB,,Y_GE15,,_T,,OBS,,2022,,210.1,,,,AGE_SEX_STANDARD,,,,1,,,,,,,,0,
DATAFLOW,OECD.ELS.HD:DSD_HCQO@DF_PC(1.1),,I,LUX,,A,,ADMRCHFL,,10P5HB,,Y_GE15,,_T,,OBS,,2023,,204.9,,,,AGE_SEX_STANDARD,,,,1,,,,,,,,0,
DATAFLOW,OECD.ELS.HD:DSD_HCQO@DF_PC(1.1),,I,NOR,,A,,ADMRCHFL,,10P5HB,,Y_GE15,,_T,,OBS,,2021,,190.9,,,,AGE_SEX_STANDARD,,,,1,,,,,,,,0,
DATAFLOW,OECD.ELS.HD:DSD_HCQO@DF_PC(1.1),,I,NOR,,A,,ADMRCHFL,,10P5HB,,Y_GE15,,_T,,OBS,,2022,,192.6,,,,AGE_SEX_STANDARD,,,,1,,,,,,,,0,
DATAFLOW,OECD.ELS.HD:DSD_HCQO@DF_PC(1.1),,I,NOR,,A,,ADMRCHFL,,10P5HB,,Y_GE15,,_T,,OBS,,2023,,191.7,,,,AGE_SEX_STANDARD,,,,1,,,,,,,,0,
DATAFLOW,OECD.ELS.HD:DSD_HCQO@DF_PC(1.1),,I,NOR,,A,,ADMRCHFL,,10P5HB,,Y_GE15,,_T,,OBS,,2024,,199.2,,,,AGE_SEX_STANDARD,,,,1,,,,,,,,0,
DATAFLOW,OECD.ELS.HD:DSD_HCQO@DF_PC(1.1),,I,POL,,A,,ADMRCHFL,,10P5HB,,Y_GE15,,_T,,OBS,,2020,,412.6,,,,AGE_SEX_STANDARD,,,,1,,,,,,,,0,
DATAFLOW,OECD.ELS.HD:DSD_HCQO@DF_PC(1.1),,I,POL,,A,,ADMRCHFL,,10P5HB,,Y_GE15,,_T,,OBS,,2021,,431.8,,,,AGE_SEX_STANDARD,,,,1,,,,,,,,0,
DATAFLOW,OECD.ELS.HD:DSD_HCQO@DF_PC(1.1),,I,POL,,A,,ADMRCHFL,,10P5HB,,Y_GE15,,_T,,OBS,,2022,,473.5,,,,AGE_SEX_STANDARD,,,,1,,,,,,,,0,
DATAFLOW,OECD.ELS.HD:DSD_HCQO@DF_PC(1.1),,I,POL,,A,,ADMRCHFL,,10P5HB,,Y_GE15,,_T,,OBS,,2023,,521.3,,,,AGE_SEX_STANDARD,,,,1,,,,,,,,0,
DATAFLOW,OECD.ELS.HD:DSD_HCQO@DF_PC(1.1),,I,SVK,,A,,ADMRCHFL,,10P5HB,,Y_GE15,,_T,,OBS,,2022,,400.1,,,,AGE_SEX_STANDARD,,,,1,,,,,,,,0,
DATAFLOW,OECD.ELS.HD:DSD_HCQO@DF_PC(1.1),,I,SVK,,A,,ADMRCHFL,,10P5HB,,Y_GE15,,_T,,OBS,,2023,,413.9,,,,AGE_SEX_STANDARD,,,,1,,,,,,,,0,
DATAFLOW,OECD.ELS.HD:DSD_HCQO@DF_PC(1.1),,I,SVN,,A,,ADMRCHFL,,10P5HB,,Y_GE15,,_T,,OBS,,2015,,281.2,,,,AGE_SEX_STANDARD,,,,1,,,,,,,,0,
DATAFLOW,OECD.ELS.HD:DSD_HCQO@DF_PC(1.1),,I,SVN,,A,,ADMRCHFL,,10P5HB,,Y_GE15,,_T,,OBS,,2016,,266.2,,,,AGE_SEX_STANDARD,,,,1,,,,,,,,0,
DATAFLOW,OECD.ELS.HD:DSD_HCQO@DF_PC(1.1),,I,SVN,,A,,ADMRCHFL,,10P5HB,,Y_GE15,,_T,,OBS,,2017,,241.4,,,,AGE_SEX_STANDARD,,,,1,,,,,,,,0,
DATAFLOW,OECD.ELS.HD:DSD_HCQO@DF_PC(1.1),,I,SVN,,A,,ADMRCHFL,,10P5HB,,Y_GE15,,_T,,OBS,,2018,,238.5,,,,AGE_SEX_STANDARD,,,,1,,,,,,,,0,
DATAFLOW,OECD.ELS.HD:DSD_HCQO@DF_PC(1.1),,I,SVN,,A,,ADMRCHFL,,10P5HB,,Y_GE15,,_T,,OBS,,2019,,239.4,,,,AGE_SEX_STANDARD,,,,1,,,,,,,,0,
DATAFLOW,OECD.ELS.HD:DSD_HCQO@DF_PC(1.1),,I,SVN,,A,,ADMRCHFL,,10P5HB,,Y_GE15,,_T,,OBS,,2020,,197.4,,,,AGE_SEX_STANDARD,,,,1,,,,,,,,0,
DATAFLOW,OECD.ELS.HD:DSD_HCQO@DF_PC(1.1),,I,SVN,,A,,ADMRCHFL,,10P5HB,,Y_GE15,,_T,,OBS,,2021,,202.5,,,,AGE_SEX_STANDARD,,,,1,,,,,,,,0,
DATAFLOW,OECD.ELS.HD:DSD_HCQO@DF_PC(1.1),,I,SVN,,A,,ADMRCHFL,,10P5HB,,Y_GE15,,_T,,OBS,,2022,,192,,,,AGE_SEX_STANDARD,,,,1,,,,,,,,0,
DATAFLOW,OECD.ELS.HD:DSD_HCQO@DF_PC(1.1),,I,SVN,,A,,ADMRCHFL,,10P5HB,,Y_GE15,,_T,,OBS,,2023,,204.6,,,,AGE_SEX_STANDARD,,,,1,,,,,,,,0,
DATAFLOW,OECD.ELS.HD:DSD_HCQO@DF_PC(1.1),,I,ESP,,A,,ADMRCHFL,,10P5HB,,Y_GE15,,_T,,OBS,,2015,,210.5,,,,AGE_SEX_STANDARD,,,,1,,,,,,,,0,
DATAFLOW,OECD.ELS.HD:DSD_HCQO@DF_PC(1.1),,I,ESP,,A,,ADMRCHFL,,10P5HB,,Y_GE15,,_T,,OBS,,2016,,143.2,,,,AGE_SEX_STANDARD,,,,1,,,,,,,,0,
DATAFLOW,OECD.ELS.HD:DSD_HCQO@DF_PC(1.1),,I,ESP,,A,,ADMRCHFL,,10P5HB,,Y_GE15,,_T,,OBS,,2017,,154.1,,,,AGE_SEX_STANDARD,,,,1,,,,,,,,0,
DATAFLOW,OECD.ELS.HD:DSD_HCQO@DF_PC(1.1),,I,ESP,,A,,ADMRCHFL,,10P5HB,,Y_GE15,,_T,,OBS,,2018,,162.3,,,,AGE_SEX_STANDARD,,,,1,,,,,,,,0,
DATAFLOW,OECD.ELS.HD:DSD_HCQO@DF_PC(1.1),,I,ESP,,A,,ADMRCHFL,,10P5HB,,Y_GE15,,_T,,OBS,,2019,,169.1,,,,AGE_SEX_STANDARD,,,,1,,,,,,,,0,
DATAFLOW,OECD.ELS.HD:DSD_HCQO@DF_PC(1.1),,I,ESP,,A,,ADMRCHFL,,10P5HB,,Y_GE15,,_T,,OBS,,2020,,141.4,,,,AGE_SEX_STANDARD,,,,1,,,,,,,,0,
DATAFLOW,OECD.ELS.HD:DSD_HCQO@DF_PC(1.1),,I,ESP,,A,,ADMRCHFL,,10P5HB,,Y_GE15,,_T,,OBS,,2021,,166.7,,,,AGE_SEX_STANDARD,,,,1,,,,,,,,0,
DATAFLOW,OECD.ELS.HD:DSD_HCQO@DF_PC(1.1),,I,ESP,,A,,ADMRCHFL,,10P5HB,,Y_GE15,,_T,,OBS,,2022,,165.4,,,,AGE_SEX_STANDARD,,,,1,,,,,,,,0,
DATAFLOW,OECD.ELS.HD:DSD_HCQO@DF_PC(1.1),,I,ESP,,A,,ADMRCHFL,,10P5HB,,Y_GE15,,_T,,OBS,,2023,,161.4,,,,AGE_SEX_STANDARD,,,,1,,,,,,,,0,
DATAFLOW,OECD.ELS.HD:DSD_HCQO@DF_PC(1.1),,I,SWE,,A,,ADMRCHFL,,10P5HB,,Y_GE15,,_T,,OBS,,2015,,258.9,,,,AGE_SEX_STANDARD,,,,1,,,,,,,,0,
DATAFLOW,OECD.ELS.HD:DSD_HCQO@DF_PC(1.1),,I,SWE,,A,,ADMRCHFL,,10P5HB,,Y_GE15,,_T,,OBS,,2016,,247.8,,,,AGE_SEX_STANDARD,,,,1,,,,,,,,0,
DATAFLOW,OECD.ELS.HD:DSD_HCQO@DF_PC(1.1),,I,SWE,,A,,ADMRCHFL,,10P5HB,,Y_GE15,,_T,,OBS,,2017,,241.4,,,,AGE_SEX_STANDARD,,,,1,,,,,,,,0,
DATAFLOW,OECD.ELS.HD:DSD_HCQO@DF_PC(1.1),,I,SWE,,A,,ADMRCHFL,,10P5HB,,Y_GE15,,_T,,OBS,,2018,,230.6,,,,AGE_SEX_STANDARD,,,,1,,,,,,,,0,
DATAFLOW,OECD.ELS.HD:DSD_HCQO@DF_PC(1.1),,I,SWE,,A,,ADMRCHFL,,10P5HB,,Y_GE15,,_T,,OBS,,2019,,233,,,,AGE_SEX_STANDARD,,,,1,,,,,,,,0,
DATAFLOW,OECD.ELS.HD:DSD_HCQO@DF_PC(1.1),,I,SWE,,A,,ADMRCHFL,,10P5HB,,Y_GE15,,_T,,OBS,,2020,,204.9,,,,AGE_SEX_STANDARD,,,,1,,,,,,,,0,
DATAFLOW,OECD.ELS.HD:DSD_HCQO@DF_PC(1.1),,I,SWE,,A,,ADMRCHFL,,10P5HB,,Y_GE15,,_T,,OBS,,2021,,218.5,,,,AGE_SEX_STANDARD,,,,1,,,,,,,,0,
DATAFLOW,OECD.ELS.HD:DSD_HCQO@DF_PC(1.1),,I,SWE,,A,,ADMRCHFL,,10P5HB,,Y_GE15,,_T,,OBS,,2022,,206.7,,,,AGE_SEX_STANDARD,,,,1,,,,,,,,0,
DATAFLOW,OECD.ELS.HD:DSD_HCQO@DF_PC(1.1),,I,SWE,,A,,ADMRCHFL,,10P5HB,,Y_GE15,,_T,,OBS,,2023,,203.3,,,,AGE_SEX_STANDARD,,,,1,,,,,,,,0,
DATAFLOW,OECD.ELS.HD:DSD_HCQO@DF_PC(1.1),,I,GBR,,A,,ADMRCHFL,,10P5HB,,Y_GE15,,_T,,OBS,,2015,,108.3,,,,AGE_SEX_STANDARD,,,,1,,,,,,,,0,
DATAFLOW,OECD.ELS.HD:DSD_HCQO@DF_PC(1.1),,I,GBR,,A,,ADMRCHFL,,10P5HB,,Y_GE15,,_T,,OBS,,2016,,105.5,,,,AGE_SEX_STANDARD,,,,1,,,,,,,,0,
DATAFLOW,OECD.ELS.HD:DSD_HCQO@DF_PC(1.1),,I,GBR,,A,,ADMRCHFL,,10P5HB,,Y_GE15,,_T,,OBS,,2017,,107.1,,,,AGE_SEX_STANDARD,,,,1,,,,,,,,0,
DATAFLOW,OECD.ELS.HD:DSD_HCQO@DF_PC(1.1),,I,GBR,,A,,ADMRCHFL,,10P5HB,,Y_GE15,,_T,,OBS,,2018,,109.9,,,,AGE_SEX_STANDARD,,,,1,,,,,,,,0,
DATAFLOW,OECD.ELS.HD:DSD_HCQO@DF_PC(1.1),,I,GBR,,A,,ADMRCHFL,,10P5HB,,Y_GE15,,_T,,OBS,,2019,,116,,,,AGE_SEX_STANDARD,,,,1,,,,,,,,0,
DATAFLOW,OECD.ELS.HD:DSD_HCQO@DF_PC(1.1),,I,GBR,,A,,ADMRCHFL,,10P5HB,,Y_GE15,,_T,,OBS,,2020,,97.9,,,,AGE_SEX_STANDARD,,,,1,,,,,,,,0,
DATAFLOW,OECD.ELS.HD:DSD_HCQO@DF_PC(1.1),,I,GBR,,A,,ADMRCHFL,,10P5HB,,Y_GE15,,_T,,OBS,,2021,,112.6,,,,AGE_SEX_STANDARD,,,,1,,,,,,,,0,
DATAFLOW,OECD.ELS.HD:DSD_HCQO@DF_PC(1.1),,I,GBR,,A,,ADMRCHFL,,10P5HB,,Y_GE15,,_T,,OBS,,2023,,110.9,,,,AGE_SEX_STANDARD,,,,1,,,,,,,,0,
DATAFLOW,OECD.ELS.HD:DSD_HCQO@DF_PC(1.1),,I,USA,,A,,ADMRCHFL,,10P5HB,,Y_GE15,,_T,,OBS,,2021,,392.4,,,,AGE_SEX_STANDARD,,,,1,,,,,,,,0,
DATAFLOW,OECD.ELS.HD:DSD_HCQO@DF_PC(1.1),,I,USA,,A,,ADMRCHFL,,10P5HB,,Y_GE15,,_T,,OBS,,2022,,386.5,,,,AGE_SEX_STANDARD,,,,1,,,,,,,,0,
DATAFLOW,OECD.ELS.HD:DSD_HCQO@DF_PC(1.1),,I,HRV,,A,,ADMRCHFL,,10P5HB,,Y_GE15,,_T,,OBS,,2018,,124.2,,,,AGE_SEX_STANDARD,,,,1,,,,,,,,0,
DATAFLOW,OECD.ELS.HD:DSD_HCQO@DF_PC(1.1),,I,HRV,,A,,ADMRCHFL,,10P5HB,,Y_GE15,,_T,,OBS,,2019,,127.2,,,,AGE_SEX_STANDARD,,,,1,,,,,,,,0,
DATAFLOW,OECD.ELS.HD:DSD_HCQO@DF_PC(1.1),,I,HRV,,A,,ADMRCHFL,,10P5HB,,Y_GE15,,_T,,OBS,,2020,,108.6,,,,AGE_SEX_STANDARD,,,,1,,,,,,,,0,
DATAFLOW,OECD.ELS.HD:DSD_HCQO@DF_PC(1.1),,I,HRV,,A,,ADMRCHFL,,10P5HB,,Y_GE15,,_T,,OBS,,2021,,110.9,,,,AGE_SEX_STANDARD,,,,1,,,,,,,,0,
DATAFLOW,OECD.ELS.HD:DSD_HCQO@DF_PC(1.1),,I,HRV,,A,,ADMRCHFL,,10P5HB,,Y_GE15,,_T,,OBS,,2022,,115.5,,,,AGE_SEX_STANDARD,,,,1,,,,,,,,0,
DATAFLOW,OECD.ELS.HD:DSD_HCQO@DF_PC(1.1),,I,HRV,,A,,ADMRCHFL,,10P5HB,,Y_GE15,,_T,,OBS,,2023,,118.9,,,,AGE_SEX_STANDARD,,,,1,,,,,,,,0,
DATAFLOW,OECD.ELS.HD:DSD_HCQO@DF_PC(1.1),,I,MLT,,A,,ADMRCHFL,,10P5HB,,Y_GE15,,_T,,OBS,,2015,,407.5,,,,AGE_SEX_STANDARD,,,,1,,,,,,,,0,
DATAFLOW,OECD.ELS.HD:DSD_HCQO@DF_PC(1.1),,I,MLT,,A,,ADMRCHFL,,10P5HB,,Y_GE15,,_T,,OBS,,2016,,360.5,,,,AGE_SEX_STANDARD,,,,1,,,,,,,,0,
DATAFLOW,OECD.ELS.HD:DSD_HCQO@DF_PC(1.1),,I,MLT,,A,,ADMRCHFL,,10P5HB,,Y_GE15,,_T,,OBS,,2017,,428.6,,,,AGE_SEX_STANDARD,,,,1,,,,,,,,0,
DATAFLOW,OECD.ELS.HD:DSD_HCQO@DF_PC(1.1),,I,MLT,,A,,ADMRCHFL,,10P5HB,,Y_GE15,,_T,,OBS,,2018,,377.9,,,,AGE_SEX_STANDARD,,,,1,,,,,,,,0,
DATAFLOW,OECD.ELS.HD:DSD_HCQO@DF_PC(1.1),,I,MLT,,A,,ADMRCHFL,,10P5HB,,Y_GE15,,_T,,OBS,,2019,,370.1,,,,AGE_SEX_STANDARD,,,,1,,,,,,,,0,
DATAFLOW,OECD.ELS.HD:DSD_HCQO@DF_PC(1.1),,I,MLT,,A,,ADMRCHFL,,10P5HB,,Y_GE15,,_T,,OBS,,2020,,281.3,,,,AGE_SEX_STANDARD,,,,1,,,,,,,,0,
DATAFLOW,OECD.ELS.HD:DSD_HCQO@DF_PC(1.1),,I,MLT,,A,,ADMRCHFL,,10P5HB,,Y_GE15,,_T,,OBS,,2021,,294.3,,,,AGE_SEX_STANDARD,,,,1,,,,,,,,0,
DATAFLOW,OECD.ELS.HD:DSD_HCQO@DF_PC(1.1),,I,MLT,,A,,ADMRCHFL,,10P5HB,,Y_GE15,,_T,,OBS,,2022,,382,,,,AGE_SEX_STANDARD,,,,1,,,,,,,,0,
DATAFLOW,OECD.ELS.HD:DSD_HCQO@DF_PC(1.1),,I,ROU,,A,,ADMRCHFL,,10P5HB,,Y_GE15,,_T,,OBS,,2022,,113.2,,,,AGE_SEX_STANDARD,,,,1,,,,,,,,0,
DATAFLOW,OECD.ELS.HD:DSD_HCQO@DF_PC(1.1),,I,ROU,,A,,ADMRCHFL,,10P5HB,,Y_GE15,,_T,,OBS,,2023,,136,,,,AGE_SEX_STANDARD,,,,1,,,,,,,,0,
DATAFLOW,OECD.ELS.HD:DSD_HCQO@DF_PC(1.1),,I,ROU,,A,,ADMRCHFL,,10P5HB,,Y_GE15,,_T,,OBS,,2024,,144.4,,,,AGE_SEX_STANDARD,,,,1,,,,,,,,0,
DATAFLOW,OECD.ELS.HD:DSD_HCQO@DF_PC(1.1),,I,SGP,,A,,ADMRCHFL,,10P5HB,,Y_GE15,,_T,,OBS,,2017,,234.3,,,,AGE_SEX_STANDARD,,,,1,,,,,,,,0,
DATAFLOW,OECD.ELS.HD:DSD_HCQO@DF_PC(1.1),,I,SGP,,A,,ADMRCHFL,,10P5HB,,Y_GE15,,_T,,OBS,,2018,,230,,,,AGE_SEX_STANDARD,,,,1,,,,,,,,0,
DATAFLOW,OECD.ELS.HD:DSD_HCQO@DF_PC(1.1),,I,SGP,,A,,ADMRCHFL,,10P5HB,,Y_GE15,,_T,,OBS,,2019,,196.1,,,,AGE_SEX_STANDARD,,,,1,,,,,,,,0,
DATAFLOW,OECD.ELS.HD:DSD_HCQO@DF_PC(1.1),,I,SGP,,A,,ADMRCHFL,,10P5HB,,Y_GE15,,_T,,OBS,,2020,,172.7,,,,AGE_SEX_STANDARD,,,,1,,,,,,,,0,
DATAFLOW,OECD.ELS.HD:DSD_HCQO@DF_PC(1.1),,I,SGP,,A,,ADMRCHFL,,10P5HB,,Y_GE15,,_T,,OBS,,2021,,184,,,,AGE_SEX_STANDARD,,,,1,,,,,,,,0,
DATAFLOW,OECD.ELS.HD:DSD_HCQO@DF_PC(1.1),,I,SGP,,A,,ADMRCHFL,,10P5HB,,Y_GE15,,_T,,OBS,,2022,,186.4,,,,AGE_SEX_STANDARD,,,,1,,,,,,,,0,
DATAFLOW,OECD.ELS.HD:DSD_HCQO@DF_PC(1.1),,I,SGP,,A,,ADMRCHFL,,10P5HB,,Y_GE15,,_T,,OBS,,2023,,185.1,,,,AGE_SEX_STANDARD,,,,1,,,,,,,,0,
DATAFLOW,OECD.ELS.HD:DSD_HCQO@DF_PC(1.1),,I,AUT,,A,,ADMRDBUC,,10P5HB,,Y_GE15,,_T,,OBS,,2015,,203.9,,,,AGE_SEX_STANDARD,,,,1,,,,,,,,0,
DATAFLOW,OECD.ELS.HD:DSD_HCQO@DF_PC(1.1),,I,AUT,,A,,ADMRDBUC,,10P5HB,,Y_GE15,,_T,,OBS,,2016,,195.8,,,,AGE_SEX_STANDARD,,,,1,,,,,,,,0,
DATAFLOW,OECD.ELS.HD:DSD_HCQO@DF_PC(1.1),,I,AUT,,A,,ADMRDBUC,,10P5HB,,Y_GE15,,_T,,OBS,,2017,,179.4,,,,AGE_SEX_STANDARD,,,,1,,,,,,,,0,
DATAFLOW,OECD.ELS.HD:DSD_HCQO@DF_PC(1.1),,I,AUT,,A,,ADMRDBUC,,10P5HB,,Y_GE15,,_T,,OBS,,2018,,169.7,,,,AGE_SEX_STANDARD,,,,1,,,,,,,,0,
DATAFLOW,OECD.ELS.HD:DSD_HCQO@DF_PC(1.1),,I,AUT,,A,,ADMRDBUC,,10P5HB,,Y_GE15,,_T,,OBS,,2019,,161.3,,,,AGE_SEX_STANDARD,,,,1,,,,,,,,0,
DATAFLOW,OECD.ELS.HD:DSD_HCQO@DF_PC(1.1),,I,AUT,,A,,ADMRDBUC,,10P5HB,,Y_GE15,,_T,,OBS,,2020,,118.7,,,,AGE_SEX_STANDARD,,,,1,,,,,,,,0,
DATAFLOW,OECD.ELS.HD:DSD_HCQO@DF_PC(1.1),,I,AUT,,A,,ADMRDBUC,,10P5HB,,Y_GE15,,_T,,OBS,,2021,,119.5,,,,AGE_SEX_STANDARD,,,,1,,,,,,,,0,
DATAFLOW,OECD.ELS.HD:DSD_HCQO@DF_PC(1.1),,I,AUT,,A,,ADMRDBUC,,10P5HB,,Y_GE15,,_T,,OBS,,2022,,109.7,,,,AGE_SEX_STANDARD,,,,1,,,,,,,,0,
DATAFLOW,OECD.ELS.HD:DSD_HCQO@DF_PC(1.1),,I,AUT,,A,,ADMRDBUC,,10P5HB,,Y_GE15,,_T,,OBS,,2023,,109.5,,,,AGE_SEX_STANDARD,,,,1,,,,,,,,0,
DATAFLOW,OECD.ELS.HD:DSD_HCQO@DF_PC(1.1),,I,CAN,,A,,ADMRDBUC,,10P5HB,,Y_GE15,,_T,,OBS,,2015,,96.7,,,,AGE_SEX_STANDARD,,,,1,,,,,,,,0,
DATAFLOW,OECD.ELS.HD:DSD_HCQO@DF_PC(1.1),,I,CAN,,A,,ADMRDBUC,,10P5HB,,Y_GE15,,_T,,OBS,,2016,,95.9,,,,AGE_SEX_STANDARD,,,,1,,,,,,,,0,
DATAFLOW,OECD.ELS.HD:DSD_HCQO@DF_PC(1.1),,I,CAN,,A,,ADMRDBUC,,10P5HB,,Y_GE15,,_T,,OBS,,2017,,98.8,,,,AGE_SEX_STANDARD,,,,1,,,,,,,,0,
DATAFLOW,OECD.ELS.HD:DSD_HCQO@DF_PC(1.1),,I,CAN,,A,,ADMRDBUC,,10P5HB,,Y_GE15,,_T,,OBS,,2018,,100.9,,,,AGE_SEX_STANDARD,,,,1,,,,,,,,0,
DATAFLOW,OECD.ELS.HD:DSD_HCQO@DF_PC(1.1),,I,CAN,,A,,ADMRDBUC,,10P5HB,,Y_GE15,,_T,,OBS,,2019,,98.9,,,,AGE_SEX_STANDARD,,,,1,,,,,,,,0,
DATAFLOW,OECD.ELS.HD:DSD_HCQO@DF_PC(1.1),,I,CAN,,A,,ADMRDBUC,,10P5HB,,Y_GE15,,_T,,OBS,,2020,,94.1,,,,AGE_SEX_STANDARD,,,,1,,,,,,,,0,
DATAFLOW,OECD.ELS.HD:DSD_HCQO@DF_PC(1.1),,I,CAN,,A,,ADMRDBUC,,10P5HB,,Y_GE15,,_T,,OBS,,2021,,93.8,,,,AGE_SEX_STANDARD,,,,1,,,,,,,,0,
DATAFLOW,OECD.ELS.HD:DSD_HCQO@DF_PC(1.1),,I,CAN,,A,,ADMRDBUC,,10P5HB,,Y_GE15,,_T,,OBS,,2022,,93.6,,,,AGE_SEX_STANDARD,,,,1,,,,,,,,0,
DATAFLOW,OECD.ELS.HD:DSD_HCQO@DF_PC(1.1),,I,CAN,,A,,ADMRDBUC,,10P5HB,,Y_GE15,,_T,,OBS,,2023,,93.3,,,,AGE_SEX_STANDARD,,,,1,,,,,,,,0,
DATAFLOW,OECD.ELS.HD:DSD_HCQO@DF_PC(1.1),,I,CZE,,A,,ADMRDBUC,,10P5HB,,Y_GE15,,_T,,OBS,,2015,,187.1,,,,AGE_SEX_STANDARD,,,,1,,,,,,,,0,
DATAFLOW,OECD.ELS.HD:DSD_HCQO@DF_PC(1.1),,I,CZE,,A,,ADMRDBUC,,10P5HB,,Y_GE15,,_T,,OBS,,2016,,174.7,,,,AGE_SEX_STANDARD,,,,1,,,,,,,,0,
DATAFLOW,OECD.ELS.HD:DSD_HCQO@DF_PC(1.1),,I,CZE,,A,,ADMRDBUC,,10P5HB,,Y_GE15,,_T,,OBS,,2017,,163.3,,,,AGE_SEX_STANDARD,,,,1,,,,,,,,0,
DATAFLOW,OECD.ELS.HD:DSD_HCQO@DF_PC(1.1),,I,CZE,,A,,ADMRDBUC,,10P5HB,,Y_GE15,,_T,,OBS,,2018,,155.3,,,,AGE_SEX_STANDARD,,,,1,,,,,,,,0,
DATAFLOW,OECD.ELS.HD:DSD_HCQO@DF_PC(1.1),,I,CZE,,A,,ADMRDBUC,,10P5HB,,Y_GE15,,_T,,OBS,,2019,,153.6,,,,AGE_SEX_STANDARD,,,,1,,,,,,,,0,
DATAFLOW,OECD.ELS.HD:DSD_HCQO@DF_PC(1.1),,I,CZE,,A,,ADMRDBUC,,10P5HB,,Y_GE15,,_T,,OBS,,2020,,127.4,,,,AGE_SEX_STANDARD,,,,1,,,,,,,,0,
DATAFLOW,OECD.ELS.HD:DSD_HCQO@DF_PC(1.1),,I,CZE,,A,,ADMRDBUC,,10P5HB,,Y_GE15,,_T,,OBS,,2021,,100.7,,,,AGE_SEX_STANDARD,,,,1,,,,,,,,0,
DATAFLOW,OECD.ELS.HD:DSD_HCQO@DF_PC(1.1),,I,CZE,,A,,ADMRDBUC,,10P5HB,,Y_GE15,,_T,,OBS,,2022,,99.5,,,,AGE_SEX_STANDARD,,,,1,,,,,,,,0,
DATAFLOW,OECD.ELS.HD:DSD_HCQO@DF_PC(1.1),,I,CZE,,A,,ADMRDBUC,,10P5HB,,Y_GE15,,_T,,OBS,,2023,,97,,,,AGE_SEX_STANDARD,,,,1,,,,,,,,0,
DATAFLOW,OECD.ELS.HD:DSD_HCQO@DF_PC(1.1),,I,DNK,,A,,ADMRDBUC,,10P5HB,,Y_GE15,,_T,,OBS,,2015,,142.5,,,,AGE_SEX_STANDARD,,,,1,,,,,,,,0,
DATAFLOW,OECD.ELS.HD:DSD_HCQO@DF_PC(1.1),,I,DNK,,A,,ADMRDBUC,,10P5HB,,Y_GE15,,_T,,OBS,,2016,,138.6,,,,AGE_SEX_STANDARD,,,,1,,,,,,,,0,
DATAFLOW,OECD.ELS.HD:DSD_HCQO@DF_PC(1.1),,I,DNK,,A,,ADMRDBUC,,10P5HB,,Y_GE15,,_T,,OBS,,2017,,129.8,,,,AGE_SEX_STANDARD,,,,1,,,,,,,,0,
DATAFLOW,OECD.ELS.HD:DSD_HCQO@DF_PC(1.1),,I,DNK,,A,,ADMRDBUC,,10P5HB,,Y_GE15,,_T,,OBS,,2018,,124.6,,,,AGE_SEX_STANDARD,,,,1,,,,,,,,0,
DATAFLOW,OECD.ELS.HD:DSD_HCQO@DF_PC(1.1),,I,DNK,,A,,ADMRDBUC,,10P5HB,,Y_GE15,,_T,,OBS,,2019,,122.5,,,,AGE_SEX_STANDARD,,,,1,,,,,,,,0,
DATAFLOW,OECD.ELS.HD:DSD_HCQO@DF_PC(1.1),,I,DNK,,A,,ADMRDBUC,,10P5HB,,Y_GE15,,_T,,OBS,,2020,,110.8,,,,AGE_SEX_STANDARD,,,,1,,,,,,,,0,
DATAFLOW,OECD.ELS.HD:DSD_HCQO@DF_PC(1.1),,I,DNK,,A,,ADMRDBUC,,10P5HB,,Y_GE15,,_T,,OBS,,2021,,101.9,,,,AGE_SEX_STANDARD,,,,1,,,,,,,,0,
DATAFLOW,OECD.ELS.HD:DSD_HCQO@DF_PC(1.1),,I,DNK,,A,,ADMRDBUC,,10P5HB,,Y_GE15,,_T,,OBS,,2022,,94.1,,,,AGE_SEX_STANDARD,,,,1,,,,,,,,0,
DATAFLOW,OECD.ELS.HD:DSD_HCQO@DF_PC(1.1),,I,DNK,,A,,ADMRDBUC,,10P5HB,,Y_GE15,,_T,,OBS,,2023,,89.9,,,,AGE_SEX_STANDARD,,,,1,,,,,,,,0,
DATAFLOW,OECD.ELS.HD:DSD_HCQO@DF_PC(1.1),,I,DNK,,A,,ADMRDBUC,,10P5HB,,Y_GE15,,_T,,OBS,,2024,,87.9,,,,AGE_SEX_STANDARD,,,,1,,,,,,,,0,
DATAFLOW,OECD.ELS.HD:DSD_HCQO@DF_PC(1.1),,I,EST,,A,,ADMRDBUC,,10P5HB,,Y_GE15,,_T,,OBS,,2015,,134.1,,,,AGE_SEX_STANDARD,,,,1,,,,,,,,0,
DATAFLOW,OECD.ELS.HD:DSD_HCQO@DF_PC(1.1),,I,EST,,A,,ADMRDBUC,,10P5HB,,Y_GE15,,_T,,OBS,,2016,,123.4,,,,AGE_SEX_STANDARD,,,,1,,,,,,,,0,
DATAFLOW,OECD.ELS.HD:DSD_HCQO@DF_PC(1.1),,I,EST,,A,,ADMRDBUC,,10P5HB,,Y_GE15,,_T,,OBS,,2017,,111.2,,,,AGE_SEX_STANDARD,,,,1,,,,,,,,0,
DATAFLOW,OECD.ELS.HD:DSD_HCQO@DF_PC(1.1),,I,EST,,A,,ADMRDBUC,,10P5HB,,Y_GE15,,_T,,OBS,,2018,,103.3,,,,AGE_SEX_STANDARD,,,,1,,,,,,,,0,
DATAFLOW,OECD.ELS.HD:DSD_HCQO@DF_PC(1.1),,I,EST,,A,,ADMRDBUC,,10P5HB,,Y_GE15,,_T,,OBS,,2019,,107.1,,,,AGE_SEX_STANDARD,,,,1,,,,,,,,0,
DATAFLOW,OECD.ELS.HD:DSD_HCQO@DF_PC(1.1),,I,EST,,A,,ADMRDBUC,,10P5HB,,Y_GE15,,_T,,OBS,,2020,,98.1,,,,AGE_SEX_STANDARD,,,,1,,,,,,,,0,
DATAFLOW,OECD.ELS.HD:DSD_HCQO@DF_PC(1.1),,I,EST,,A,,ADMRDBUC,,10P5HB,,Y_GE15,,_T,,OBS,,2021,,79.9,,,,AGE_SEX_STANDARD,,,,1,,,,,,,,0,
DATAFLOW,OECD.ELS.HD:DSD_HCQO@DF_PC(1.1),,I,EST,,A,,ADMRDBUC,,10P5HB,,Y_GE15,,_T,,OBS,,2022,,85.6,,,,AGE_SEX_STANDARD,,,,1,,,,,,,,0,
DATAFLOW,OECD.ELS.HD:DSD_HCQO@DF_PC(1.1),,I,EST,,A,,ADMRDBUC,,10P5HB,,Y_GE15,,_T,,OBS,,2023,,93.3,,,,AGE_SEX_STANDARD,,,,1,,,,,,,,0,
DATAFLOW,OECD.ELS.HD:DSD_HCQO@DF_PC(1.1),,I,FIN,,A,,ADMRDBUC,,10P5HB,,Y_GE15,,_T,,OBS,,2015,,119.2,,,,AGE_SEX_STANDARD,,,,1,,,,,,,,0,
DATAFLOW,OECD.ELS.HD:DSD_HCQO@DF_PC(1.1),,I,FIN,,A,,ADMRDBUC,,10P5HB,,Y_GE15,,_T,,OBS,,2016,,117.3,,,,AGE_SEX_STANDARD,,,,1,,,,,,,,0,
DATAFLOW,OECD.ELS.HD:DSD_HCQO@DF_PC(1.1),,I,FIN,,A,,ADMRDBUC,,10P5HB,,Y_GE15,,_T,,OBS,,2017,,120.3,,,,AGE_SEX_STANDARD,,,,1,,,,,,,,0,
DATAFLOW,OECD.ELS.HD:DSD_HCQO@DF_PC(1.1),,I,FIN,,A,,ADMRDBUC,,10P5HB,,Y_GE15,,_T,,OBS,,2018,,114.5,,,,AGE_SEX_STANDARD,,,,1,,,,,,,,0,
DATAFLOW,OECD.ELS.HD:DSD_HCQO@DF_PC(1.1),,I,FIN,,A,,ADMRDBUC,,10P5HB,,Y_GE15,,_T,,OBS,,2019,,115.8,,,,AGE_SEX_STANDARD,,,,1,,,,,,,,0,
DATAFLOW,OECD.ELS.HD:DSD_HCQO@DF_PC(1.1),,I,FIN,,A,,ADMRDBUC,,10P5HB,,Y_GE15,,_T,,OBS,,2020,,110.8,,,,AGE_SEX_STANDARD,,,,1,,,,,,,,0,
DATAFLOW,OECD.ELS.HD:DSD_HCQO@DF_PC(1.1),,I,FIN,,A,,ADMRDBUC,,10P5HB,,Y_GE15,,_T,,OBS,,2021,,108.6,,,,AGE_SEX_STANDARD,,,,1,,,,,,,,0,
DATAFLOW,OECD.ELS.HD:DSD_HCQO@DF_PC(1.1),,I,FIN,,A,,ADMRDBUC,,10P5HB,,Y_GE15,,_T,,OBS,,2022,,90.9,,,,AGE_SEX_STANDARD,,,,1,,,,,,,,0,
DATAFLOW,OECD.ELS.HD:DSD_HCQO@DF_PC(1.1),,I,FIN,,A,,ADMRDBUC,,10P5HB,,Y_GE15,,_T,,OBS,,2023,,84.9,,,,AGE_SEX_STANDARD,,,,1,,,,,,,,0,
DATAFLOW,OECD.ELS.HD:DSD_HCQO@DF_PC(1.1),,I,DEU,,A,,ADMRDBUC,,10P5HB,,Y_GE15,,_T,,OBS,,2015,,228,,,,AGE_SEX_STANDARD,,,,1,,,,,,,,0,
DATAFLOW,OECD.ELS.HD:DSD_HCQO@DF_PC(1.1),,I,DEU,,A,,ADMRDBUC,,10P5HB,,Y_GE15,,_T,,OBS,,2017,,218.5,,,,AGE_SEX_STANDARD,,,,1,,,,,,,,0,
DATAFLOW,OECD.ELS.HD:DSD_HCQO@DF_PC(1.1),,I,DEU,,A,,ADMRDBUC,,10P5HB,,Y_GE15,,_T,,OBS,,2019,,214.6,,,,AGE_SEX_STANDARD,,,,1,,,,,,,,0,
DATAFLOW,OECD.ELS.HD:DSD_HCQO@DF_PC(1.1),,I,DEU,,A,,ADMRDBUC,,10P5HB,,Y_GE15,,_T,,OBS,,2021,,171.8,,,,AGE_SEX_STANDARD,,,,1,,,,,,,,0,
DATAFLOW,OECD.ELS.HD:DSD_HCQO@DF_PC(1.1),,I,DEU,,A,,ADMRDBUC,,10P5HB,,Y_GE15,,_T,,OBS,,2023,,179.5,,,,AGE_SEX_STANDARD,,,,1,,,,,,,,0,
DATAFLOW,OECD.ELS.HD:DSD_HCQO@DF_PC(1.1),,I,IRL,,A,,ADMRDBUC,,10P5HB,,Y_GE15,,_T,,OBS,,2015,,92.5,,,,AGE_SEX_STANDARD,,,,1,,,,,,,,0,
DATAFLOW,OECD.ELS.HD:DSD_HCQO@DF_PC(1.1),,I,IRL,,A,,ADMRDBUC,,10P5HB,,Y_GE15,,_T,,OBS,,2016,,93.6,,,,AGE_SEX_STANDARD,,,,1,,,,,,,,0,
DATAFLOW,OECD.ELS.HD:DSD_HCQO@DF_PC(1.1),,I,IRL,,A,,ADMRDBUC,,10P5HB,,Y_GE15,,_T,,OBS,,2017,,90.7,,,,AGE_SEX_STANDARD,,,,1,,,,,,,,0,
DATAFLOW,OECD.ELS.HD:DSD_HCQO@DF_PC(1.1),,I,IRL,,A,,ADMRDBUC,,10P5HB,,Y_GE15,,_T,,OBS,,2018,,90.4,,,,AGE_SEX_STANDARD,,,,1,,,,,,,,0,
DATAFLOW,OECD.ELS.HD:DSD_HCQO@DF_PC(1.1),,I,IRL,,A,,ADMRDBUC,,10P5HB,,Y_GE15,,_T,,OBS,,2019,,96.7,,,,AGE_SEX_STANDARD,,,,1,,,,,,,,0,
DATAFLOW,OECD.ELS.HD:DSD_HCQO@DF_PC(1.1),,I,IRL,,A,,ADMRDBUC,,10P5HB,,Y_GE15,,_T,,OBS,,2020,,87.7,,,,AGE_SEX_STANDARD,,,,1,,,,,,,,0,
DATAFLOW,OECD.ELS.HD:DSD_HCQO@DF_PC(1.1),,I,IRL,,A,,ADMRDBUC,,10P5HB,,Y_GE15,,_T,,OBS,,2021,,93.7,,,,AGE_SEX_STANDARD,,,,1,,,,,,,,0,
DATAFLOW,OECD.ELS.HD:DSD_HCQO@DF_PC(1.1),,I,IRL,,A,,ADMRDBUC,,10P5HB,,Y_GE15,,_T,,OBS,,2022,,91,,,,AGE_SEX_STANDARD,,,,1,,,,,,,,0,
DATAFLOW,OECD.ELS.HD:DSD_HCQO@DF_PC(1.1),,I,IRL,,A,,ADMRDBUC,,10P5HB,,Y_GE15,,_T,,OBS,,2023,,93.3,,,,AGE_SEX_STANDARD,,,,1,,,,,,,,0,
DATAFLOW,OECD.ELS.HD:DSD_HCQO@DF_PC(1.1),,I,ISR,,A,,ADMRDBUC,,10P5HB,,Y_GE15,,_T,,OBS,,2015,,70.1,,,,AGE_SEX_STANDARD,,,,1,,,,,,,,0,
DATAFLOW,OECD.ELS.HD:DSD_HCQO@DF_PC(1.1),,I,ISR,,A,,ADMRDBUC,,10P5HB,,Y_GE15,,_T,,OBS,,2016,,68.8,,,,AGE_SEX_STANDARD,,,,1,,,,,,,,0,
DATAFLOW,OECD.ELS.HD:DSD_HCQO@DF_PC(1.1),,I,ISR,,A,,ADMRDBUC,,10P5HB,,Y_GE15,,_T,,OBS,,2017,,73.7,,,,AGE_SEX_STANDARD,,,,1,,,,,,,,0,
DATAFLOW,OECD.ELS.HD:DSD_HCQO@DF_PC(1.1),,I,ISR,,A,,ADMRDBUC,,10P5HB,,Y_GE15,,_T,,OBS,,2018,,72.7,,,,AGE_SEX_STANDARD,,,,1,,,,,,,,0,
DATAFLOW,OECD.ELS.HD:DSD_HCQO@DF_PC(1.1),,I,ISR,,A,,ADMRDBUC,,10P5HB,,Y_GE15,,_T,,OBS,,2019,,76.6,,,,AGE_SEX_STANDARD,,,,1,,,,,,,,0,
DATAFLOW,OECD.ELS.HD:DSD_HCQO@DF_PC(1.1),,I,ISR,,A,,ADMRDBUC,,10P5HB,,Y_GE15,,_T,,OBS,,2020,,67.6,,,,AGE_SEX_STANDARD,,,,1,,,,,,,,0,
DATAFLOW,OECD.ELS.HD:DSD_HCQO@DF_PC(1.1),,I,ISR,,A,,ADMRDBUC,,10P5HB,,Y_GE15,,_T,,OBS,,2021,,85.8,,,,AGE_SEX_STANDARD,,,,1,,,,,,,,0,
DATAFLOW,OECD.ELS.HD:DSD_HCQO@DF_PC(1.1),,I,ISR,,A,,ADMRDBUC,,10P5HB,,Y_GE15,,_T,,OBS,,2022,,89.4,,,,AGE_SEX_STANDARD,,,,1,,,,,,,,0,
DATAFLOW,OECD.ELS.HD:DSD_HCQO@DF_PC(1.1),,I,ISR,,A,,ADMRDBUC,,10P5HB,,Y_GE15,,_T,,OBS,,2023,,84,,,,AGE_SEX_STANDARD,,,,1,,,,,,,,0,
DATAFLOW,OECD.ELS.HD:DSD_HCQO@DF_PC(1.1),,I,ITA,,A,,ADMRDBUC,,10P5HB,,Y_GE15,,_T,,OBS,,2022,,31.3,,,,AGE_SEX_STANDARD,,,,1,,,,,,,,0,
DATAFLOW,OECD.ELS.HD:DSD_HCQO@DF_PC(1.1),,I,ITA,,A,,ADMRDBUC,,10P5HB,,Y_GE15,,_T,,OBS,,2023,,30.7,,,,AGE_SEX_STANDARD,,,,1,,,,,,,,0,
DATAFLOW,OECD.ELS.HD:DSD_HCQO@DF_PC(1.1),,I,KOR,,A,,ADMRDBUC,,10P5HB,,Y_GE15,,_T,,OBS,,2015,,222.8,,,,AGE_SEX_STANDARD,,,,1,,,,,,,,0,
DATAFLOW,OECD.ELS.HD:DSD_HCQO@DF_PC(1.1),,I,KOR,,A,,ADMRDBUC,,10P5HB,,Y_GE15,,_T,,OBS,,2016,,221,,,,AGE_SEX_STANDARD,,,,1,,,,,,,,0,
DATAFLOW,OECD.ELS.HD:DSD_HCQO@DF_PC(1.1),,I,KOR,,A,,ADMRDBUC,,10P5HB,,Y_GE15,,_T,,OBS,,2017,,212.2,,,,AGE_SEX_STANDARD,,,,1,,,,,,,,0,
DATAFLOW,OECD.ELS.HD:DSD_HCQO@DF_PC(1.1),,I,KOR,,A,,ADMRDBUC,,10P5HB,,Y_GE15,,_T,,OBS,,2018,,207.6,,,,AGE_SEX_STANDARD,,,,1,,,,,,,,0,
DATAFLOW,OECD.ELS.HD:DSD_HCQO@DF_PC(1.1),,I,KOR,,A,,ADMRDBUC,,10P5HB,,Y_GE15,,_T,,OBS,,2019,,198.4,,,,AGE_SEX_STANDARD,,,,1,,,,,,,,0,
DATAFLOW,OECD.ELS.HD:DSD_HCQO@DF_PC(1.1),,I,KOR,,A,,ADMRDBUC,,10P5HB,,Y_GE15,,_T,,OBS,,2020,,171.7,,,,AGE_SEX_STANDARD,,,,1,,,,,,,,0,
DATAFLOW,OECD.ELS.HD:DSD_HCQO@DF_PC(1.1),,I,KOR,,A,,ADMRDBUC,,10P5HB,,Y_GE15,,_T,,OBS,,2021,,169.7,,,,AGE_SEX_STANDARD,,,,1,,,,,,,,0,
DATAFLOW,OECD.ELS.HD:DSD_HCQO@DF_PC(1.1),,I,KOR,,A,,ADMRDBUC,,10P5HB,,Y_GE15,,_T,,OBS,,2022,,176,,,,AGE_SEX_STANDARD,,,,1,,,,,,,,0,
DATAFLOW,OECD.ELS.HD:DSD_HCQO@DF_PC(1.1),,I,KOR,,A,,ADMRDBUC,,10P5HB,,Y_GE15,,_T,,OBS,,2023,,159.3,,,,AGE_SEX_STANDARD,,,,1,,,,,,,,0,
DATAFLOW,OECD.ELS.HD:DSD_HCQO@DF_PC(1.1),,I,LVA,,A,,ADMRDBUC,,10P5HB,,Y_GE15,,_T,,OBS,,2015,,123,,,,AGE_SEX_STANDARD,,,,1,,,,,,,,0,
DATAFLOW,OECD.ELS.HD:DSD_HCQO@DF_PC(1.1),,I,LVA,,A,,ADMRDBUC,,10P5HB,,Y_GE15,,_T,,OBS,,2016,,127.3,,,,AGE_SEX_STANDARD,,,,1,,,,,,,,0,
DATAFLOW,OECD.ELS.HD:DSD_HCQO@DF_PC(1.1),,I,LVA,,A,,ADMRDBUC,,10P5HB,,Y_GE15,,_T,,OBS,,2017,,129.9,,,,AGE_SEX_STANDARD,,,,1,,,,,,,,0,
DATAFLOW,OECD.ELS.HD:DSD_HCQO@DF_PC(1.1),,I,LVA,,A,,ADMRDBUC,,10P5HB,,Y_GE15,,_T,,OBS,,2018,,141.8,,,,AGE_SEX_STANDARD,,,,1,,,,,,,,0,
DATAFLOW,OECD.ELS.HD:DSD_HCQO@DF_PC(1.1),,I,LVA,,A,,ADMRDBUC,,10P5HB,,Y_GE15,,_T,,OBS,,2019,,141.5,,,,AGE_SEX_STANDARD,,,,1,,,,,,,,0,
DATAFLOW,OECD.ELS.HD:DSD_HCQO@DF_PC(1.1),,I,LVA,,A,,ADMRDBUC,,10P5HB,,Y_GE15,,_T,,OBS,,2020,,123.4,,,,AGE_SEX_STANDARD,,,,1,,,,,,,,0,
DATAFLOW,OECD.ELS.HD:DSD_HCQO@DF_PC(1.1),,I,LVA,,A,,ADMRDBUC,,10P5HB,,Y_GE15,,_T,,OBS,,2021,,100.1,,,,AGE_SEX_STANDARD,,,,1,,,,,,,,0,
DATAFLOW,OECD.ELS.HD:DSD_HCQO@DF_PC(1.1),,I,LVA,,A,,ADMRDBUC,,10P5HB,,Y_GE15,,_T,,OBS,,2022,,115.8,,,,AGE_SEX_STANDARD,,,,1,,,,,,,,0,
DATAFLOW,OECD.ELS.HD:DSD_HCQO@DF_PC(1.1),,I,LVA,,A,,ADMRDBUC,,10P5HB,,Y_GE15,,_T,,OBS,,2023,,154.7,,,,AGE_SEX_STANDARD,,,,1,,,,,,,,0,
DATAFLOW,OECD.ELS.HD:DSD_HCQO@DF_PC(1.1),,I,LTU,,A,,ADMRDBUC,,10P5HB,,Y_GE15,,_T,,OBS,,2015,,254.5,,,,AGE_SEX_STANDARD,,,,1,,,,,,,,0,
DATAFLOW,OECD.ELS.HD:DSD_HCQO@DF_PC(1.1),,I,LTU,,A,,ADMRDBUC,,10P5HB,,Y_GE15,,_T,,OBS,,2016,,259.1,,,,AGE_SEX_STANDARD,,,,1,,,,,,,,0,
DATAFLOW,OECD.ELS.HD:DSD_HCQO@DF_PC(1.1),,I,LTU,,A,,ADMRDBUC,,10P5HB,,Y_GE15,,_T,,OBS,,2017,,222.2,,,,AGE_SEX_STANDARD,,,,1,,,,,,,,0,
DATAFLOW,OECD.ELS.HD:DSD_HCQO@DF_PC(1.1),,I,LTU,,A,,ADMRDBUC,,10P5HB,,Y_GE15,,_T,,OBS,,2018,,226.3,,,,AGE_SEX_STANDARD,,,,1,,,,,,,,0,
DATAFLOW,OECD.ELS.HD:DSD_HCQO@DF_PC(1.1),,I,LTU,,A,,ADMRDBUC,,10P5HB,,Y_GE15,,_T,,OBS,,2019,,222.3,,,,AGE_SEX_STANDARD,,,,1,,,,,,,,0,
DATAFLOW,OECD.ELS.HD:DSD_HCQO@DF_PC(1.1),,I,LTU,,A,,ADMRDBUC,,10P5HB,,Y_GE15,,_T,,OBS,,2020,,144.6,,,,AGE_SEX_STANDARD,,,,1,,,,,,,,0,
DATAFLOW,OECD.ELS.HD:DSD_HCQO@DF_PC(1.1),,I,LTU,,A,,ADMRDBUC,,10P5HB,,Y_GE15,,_T,,OBS,,2021,,152.2,,,,AGE_SEX_STANDARD,,,,1,,,,,,,,0,
DATAFLOW,OECD.ELS.HD:DSD_HCQO@DF_PC(1.1),,I,LTU,,A,,ADMRDBUC,,10P5HB,,Y_GE15,,_T,,OBS,,2022,,172.9,,,,AGE_SEX_STANDARD,,,,1,,,,,,,,0,
DATAFLOW,OECD.ELS.HD:DSD_HCQO@DF_PC(1.1),,I,LTU,,A,,ADMRDBUC,,10P5HB,,Y_GE15,,_T,,OBS,,2023,,186.3,,,,AGE_SEX_STANDARD,,,,1,,,,,,,,0,
DATAFLOW,OECD.ELS.HD:DSD_HCQO@DF_PC(1.1),,I,LTU,,A,,ADMRDBUC,,10P5HB,,Y_GE15,,_T,,OBS,,2024,,181.2,,,,AGE_SEX_STANDARD,,,,1,,,,,,,,0,
DATAFLOW,OECD.ELS.HD:DSD_HCQO@DF_PC(1.1),,I,LUX,,A,,ADMRDBUC,,10P5HB,,Y_GE15,,_T,,OBS,,2022,,152.7,,,,AGE_SEX_STANDARD,,,,1,,,,,,,,0,
DATAFLOW,OECD.ELS.HD:DSD_HCQO@DF_PC(1.1),,I,LUX,,A,,ADMRDBUC,,10P5HB,,Y_GE15,,_T,,OBS,,2023,,155.7,,,,AGE_SEX_STANDARD,,,,1,,,,,,,,0,
DATAFLOW,OECD.ELS.HD:DSD_HCQO@DF_PC(1.1),,I,NOR,,A,,ADMRDBUC,,10P5HB,,Y_GE15,,_T,,OBS,,2021,,63.5,,,,AGE_SEX_STANDARD,,,,1,,,,,,,,0,
DATAFLOW,OECD.ELS.HD:DSD_HCQO@DF_PC(1.1),,I,NOR,,A,,ADMRDBUC,,10P5HB,,Y_GE15,,_T,,OBS,,2022,,62.1,,,,AGE_SEX_STANDARD,,,,1,,,,,,,,0,
DATAFLOW,OECD.ELS.HD:DSD_HCQO@DF_PC(1.1),,I,NOR,,A,,ADMRDBUC,,10P5HB,,Y_GE15,,_T,,OBS,,2023,,59.6,,,,AGE_SEX_STANDARD,,,,1,,,,,,,,0,
DATAFLOW,OECD.ELS.HD:DSD_HCQO@DF_PC(1.1),,I,NOR,,A,,ADMRDBUC,,10P5HB,,Y_GE15,,_T,,OBS,,2024,,62.1,,,,AGE_SEX_STANDARD,,,,1,,,,,,,,0,
DATAFLOW,OECD.ELS.HD:DSD_HCQO@DF_PC(1.1),,I,POL,,A,,ADMRDBUC,,10P5HB,,Y_GE15,,_T,,OBS,,2020,,110.2,,,,AGE_SEX_STANDARD,,,,1,,,,,,,,0,
DATAFLOW,OECD.ELS.HD:DSD_HCQO@DF_PC(1.1),,I,POL,,A,,ADMRDBUC,,10P5HB,,Y_GE15,,_T,,OBS,,2021,,117.7,,,,AGE_SEX_STANDARD,,,,1,,,,,,,,0,
DATAFLOW,OECD.ELS.HD:DSD_HCQO@DF_PC(1.1),,I,POL,,A,,ADMRDBUC,,10P5HB,,Y_GE15,,_T,,OBS,,2022,,125.2,,,,AGE_SEX_STANDARD,,,,1,,,,,,,,0,
DATAFLOW,OECD.ELS.HD:DSD_HCQO@DF_PC(1.1),,I,POL,,A,,ADMRDBUC,,10P5HB,,Y_GE15,,_T,,OBS,,2023,,160.1,,,,AGE_SEX_STANDARD,,,,1,,,,,,,,0,
DATAFLOW,OECD.ELS.HD:DSD_HCQO@DF_PC(1.1),,I,SVK,,A,,ADMRDBUC,,10P5HB,,Y_GE15,,_T,,OBS,,2022,,177.2,,,,AGE_SEX_STANDARD,,,,1,,,,,,,,0,
DATAFLOW,OECD.ELS.HD:DSD_HCQO@DF_PC(1.1),,I,SVK,,A,,ADMRDBUC,,10P5HB,,Y_GE15,,_T,,OBS,,2023,,182.8,,,,AGE_SEX_STANDARD,,,,1,,,,,,,,0,
DATAFLOW,OECD.ELS.HD:DSD_HCQO@DF_PC(1.1),,I,SVN,,A,,ADMRDBUC,,10P5HB,,Y_GE15,,_T,,OBS,,2015,,91.7,,,,AGE_SEX_STANDARD,,,,1,,,,,,,,0,
DATAFLOW,OECD.ELS.HD:DSD_HCQO@DF_PC(1.1),,I,SVN,,A,,ADMRDBUC,,10P5HB,,Y_GE15,,_T,,OBS,,2016,,103.9,,,,AGE_SEX_STANDARD,,,,1,,,,,,,,0,
DATAFLOW,OECD.ELS.HD:DSD_HCQO@DF_PC(1.1),,I,SVN,,A,,ADMRDBUC,,10P5HB,,Y_GE15,,_T,,OBS,,2017,,107.2,,,,AGE_SEX_STANDARD,,,,1,,,,,,,,0,
DATAFLOW,OECD.ELS.HD:DSD_HCQO@DF_PC(1.1),,I,SVN,,A,,ADMRDBUC,,10P5HB,,Y_GE15,,_T,,OBS,,2018,,112,,,,AGE_SEX_STANDARD,,,,1,,,,,,,,0,
DATAFLOW,OECD.ELS.HD:DSD_HCQO@DF_PC(1.1),,I,SVN,,A,,ADMRDBUC,,10P5HB,,Y_GE15,,_T,,OBS,,2019,,112.2,,,,AGE_SEX_STANDARD,,,,1,,,,,,,,0,
DATAFLOW,OECD.ELS.HD:DSD_HCQO@DF_PC(1.1),,I,SVN,,A,,ADMRDBUC,,10P5HB,,Y_GE15,,_T,,OBS,,2020,,90.7,,,,AGE_SEX_STANDARD,,,,1,,,,,,,,0,
DATAFLOW,OECD.ELS.HD:DSD_HCQO@DF_PC(1.1),,I,SVN,,A,,ADMRDBUC,,10P5HB,,Y_GE15,,_T,,OBS,,2021,,88.4,,,,AGE_SEX_STANDARD,,,,1,,,,,,,,0,
DATAFLOW,OECD.ELS.HD:DSD_HCQO@DF_PC(1.1),,I,SVN,,A,,ADMRDBUC,,10P5HB,,Y_GE15,,_T,,OBS,,2022,,82.5,,,,AGE_SEX_STANDARD,,,,1,,,,,,,,0,
DATAFLOW,OECD.ELS.HD:DSD_HCQO@DF_PC(1.1),,I,SVN,,A,,ADMRDBUC,,10P5HB,,Y_GE15,,_T,,OBS,,2023,,94.3,,,,AGE_SEX_STANDARD,,,,1,,,,,,,,0,
DATAFLOW,OECD.ELS.HD:DSD_HCQO@DF_PC(1.1),,I,ESP,,A,,ADMRDBUC,,10P5HB,,Y_GE15,,_T,,OBS,,2015,,48.6,,,,AGE_SEX_STANDARD,,,,1,,,,,,,,0,
DATAFLOW,OECD.ELS.HD:DSD_HCQO@DF_PC(1.1),,I,ESP,,A,,ADMRDBUC,,10P5HB,,Y_GE15,,_T,,OBS,,2016,,45.8,,,,AGE_SEX_STANDARD,,,,1,,,,,,,,0,
DATAFLOW,OECD.ELS.HD:DSD_HCQO@DF_PC(1.1),,I,ESP,,A,,ADMRDBUC,,10P5HB,,Y_GE15,,_T,,OBS,,2017,,46.9,,,,AGE_SEX_STANDARD,,,,1,,,,,,,,0,
DATAFLOW,OECD.ELS.HD:DSD_HCQO@DF_PC(1.1),,I,ESP,,A,,ADMRDBUC,,10P5HB,,Y_GE15,,_T,,OBS,,2018,,51.4,,,,AGE_SEX_STANDARD,,,,1,,,,,,,,0,
DATAFLOW,OECD.ELS.HD:DSD_HCQO@DF_PC(1.1),,I,ESP,,A,,ADMRDBUC,,10P5HB,,Y_GE15,,_T,,OBS,,2019,,52.3,,,,AGE_SEX_STANDARD,,,,1,,,,,,,,0,
DATAFLOW,OECD.ELS.HD:DSD_HCQO@DF_PC(1.1),,I,ESP,,A,,ADMRDBUC,,10P5HB,,Y_GE15,,_T,,OBS,,2020,,52,,,,AGE_SEX_STANDARD,,,,1,,,,,,,,0,
DATAFLOW,OECD.ELS.HD:DSD_HCQO@DF_PC(1.1),,I,ESP,,A,,ADMRDBUC,,10P5HB,,Y_GE15,,_T,,OBS,,2021,,56.8,,,,AGE_SEX_STANDARD,,,,1,,,,,,,,0,
DATAFLOW,OECD.ELS.HD:DSD_HCQO@DF_PC(1.1),,I,ESP,,A,,ADMRDBUC,,10P5HB,,Y_GE15,,_T,,OBS,,2022,,59.8,,,,AGE_SEX_STANDARD,,,,1,,,,,,,,0,
DATAFLOW,OECD.ELS.HD:DSD_HCQO@DF_PC(1.1),,I,ESP,,A,,ADMRDBUC,,10P5HB,,Y_GE15,,_T,,OBS,,2023,,62,,,,AGE_SEX_STANDARD,,,,1,,,,,,,,0,
DATAFLOW,OECD.ELS.HD:DSD_HCQO@DF_PC(1.1),,I,SWE,,A,,ADMRDBUC,,10P5HB,,Y_GE15,,_T,,OBS,,2015,,94.8,,,,AGE_SEX_STANDARD,,,,1,,,,,,,,0,
DATAFLOW,OECD.ELS.HD:DSD_HCQO@DF_PC(1.1),,I,SWE,,A,,ADMRDBUC,,10P5HB,,Y_GE15,,_T,,OBS,,2016,,86.1,,,,AGE_SEX_STANDARD,,,,1,,,,,,,,0,
DATAFLOW,OECD.ELS.HD:DSD_HCQO@DF_PC(1.1),,I,SWE,,A,,ADMRDBUC,,10P5HB,,Y_GE15,,_T,,OBS,,2017,,78.3,,,,AGE_SEX_STANDARD,,,,1,,,,,,,,0,
DATAFLOW,OECD.ELS.HD:DSD_HCQO@DF_PC(1.1),,I,SWE,,A,,ADMRDBUC,,10P5HB,,Y_GE15,,_T,,OBS,,2018,,77.9,,,,AGE_SEX_STANDARD,,,,1,,,,,,,,0,
DATAFLOW,OECD.ELS.HD:DSD_HCQO@DF_PC(1.1),,I,SWE,,A,,ADMRDBUC,,10P5HB,,Y_GE15,,_T,,OBS,,2019,,74.6,,,,AGE_SEX_STANDARD,,,,1,,,,,,,,0,
DATAFLOW,OECD.ELS.HD:DSD_HCQO@DF_PC(1.1),,I,SWE,,A,,ADMRDBUC,,10P5HB,,Y_GE15,,_T,,OBS,,2020,,67.7,,,,AGE_SEX_STANDARD,,,,1,,,,,,,,0,
DATAFLOW,OECD.ELS.HD:DSD_HCQO@DF_PC(1.1),,I,SWE,,A,,ADMRDBUC,,10P5HB,,Y_GE15,,_T,,OBS,,2021,,68.1,,,,AGE_SEX_STANDARD,,,,1,,,,,,,,0,
DATAFLOW,OECD.ELS.HD:DSD_HCQO@DF_PC(1.1),,I,SWE,,A,,ADMRDBUC,,10P5HB,,Y_GE15,,_T,,OBS,,2022,,64.9,,,,AGE_SEX_STANDARD,,,,1,,,,,,,,0,
DATAFLOW,OECD.ELS.HD:DSD_HCQO@DF_PC(1.1),,I,SWE,,A,,ADMRDBUC,,10P5HB,,Y_GE15,,_T,,OBS,,2023,,60.4,,,,AGE_SEX_STANDARD,,,,1,,,,,,,,0,
DATAFLOW,OECD.ELS.HD:DSD_HCQO@DF_PC(1.1),,I,GBR,,A,,ADMRDBUC,,10P5HB,,Y_GE15,,_T,,OBS,,2015,,73.2,,,,AGE_SEX_STANDARD,,,,1,,,,,,,,0,
DATAFLOW,OECD.ELS.HD:DSD_HCQO@DF_PC(1.1),,I,GBR,,A,,ADMRDBUC,,10P5HB,,Y_GE15,,_T,,OBS,,2016,,72.5,,,,AGE_SEX_STANDARD,,,,1,,,,,,,,0,
DATAFLOW,OECD.ELS.HD:DSD_HCQO@DF_PC(1.1),,I,GBR,,A,,ADMRDBUC,,10P5HB,,Y_GE15,,_T,,OBS,,2017,,74.6,,,,AGE_SEX_STANDARD,,,,1,,,,,,,,0,
DATAFLOW,OECD.ELS.HD:DSD_HCQO@DF_PC(1.1),,I,GBR,,A,,ADMRDBUC,,10P5HB,,Y_GE15,,_T,,OBS,,2018,,79.2,,,,AGE_SEX_STANDARD,,,,1,,,,,,,,0,
DATAFLOW,OECD.ELS.HD:DSD_HCQO@DF_PC(1.1),,I,GBR,,A,,ADMRDBUC,,10P5HB,,Y_GE15,,_T,,OBS,,2019,,81.7,,,,AGE_SEX_STANDARD,,,,1,,,,,,,,0,
DATAFLOW,OECD.ELS.HD:DSD_HCQO@DF_PC(1.1),,I,GBR,,A,,ADMRDBUC,,10P5HB,,Y_GE15,,_T,,OBS,,2020,,73,,,,AGE_SEX_STANDARD,,,,1,,,,,,,,0,
DATAFLOW,OECD.ELS.HD:DSD_HCQO@DF_PC(1.1),,I,GBR,,A,,ADMRDBUC,,10P5HB,,Y_GE15,,_T,,OBS,,2021,,79.6,,,,AGE_SEX_STANDARD,,,,1,,,,,,,,0,
DATAFLOW,OECD.ELS.HD:DSD_HCQO@DF_PC(1.1),,I,GBR,,A,,ADMRDBUC,,10P5HB,,Y_GE15,,_T,,OBS,,2023,,82.1,,,,AGE_SEX_STANDARD,,,,1,,,,,,,,0,
DATAFLOW,OECD.ELS.HD:DSD_HCQO@DF_PC(1.1),,I,USA,,A,,ADMRDBUC,,10P5HB,,Y_GE15,,_T,,OBS,,2021,,223,,,,AGE_SEX_STANDARD,,,,1,,,,,,,,0,
DATAFLOW,OECD.ELS.HD:DSD_HCQO@DF_PC(1.1),,I,USA,,A,,ADMRDBUC,,10P5HB,,Y_GE15,,_T,,OBS,,2022,,223.4,,,,AGE_SEX_STANDARD,,,,1,,,,,,,,0,
DATAFLOW,OECD.ELS.HD:DSD_HCQO@DF_PC(1.1),,I,HRV,,A,,ADMRDBUC,,10P5HB,,Y_GE15,,_T,,OBS,,2018,,176,,,,AGE_SEX_STANDARD,,,,1,,,,,,,,0,
DATAFLOW,OECD.ELS.HD:DSD_HCQO@DF_PC(1.1),,I,HRV,,A,,ADMRDBUC,,10P5HB,,Y_GE15,,_T,,OBS,,2019,,165.3,,,,AGE_SEX_STANDARD,,,,1,,,,,,,,0,
DATAFLOW,OECD.ELS.HD:DSD_HCQO@DF_PC(1.1),,I,HRV,,A,,ADMRDBUC,,10P5HB,,Y_GE15,,_T,,OBS,,2020,,100.2,,,,AGE_SEX_STANDARD,,,,1,,,,,,,,0,
DATAFLOW,OECD.ELS.HD:DSD_HCQO@DF_PC(1.1),,I,HRV,,A,,ADMRDBUC,,10P5HB,,Y_GE15,,_T,,OBS,,2021,,89.8,,,,AGE_SEX_STANDARD,,,,1,,,,,,,,0,
DATAFLOW,OECD.ELS.HD:DSD_HCQO@DF_PC(1.1),,I,HRV,,A,,ADMRDBUC,,10P5HB,,Y_GE15,,_T,,OBS,,2022,,97.6,,,,AGE_SEX_STANDARD,,,,1,,,,,,,,0,
DATAFLOW,OECD.ELS.HD:DSD_HCQO@DF_PC(1.1),,I,HRV,,A,,ADMRDBUC,,10P5HB,,Y_GE15,,_T,,OBS,,2023,,91.3,,,,AGE_SEX_STANDARD,,,,1,,,,,,,,0,
DATAFLOW,OECD.ELS.HD:DSD_HCQO@DF_PC(1.1),,I,MLT,,A,,ADMRDBUC,,10P5HB,,Y_GE15,,_T,,OBS,,2015,,182.8,,,,AGE_SEX_STANDARD,,,,1,,,,,,,,0,
DATAFLOW,OECD.ELS.HD:DSD_HCQO@DF_PC(1.1),,I,MLT,,A,,ADMRDBUC,,10P5HB,,Y_GE15,,_T,,OBS,,2016,,170.4,,,,AGE_SEX_STANDARD,,,,1,,,,,,,,0,
DATAFLOW,OECD.ELS.HD:DSD_HCQO@DF_PC(1.1),,I,MLT,,A,,ADMRDBUC,,10P5HB,,Y_GE15,,_T,,OBS,,2017,,225.8,,,,AGE_SEX_STANDARD,,,,1,,,,,,,,0,
DATAFLOW,OECD.ELS.HD:DSD_HCQO@DF_PC(1.1),,I,MLT,,A,,ADMRDBUC,,10P5HB,,Y_GE15,,_T,,OBS,,2018,,192.3,,,,AGE_SEX_STANDARD,,,,1,,,,,,,,0,
DATAFLOW,OECD.ELS.HD:DSD_HCQO@DF_PC(1.1),,I,MLT,,A,,ADMRDBUC,,10P5HB,,Y_GE15,,_T,,OBS,,2019,,182.1,,,,AGE_SEX_STANDARD,,,,1,,,,,,,,0,
DATAFLOW,OECD.ELS.HD:DSD_HCQO@DF_PC(1.1),,I,MLT,,A,,ADMRDBUC,,10P5HB,,Y_GE15,,_T,,OBS,,2020,,136,,,,AGE_SEX_STANDARD,,,,1,,,,,,,,0,
DATAFLOW,OECD.ELS.HD:DSD_HCQO@DF_PC(1.1),,I,MLT,,A,,ADMRDBUC,,10P5HB,,Y_GE15,,_T,,OBS,,2021,,145.7,,,,AGE_SEX_STANDARD,,,,1,,,,,,,,0,
DATAFLOW,OECD.ELS.HD:DSD_HCQO@DF_PC(1.1),,I,MLT,,A,,ADMRDBUC,,10P5HB,,Y_GE15,,_T,,OBS,,2022,,141.2,,,,AGE_SEX_STANDARD,,,,1,,,,,,,,0,
DATAFLOW,OECD.ELS.HD:DSD_HCQO@DF_PC(1.1),,I,ROU,,A,,ADMRDBUC,,10P5HB,,Y_GE15,,_T,,OBS,,2022,,192.3,,,,AGE_SEX_STANDARD,,,,1,,,,,,,,0,
DATAFLOW,OECD.ELS.HD:DSD_HCQO@DF_PC(1.1),,I,ROU,,A,,ADMRDBUC,,10P5HB,,Y_GE15,,_T,,OBS,,2023,,227.6,,,,AGE_SEX_STANDARD,,,,1,,,,,,,,0,
DATAFLOW,OECD.ELS.HD:DSD_HCQO@DF_PC(1.1),,I,ROU,,A,,ADMRDBUC,,10P5HB,,Y_GE15,,_T,,OBS,,2024,,231.5,,,,AGE_SEX_STANDARD,,,,1,,,,,,,,0,
DATAFLOW,OECD.ELS.HD:DSD_HCQO@DF_PC(1.1),,I,SGP,,A,,ADMRDBUC,,10P5HB,,Y_GE15,,_T,,OBS,,2017,,489.5,,,,AGE_SEX_STANDARD,,,,1,,,,,,,,0,
DATAFLOW,OECD.ELS.HD:DSD_HCQO@DF_PC(1.1),,I,SGP,,A,,ADMRDBUC,,10P5HB,,Y_GE15,,_T,,OBS,,2018,,472.5,,,,AGE_SEX_STANDARD,,,,1,,,,,,,,0,
DATAFLOW,OECD.ELS.HD:DSD_HCQO@DF_PC(1.1),,I,SGP,,A,,ADMRDBUC,,10P5HB,,Y_GE15,,_T,,OBS,,2019,,441.4,,,,AGE_SEX_STANDARD,,,,1,,,,,,,,0,
DATAFLOW,OECD.ELS.HD:DSD_HCQO@DF_PC(1.1),,I,SGP,,A,,ADMRDBUC,,10P5HB,,Y_GE15,,_T,,OBS,,2020,,394.8,,,,AGE_SEX_STANDARD,,,,1,,,,,,,,0,
DATAFLOW,OECD.ELS.HD:DSD_HCQO@DF_PC(1.1),,I,SGP,,A,,ADMRDBUC,,10P5HB,,Y_GE15,,_T,,OBS,,2021,,411.4,,,,AGE_SEX_STANDARD,,,,1,,,,,,,,0,
DATAFLOW,OECD.ELS.HD:DSD_HCQO@DF_PC(1.1),,I,SGP,,A,,ADMRDBUC,,10P5HB,,Y_GE15,,_T,,OBS,,2022,,405.9,,,,AGE_SEX_STANDARD,,,,1,,,,,,,,0,
DATAFLOW,OECD.ELS.HD:DSD_HCQO@DF_PC(1.1),,I,SGP,,A,,ADMRDBUC,,10P5HB,,Y_GE15,,_T,,OBS,,2023,,422.3,,,,AGE_SEX_STANDARD,,,,1,,,,,,,,0,
DATAFLOW,OECD.ELS.HD:DSD_HCQO@DF_PC(1.1),,I,AUT,,A,,ASCOCOMP,,10P5HB,,Y_GE15,,_T,,OBS,,2015,,279.6,,,,AGE_SEX_STANDARD,,,,1,,,,,,,,0,
DATAFLOW,OECD.ELS.HD:DSD_HCQO@DF_PC(1.1),,I,AUT,,A,,ASCOCOMP,,10P5HB,,Y_GE15,,_T,,OBS,,2016,,263.1,,,,AGE_SEX_STANDARD,,,,1,,,,,,,,0,
DATAFLOW,OECD.ELS.HD:DSD_HCQO@DF_PC(1.1),,I,AUT,,A,,ASCOCOMP,,10P5HB,,Y_GE15,,_T,,OBS,,2017,,261.5,,,,AGE_SEX_STANDARD,,,,1,,,,,,,,0,
DATAFLOW,OECD.ELS.HD:DSD_HCQO@DF_PC(1.1),,I,AUT,,A,,ASCOCOMP,,10P5HB,,Y_GE15,,_T,,OBS,,2018,,231.9,,,,AGE_SEX_STANDARD,,,,1,,,,,,,,0,
DATAFLOW,OECD.ELS.HD:DSD_HCQO@DF_PC(1.1),,I,AUT,,A,,ASCOCOMP,,10P5HB,,Y_GE15,,_T,,OBS,,2019,,225.4,,,,AGE_SEX_STANDARD,,,,1,,,,,,,,0,
DATAFLOW,OECD.ELS.HD:DSD_HCQO@DF_PC(1.1),,I,AUT,,A,,ASCOCOMP,,10P5HB,,Y_GE15,,_T,,OBS,,2020,,154.3,,,,AGE_SEX_STANDARD,,,,1,,,,,,,,0,
DATAFLOW,OECD.ELS.HD:DSD_HCQO@DF_PC(1.1),,I,AUT,,A,,ASCOCOMP,,10P5HB,,Y_GE15,,_T,,OBS,,2021,,141.9,,,,AGE_SEX_STANDARD,,,,1,,,,,,,,0,
DATAFLOW,OECD.ELS.HD:DSD_HCQO@DF_PC(1.1),,I,AUT,,A,,ASCOCOMP,,10P5HB,,Y_GE15,,_T,,OBS,,2022,,150.4,,,,AGE_SEX_STANDARD,,,,1,,,,,,,,0,
DATAFLOW,OECD.ELS.HD:DSD_HCQO@DF_PC(1.1),,I,AUT,,A,,ASCOCOMP,,10P5HB,,Y_GE15,,_T,,OBS,,2023,,155.1,,,,AGE_SEX_STANDARD,,,,1,,,,,,,,0,
DATAFLOW,OECD.ELS.HD:DSD_HCQO@DF_PC(1.1),,I,CAN,,A,,ASCOCOMP,,10P5HB,,Y_GE15,,_T,,OBS,,2015,,265.5,,,,AGE_SEX_STANDARD,,,,1,,,,,,,,0,
DATAFLOW,OECD.ELS.HD:DSD_HCQO@DF_PC(1.1),,I,CAN,,A,,ASCOCOMP,,10P5HB,,Y_GE15,,_T,,OBS,,2016,,267.8,,,,AGE_SEX_STANDARD,,,,1,,,,,,,,0,
DATAFLOW,OECD.ELS.HD:DSD_HCQO@DF_PC(1.1),,I,CAN,,A,,ASCOCOMP,,10P5HB,,Y_GE15,,_T,,OBS,,2017,,271.2,,,,AGE_SEX_STANDARD,,,,1,,,,,,,,0,
DATAFLOW,OECD.ELS.HD:DSD_HCQO@DF_PC(1.1),,I,CAN,,A,,ASCOCOMP,,10P5HB,,Y_GE15,,_T,,OBS,,2018,,256.5,,,,AGE_SEX_STANDARD,,,,1,,,,,,,,0,
DATAFLOW,OECD.ELS.HD:DSD_HCQO@DF_PC(1.1),,I,CAN,,A,,ASCOCOMP,,10P5HB,,Y_GE15,,_T,,OBS,,2019,,243.4,,,,AGE_SEX_STANDARD,,,,1,,,,,,,,0,
DATAFLOW,OECD.ELS.HD:DSD_HCQO@DF_PC(1.1),,I,CAN,,A,,ASCOCOMP,,10P5HB,,Y_GE15,,_T,,OBS,,2020,,125.5,,,,AGE_SEX_STANDARD,,,,1,,,,,,,,0,
DATAFLOW,OECD.ELS.HD:DSD_HCQO@DF_PC(1.1),,I,CAN,,A,,ASCOCOMP,,10P5HB,,Y_GE15,,_T,,OBS,,2021,,132.3,,,,AGE_SEX_STANDARD,,,,1,,,,,,,,0,
DATAFLOW,OECD.ELS.HD:DSD_HCQO@DF_PC(1.1),,I,CAN,,A,,ASCOCOMP,,10P5HB,,Y_GE15,,_T,,OBS,,2022,,176.1,,,,AGE_SEX_STANDARD,,,,1,,,,,,,,0,
DATAFLOW,OECD.ELS.HD:DSD_HCQO@DF_PC(1.1),,I,CAN,,A,,ASCOCOMP,,10P5HB,,Y_GE15,,_T,,OBS,,2023,,188.8,,,,AGE_SEX_STANDARD,,,,1,,,,,,,,0,
DATAFLOW,OECD.ELS.HD:DSD_HCQO@DF_PC(1.1),,I,CZE,,A,,ASCOCOMP,,10P5HB,,Y_GE15,,_T,,OBS,,2015,,201.8,,,,AGE_SEX_STANDARD,,,,1,,,,,,,,0,
DATAFLOW,OECD.ELS.HD:DSD_HCQO@DF_PC(1.1),,I,CZE,,A,,ASCOCOMP,,10P5HB,,Y_GE15,,_T,,OBS,,2016,,182.7,,,,AGE_SEX_STANDARD,,,,1,,,,,,,,0,
DATAFLOW,OECD.ELS.HD:DSD_HCQO@DF_PC(1.1),,I,CZE,,A,,ASCOCOMP,,10P5HB,,Y_GE15,,_T,,OBS,,2017,,184.2,,,,AGE_SEX_STANDARD,,,,1,,,,,,,,0,
DATAFLOW,OECD.ELS.HD:DSD_HCQO@DF_PC(1.1),,I,CZE,,A,,ASCOCOMP,,10P5HB,,Y_GE15,,_T,,OBS,,2018,,173.4,,,,AGE_SEX_STANDARD,,,,1,,,,,,,,0,
DATAFLOW,OECD.ELS.HD:DSD_HCQO@DF_PC(1.1),,I,CZE,,A,,ASCOCOMP,,10P5HB,,Y_GE15,,_T,,OBS,,2019,,165.6,,,,AGE_SEX_STANDARD,,,,1,,,,,,,,0,
DATAFLOW,OECD.ELS.HD:DSD_HCQO@DF_PC(1.1),,I,CZE,,A,,ASCOCOMP,,10P5HB,,Y_GE15,,_T,,OBS,,2020,,124.5,,,,AGE_SEX_STANDARD,,,,1,,,,,,,,0,
DATAFLOW,OECD.ELS.HD:DSD_HCQO@DF_PC(1.1),,I,CZE,,A,,ASCOCOMP,,10P5HB,,Y_GE15,,_T,,OBS,,2021,,119.3,,,,AGE_SEX_STANDARD,,,,1,,,,,,,,0,
DATAFLOW,OECD.ELS.HD:DSD_HCQO@DF_PC(1.1),,I,CZE,,A,,ASCOCOMP,,10P5HB,,Y_GE15,,_T,,OBS,,2022,,147,,,,AGE_SEX_STANDARD,,,,1,,,,,,,,0,
DATAFLOW,OECD.ELS.HD:DSD_HCQO@DF_PC(1.1),,I,CZE,,A,,ASCOCOMP,,10P5HB,,Y_GE15,,_T,,OBS,,2023,,140.1,,,,AGE_SEX_STANDARD,,,,1,,,,,,,,0,
DATAFLOW,OECD.ELS.HD:DSD_HCQO@DF_PC(1.1),,I,DNK,,A,,ASCOCOMP,,10P5HB,,Y_GE15,,_T,,OBS,,2015,,386.3,,,,AGE_SEX_STANDARD,,,,1,,,,,,,,0,
DATAFLOW,OECD.ELS.HD:DSD_HCQO@DF_PC(1.1),,I,DNK,,A,,ASCOCOMP,,10P5HB,,Y_GE15,,_T,,OBS,,2016,,379.1,,,,AGE_SEX_STANDARD,,,,1,,,,,,,,0,
DATAFLOW,OECD.ELS.HD:DSD_HCQO@DF_PC(1.1),,I,DNK,,A,,ASCOCOMP,,10P5HB,,Y_GE15,,_T,,OBS,,2017,,381.1,,,,AGE_SEX_STANDARD,,,,1,,,,,,,,0,
DATAFLOW,OECD.ELS.HD:DSD_HCQO@DF_PC(1.1),,I,DNK,,A,,ASCOCOMP,,10P5HB,,Y_GE15,,_T,,OBS,,2018,,358.7,,,,AGE_SEX_STANDARD,,,,1,,,,,,,,0,
DATAFLOW,OECD.ELS.HD:DSD_HCQO@DF_PC(1.1),,I,DNK,,A,,ASCOCOMP,,10P5HB,,Y_GE15,,_T,,OBS,,2019,,375.6,,,,AGE_SEX_STANDARD,,,,1,,,,,,,,0,
DATAFLOW,OECD.ELS.HD:DSD_HCQO@DF_PC(1.1),,I,DNK,,A,,ASCOCOMP,,10P5HB,,Y_GE15,,_T,,OBS,,2020,,290.9,,,,AGE_SEX_STANDARD,,,,1,,,,,,,,0,
DATAFLOW,OECD.ELS.HD:DSD_HCQO@DF_PC(1.1),,I,DNK,,A,,ASCOCOMP,,10P5HB,,Y_GE15,,_T,,OBS,,2021,,278.4,,,,AGE_SEX_STANDARD,,,,1,,,,,,,,0,
DATAFLOW,OECD.ELS.HD:DSD_HCQO@DF_PC(1.1),,I,DNK,,A,,ASCOCOMP,,10P5HB,,Y_GE15,,_T,,OBS,,2022,,282.1,,,,AGE_SEX_STANDARD,,,,1,,,,,,,,0,
DATAFLOW,OECD.ELS.HD:DSD_HCQO@DF_PC(1.1),,I,DNK,,A,,ASCOCOMP,,10P5HB,,Y_GE15,,_T,,OBS,,2023,,278.9,,,,AGE_SEX_STANDARD,,,,1,,,,,,,,0,
DATAFLOW,OECD.ELS.HD:DSD_HCQO@DF_PC(1.1),,I,DNK,,A,,ASCOCOMP,,10P5HB,,Y_GE15,,_T,,OBS,,2024,,281.2,,,,AGE_SEX_STANDARD,,,,1,,,,,,,,0,
DATAFLOW,OECD.ELS.HD:DSD_HCQO@DF_PC(1.1),,I,EST,,A,,ASCOCOMP,,10P5HB,,Y_GE15,,_T,,OBS,,2015,,146.4,,,,AGE_SEX_STANDARD,,,,1,,,,,,,,0,
DATAFLOW,OECD.ELS.HD:DSD_HCQO@DF_PC(1.1),,I,EST,,A,,ASCOCOMP,,10P5HB,,Y_GE15,,_T,,OBS,,2016,,142.1,,,,AGE_SEX_STANDARD,,,,1,,,,,,,,0,
DATAFLOW,OECD.ELS.HD:DSD_HCQO@DF_PC(1.1),,I,EST,,A,,ASCOCOMP,,10P5HB,,Y_GE15,,_T,,OBS,,2017,,130.7,,,,AGE_SEX_STANDARD,,,,1,,,,,,,,0,
DATAFLOW,OECD.ELS.HD:DSD_HCQO@DF_PC(1.1),,I,EST,,A,,ASCOCOMP,,10P5HB,,Y_GE15,,_T,,OBS,,2018,,114.4,,,,AGE_SEX_STANDARD,,,,1,,,,,,,,0,
DATAFLOW,OECD.ELS.HD:DSD_HCQO@DF_PC(1.1),,I,EST,,A,,ASCOCOMP,,10P5HB,,Y_GE15,,_T,,OBS,,2019,,116.6,,,,AGE_SEX_STANDARD,,,,1,,,,,,,,0,
DATAFLOW,OECD.ELS.HD:DSD_HCQO@DF_PC(1.1),,I,EST,,A,,ASCOCOMP,,10P5HB,,Y_GE15,,_T,,OBS,,2020,,80.7,,,,AGE_SEX_STANDARD,,,,1,,,,,,,,0,
DATAFLOW,OECD.ELS.HD:DSD_HCQO@DF_PC(1.1),,I,EST,,A,,ASCOCOMP,,10P5HB,,Y_GE15,,_T,,OBS,,2021,,65.6,,,,AGE_SEX_STANDARD,,,,1,,,,,,,,0,
DATAFLOW,OECD.ELS.HD:DSD_HCQO@DF_PC(1.1),,I,EST,,A,,ASCOCOMP,,10P5HB,,Y_GE15,,_T,,OBS,,2022,,83.5,,,,AGE_SEX_STANDARD,,,,1,,,,,,,,0,
DATAFLOW,OECD.ELS.HD:DSD_HCQO@DF_PC(1.1),,I,EST,,A,,ASCOCOMP,,10P5HB,,Y_GE15,,_T,,OBS,,2023,,82.2,,,,AGE_SEX_STANDARD,,,,1,,,,,,,,0,
DATAFLOW,OECD.ELS.HD:DSD_HCQO@DF_PC(1.1),,I,FIN,,A,,ASCOCOMP,,10P5HB,,Y_GE15,,_T,,OBS,,2015,,183.2,,,,AGE_SEX_STANDARD,,,,1,,,,,,,,0,
DATAFLOW,OECD.ELS.HD:DSD_HCQO@DF_PC(1.1),,I,FIN,,A,,ASCOCOMP,,10P5HB,,Y_GE15,,_T,,OBS,,2016,,176.7,,,,AGE_SEX_STANDARD,,,,1,,,,,,,,0,
DATAFLOW,OECD.ELS.HD:DSD_HCQO@DF_PC(1.1),,I,FIN,,A,,ASCOCOMP,,10P5HB,,Y_GE15,,_T,,OBS,,2017,,191.3,,,,AGE_SEX_STANDARD,,,,1,,,,,,,,0,
DATAFLOW,OECD.ELS.HD:DSD_HCQO@DF_PC(1.1),,I,FIN,,A,,ASCOCOMP,,10P5HB,,Y_GE15,,_T,,OBS,,2018,,173.8,,,,AGE_SEX_STANDARD,,,,1,,,,,,,,0,
DATAFLOW,OECD.ELS.HD:DSD_HCQO@DF_PC(1.1),,I,FIN,,A,,ASCOCOMP,,10P5HB,,Y_GE15,,_T,,OBS,,2019,,181.5,,,,AGE_SEX_STANDARD,,,,1,,,,,,,,0,
DATAFLOW,OECD.ELS.HD:DSD_HCQO@DF_PC(1.1),,I,FIN,,A,,ASCOCOMP,,10P5HB,,Y_GE15,,_T,,OBS,,2020,,141.1,,,,AGE_SEX_STANDARD,,,,1,,,,,,,,0,
DATAFLOW,OECD.ELS.HD:DSD_HCQO@DF_PC(1.1),,I,FIN,,A,,ASCOCOMP,,10P5HB,,Y_GE15,,_T,,OBS,,2021,,126.3,,,,AGE_SEX_STANDARD,,,,1,,,,,,,,0,
DATAFLOW,OECD.ELS.HD:DSD_HCQO@DF_PC(1.1),,I,FIN,,A,,ASCOCOMP,,10P5HB,,Y_GE15,,_T,,OBS,,2022,,112.9,,,,AGE_SEX_STANDARD,,,,1,,,,,,,,0,
DATAFLOW,OECD.ELS.HD:DSD_HCQO@DF_PC(1.1),,I,FIN,,A,,ASCOCOMP,,10P5HB,,Y_GE15,,_T,,OBS,,2023,,115.1,,,,AGE_SEX_STANDARD,,,,1,,,,,,,,0,
DATAFLOW,OECD.ELS.HD:DSD_HCQO@DF_PC(1.1),,I,DEU,,A,,ASCOCOMP,,10P5HB,,Y_GE15,,_T,,OBS,,2015,,301.9,,,,AGE_SEX_STANDARD,,,,1,,,,,,,,0,
DATAFLOW,OECD.ELS.HD:DSD_HCQO@DF_PC(1.1),,I,DEU,,A,,ASCOCOMP,,10P5HB,,Y_GE15,,_T,,OBS,,2017,,308.5,,,,AGE_SEX_STANDARD,,,,1,,,,,,,,0,
DATAFLOW,OECD.ELS.HD:DSD_HCQO@DF_PC(1.1),,I,DEU,,A,,ASCOCOMP,,10P5HB,,Y_GE15,,_T,,OBS,,2019,,299.5,,,,AGE_SEX_STANDARD,,,,1,,,,,,,,0,
DATAFLOW,OECD.ELS.HD:DSD_HCQO@DF_PC(1.1),,I,DEU,,A,,ASCOCOMP,,10P5HB,,Y_GE15,,_T,,OBS,,2021,,193.3,,,,AGE_SEX_STANDARD,,,,1,,,,,,,,0,
DATAFLOW,OECD.ELS.HD:DSD_HCQO@DF_PC(1.1),,I,DEU,,A,,ASCOCOMP,,10P5HB,,Y_GE15,,_T,,OBS,,2023,,250.1,,,,AGE_SEX_STANDARD,,,,1,,,,,,,,0,
DATAFLOW,OECD.ELS.HD:DSD_HCQO@DF_PC(1.1),,I,IRL,,A,,ASCOCOMP,,10P5HB,,Y_GE15,,_T,,OBS,,2015,,436.4,,,,AGE_SEX_STANDARD,,,,1,,,,,,,,0,
DATAFLOW,OECD.ELS.HD:DSD_HCQO@DF_PC(1.1),,I,IRL,,A,,ASCOCOMP,,10P5HB,,Y_GE15,,_T,,OBS,,2016,,439.5,,,,AGE_SEX_STANDARD,,,,1,,,,,,,,0,
DATAFLOW,OECD.ELS.HD:DSD_HCQO@DF_PC(1.1),,I,IRL,,A,,ASCOCOMP,,10P5HB,,Y_GE15,,_T,,OBS,,2017,,417.1,,,,AGE_SEX_STANDARD,,,,1,,,,,,,,0,
DATAFLOW,OECD.ELS.HD:DSD_HCQO@DF_PC(1.1),,I,IRL,,A,,ASCOCOMP,,10P5HB,,Y_GE15,,_T,,OBS,,2018,,414.3,,,,AGE_SEX_STANDARD,,,,1,,,,,,,,0,
DATAFLOW,OECD.ELS.HD:DSD_HCQO@DF_PC(1.1),,I,IRL,,A,,ASCOCOMP,,10P5HB,,Y_GE15,,_T,,OBS,,2019,,401.2,,,,AGE_SEX_STANDARD,,,,1,,,,,,,,0,
DATAFLOW,OECD.ELS.HD:DSD_HCQO@DF_PC(1.1),,I,IRL,,A,,ASCOCOMP,,10P5HB,,Y_GE15,,_T,,OBS,,2020,,287.8,,,,AGE_SEX_STANDARD,,,,1,,,,,,,,0,
DATAFLOW,OECD.ELS.HD:DSD_HCQO@DF_PC(1.1),,I,IRL,,A,,ASCOCOMP,,10P5HB,,Y_GE15,,_T,,OBS,,2021,,246.4,,,,AGE_SEX_STANDARD,,,,1,,,,,,,,0,
DATAFLOW,OECD.ELS.HD:DSD_HCQO@DF_PC(1.1),,I,IRL,,A,,ASCOCOMP,,10P5HB,,Y_GE15,,_T,,OBS,,2022,,288.6,,,,AGE_SEX_STANDARD,,,,1,,,,,,,,0,
DATAFLOW,OECD.ELS.HD:DSD_HCQO@DF_PC(1.1),,I,IRL,,A,,ASCOCOMP,,10P5HB,,Y_GE15,,_T,,OBS,,2023,,306.7,,,,AGE_SEX_STANDARD,,,,1,,,,,,,,0,
DATAFLOW,OECD.ELS.HD:DSD_HCQO@DF_PC(1.1),,I,ISR,,A,,ASCOCOMP,,10P5HB,,Y_GE15,,_T,,OBS,,2015,,266.9,,,,AGE_SEX_STANDARD,,,,1,,,,,,,,0,
DATAFLOW,OECD.ELS.HD:DSD_HCQO@DF_PC(1.1),,I,ISR,,A,,ASCOCOMP,,10P5HB,,Y_GE15,,_T,,OBS,,2016,,241.7,,,,AGE_SEX_STANDARD,,,,1,,,,,,,,0,
DATAFLOW,OECD.ELS.HD:DSD_HCQO@DF_PC(1.1),,I,ISR,,A,,ASCOCOMP,,10P5HB,,Y_GE15,,_T,,OBS,,2017,,238.6,,,,AGE_SEX_STANDARD,,,,1,,,,,,,,0,
DATAFLOW,OECD.ELS.HD:DSD_HCQO@DF_PC(1.1),,I,ISR,,A,,ASCOCOMP,,10P5HB,,Y_GE15,,_T,,OBS,,2018,,229.3,,,,AGE_SEX_STANDARD,,,,1,,,,,,,,0,
DATAFLOW,OECD.ELS.HD:DSD_HCQO@DF_PC(1.1),,I,ISR,,A,,ASCOCOMP,,10P5HB,,Y_GE15,,_T,,OBS,,2019,,215.4,,,,AGE_SEX_STANDARD,,,,1,,,,,,,,0,
DATAFLOW,OECD.ELS.HD:DSD_HCQO@DF_PC(1.1),,I,ISR,,A,,ASCOCOMP,,10P5HB,,Y_GE15,,_T,,OBS,,2020,,124,,,,AGE_SEX_STANDARD,,,,1,,,,,,,,0,
DATAFLOW,OECD.ELS.HD:DSD_HCQO@DF_PC(1.1),,I,ISR,,A,,ASCOCOMP,,10P5HB,,Y_GE15,,_T,,OBS,,2021,,143.5,,,,AGE_SEX_STANDARD,,,,1,,,,,,,,0,
DATAFLOW,OECD.ELS.HD:DSD_HCQO@DF_PC(1.1),,I,ISR,,A,,ASCOCOMP,,10P5HB,,Y_GE15,,_T,,OBS,,2022,,155,,,,AGE_SEX_STANDARD,,,,1,,,,,,,,0,
DATAFLOW,OECD.ELS.HD:DSD_HCQO@DF_PC(1.1),,I,ISR,,A,,ASCOCOMP,,10P5HB,,Y_GE15,,_T,,OBS,,2023,,162.7,,,,AGE_SEX_STANDARD,,,,1,,,,,,,,0,
DATAFLOW,OECD.ELS.HD:DSD_HCQO@DF_PC(1.1),,I,ITA,,A,,ASCOCOMP,,10P5HB,,Y_GE15,,_T,,OBS,,2022,,28.4,,,,AGE_SEX_STANDARD,,,,1,,,,,,,,0,
DATAFLOW,OECD.ELS.HD:DSD_HCQO@DF_PC(1.1),,I,ITA,,A,,ASCOCOMP,,10P5HB,,Y_GE15,,_T,,OBS,,2023,,31.3,,,,AGE_SEX_STANDARD,,,,1,,,,,,,,0,
DATAFLOW,OECD.ELS.HD:DSD_HCQO@DF_PC(1.1),,I,KOR,,A,,ASCOCOMP,,10P5HB,,Y_GE15,,_T,,OBS,,2015,,283.2,,,,AGE_SEX_STANDARD,,,,1,,,,,,,,0,
DATAFLOW,OECD.ELS.HD:DSD_HCQO@DF_PC(1.1),,I,KOR,,A,,ASCOCOMP,,10P5HB,,Y_GE15,,_T,,OBS,,2016,,264.4,,,,AGE_SEX_STANDARD,,,,1,,,,,,,,0,
DATAFLOW,OECD.ELS.HD:DSD_HCQO@DF_PC(1.1),,I,KOR,,A,,ASCOCOMP,,10P5HB,,Y_GE15,,_T,,OBS,,2017,,249.6,,,,AGE_SEX_STANDARD,,,,1,,,,,,,,0,
DATAFLOW,OECD.ELS.HD:DSD_HCQO@DF_PC(1.1),,I,KOR,,A,,ASCOCOMP,,10P5HB,,Y_GE15,,_T,,OBS,,2018,,246.4,,,,AGE_SEX_STANDARD,,,,1,,,,,,,,0,
DATAFLOW,OECD.ELS.HD:DSD_HCQO@DF_PC(1.1),,I,KOR,,A,,ASCOCOMP,,10P5HB,,Y_GE15,,_T,,OBS,,2019,,208.4,,,,AGE_SEX_STANDARD,,,,1,,,,,,,,0,
DATAFLOW,OECD.ELS.HD:DSD_HCQO@DF_PC(1.1),,I,KOR,,A,,ASCOCOMP,,10P5HB,,Y_GE15,,_T,,OBS,,2020,,118.8,,,,AGE_SEX_STANDARD,,,,1,,,,,,,,0,
DATAFLOW,OECD.ELS.HD:DSD_HCQO@DF_PC(1.1),,I,KOR,,A,,ASCOCOMP,,10P5HB,,Y_GE15,,_T,,OBS,,2021,,86.7,,,,AGE_SEX_STANDARD,,,,1,,,,,,,,0,
DATAFLOW,OECD.ELS.HD:DSD_HCQO@DF_PC(1.1),,I,KOR,,A,,ASCOCOMP,,10P5HB,,Y_GE15,,_T,,OBS,,2022,,107.5,,,,AGE_SEX_STANDARD,,,,1,,,,,,,,0,
DATAFLOW,OECD.ELS.HD:DSD_HCQO@DF_PC(1.1),,I,KOR,,A,,ASCOCOMP,,10P5HB,,Y_GE15,,_T,,OBS,,2023,,140.9,,,,AGE_SEX_STANDARD,,,,1,,,,,,,,0,
DATAFLOW,OECD.ELS.HD:DSD_HCQO@DF_PC(1.1),,I,LVA,,A,,ASCOCOMP,,10P5HB,,Y_GE15,,_T,,OBS,,2015,,297.9,,,,AGE_SEX_STANDARD,,,,1,,,,,,,,0,
DATAFLOW,OECD.ELS.HD:DSD_HCQO@DF_PC(1.1),,I,LVA,,A,,ASCOCOMP,,10P5HB,,Y_GE15,,_T,,OBS,,2016,,278.3,,,,AGE_SEX_STANDARD,,,,1,,,,,,,,0,
DATAFLOW,OECD.ELS.HD:DSD_HCQO@DF_PC(1.1),,I,LVA,,A,,ASCOCOMP,,10P5HB,,Y_GE15,,_T,,OBS,,2017,,278.4,,,,AGE_SEX_STANDARD,,,,1,,,,,,,,0,
DATAFLOW,OECD.ELS.HD:DSD_HCQO@DF_PC(1.1),,I,LVA,,A,,ASCOCOMP,,10P5HB,,Y_GE15,,_T,,OBS,,2018,,268.8,,,,AGE_SEX_STANDARD,,,,1,,,,,,,,0,
DATAFLOW,OECD.ELS.HD:DSD_HCQO@DF_PC(1.1),,I,LVA,,A,,ASCOCOMP,,10P5HB,,Y_GE15,,_T,,OBS,,2019,,259.9,,,,AGE_SEX_STANDARD,,,,1,,,,,,,,0,
DATAFLOW,OECD.ELS.HD:DSD_HCQO@DF_PC(1.1),,I,LVA,,A,,ASCOCOMP,,10P5HB,,Y_GE15,,_T,,OBS,,2020,,161.2,,,,AGE_SEX_STANDARD,,,,1,,,,,,,,0,
DATAFLOW,OECD.ELS.HD:DSD_HCQO@DF_PC(1.1),,I,LVA,,A,,ASCOCOMP,,10P5HB,,Y_GE15,,_T,,OBS,,2021,,95.8,,,,AGE_SEX_STANDARD,,,,1,,,,,,,,0,
DATAFLOW,OECD.ELS.HD:DSD_HCQO@DF_PC(1.1),,I,LVA,,A,,ASCOCOMP,,10P5HB,,Y_GE15,,_T,,OBS,,2022,,159.8,,,,AGE_SEX_STANDARD,,,,1,,,,,,,,0,
DATAFLOW,OECD.ELS.HD:DSD_HCQO@DF_PC(1.1),,I,LVA,,A,,ASCOCOMP,,10P5HB,,Y_GE15,,_T,,OBS,,2023,,173.2,,,,AGE_SEX_STANDARD,,,,1,,,,,,,,0,
DATAFLOW,OECD.ELS.HD:DSD_HCQO@DF_PC(1.1),,I,LTU,,A,,ASCOCOMP,,10P5HB,,Y_GE15,,_T,,OBS,,2015,,303.2,,,,AGE_SEX_STANDARD,,,,1,,,,,,,,0,
DATAFLOW,OECD.ELS.HD:DSD_HCQO@DF_PC(1.1),,I,LTU,,A,,ASCOCOMP,,10P5HB,,Y_GE15,,_T,,OBS,,2016,,295.5,,,,AGE_SEX_STANDARD,,,,1,,,,,,,,0,
DATAFLOW,OECD.ELS.HD:DSD_HCQO@DF_PC(1.1),,I,LTU,,A,,ASCOCOMP,,10P5HB,,Y_GE15,,_T,,OBS,,2017,,284.3,,,,AGE_SEX_STANDARD,,,,1,,,,,,,,0,
DATAFLOW,OECD.ELS.HD:DSD_HCQO@DF_PC(1.1),,I,LTU,,A,,ASCOCOMP,,10P5HB,,Y_GE15,,_T,,OBS,,2018,,266.8,,,,AGE_SEX_STANDARD,,,,1,,,,,,,,0,
DATAFLOW,OECD.ELS.HD:DSD_HCQO@DF_PC(1.1),,I,LTU,,A,,ASCOCOMP,,10P5HB,,Y_GE15,,_T,,OBS,,2019,,235,,,,AGE_SEX_STANDARD,,,,1,,,,,,,,0,
DATAFLOW,OECD.ELS.HD:DSD_HCQO@DF_PC(1.1),,I,LTU,,A,,ASCOCOMP,,10P5HB,,Y_GE15,,_T,,OBS,,2020,,116.5,,,,AGE_SEX_STANDARD,,,,1,,,,,,,,0,
DATAFLOW,OECD.ELS.HD:DSD_HCQO@DF_PC(1.1),,I,LTU,,A,,ASCOCOMP,,10P5HB,,Y_GE15,,_T,,OBS,,2021,,86.1,,,,AGE_SEX_STANDARD,,,,1,,,,,,,,0,
DATAFLOW,OECD.ELS.HD:DSD_HCQO@DF_PC(1.1),,I,LTU,,A,,ASCOCOMP,,10P5HB,,Y_GE15,,_T,,OBS,,2022,,124.2,,,,AGE_SEX_STANDARD,,,,1,,,,,,,,0,
DATAFLOW,OECD.ELS.HD:DSD_HCQO@DF_PC(1.1),,I,LTU,,A,,ASCOCOMP,,10P5HB,,Y_GE15,,_T,,OBS,,2023,,137.9,,,,AGE_SEX_STANDARD,,,,1,,,,,,,,0,
DATAFLOW,OECD.ELS.HD:DSD_HCQO@DF_PC(1.1),,I,LTU,,A,,ASCOCOMP,,10P5HB,,Y_GE15,,_T,,OBS,,2024,,134.8,,,,AGE_SEX_STANDARD,,,,1,,,,,,,,0,
DATAFLOW,OECD.ELS.HD:DSD_HCQO@DF_PC(1.1),,I,NOR,,A,,ASCOCOMP,,10P5HB,,Y_GE15,,_T,,OBS,,2021,,200.5,,,,AGE_SEX_STANDARD,,,,1,,,,,,,,0,
DATAFLOW,OECD.ELS.HD:DSD_HCQO@DF_PC(1.1),,I,NOR,,A,,ASCOCOMP,,10P5HB,,Y_GE15,,_T,,OBS,,2022,,213.3,,,,AGE_SEX_STANDARD,,,,1,,,,,,,,0,
DATAFLOW,OECD.ELS.HD:DSD_HCQO@DF_PC(1.1),,I,NOR,,A,,ASCOCOMP,,10P5HB,,Y_GE15,,_T,,OBS,,2023,,206.8,,,,AGE_SEX_STANDARD,,,,1,,,,,,,,0,
DATAFLOW,OECD.ELS.HD:DSD_HCQO@DF_PC(1.1),,I,NOR,,A,,ASCOCOMP,,10P5HB,,Y_GE15,,_T,,OBS,,2024,,214.6,,,,AGE_SEX_STANDARD,,,,1,,,,,,,,0,
DATAFLOW,OECD.ELS.HD:DSD_HCQO@DF_PC(1.1),,I,POL,,A,,ASCOCOMP,,10P5HB,,Y_GE15,,_T,,OBS,,2020,,92.4,,,,AGE_SEX_STANDARD,,,,1,,,,,,,,0,
DATAFLOW,OECD.ELS.HD:DSD_HCQO@DF_PC(1.1),,I,POL,,A,,ASCOCOMP,,10P5HB,,Y_GE15,,_T,,OBS,,2021,,79.8,,,,AGE_SEX_STANDARD,,,,1,,,,,,,,0,
DATAFLOW,OECD.ELS.HD:DSD_HCQO@DF_PC(1.1),,I,POL,,A,,ASCOCOMP,,10P5HB,,Y_GE15,,_T,,OBS,,2022,,112,,,,AGE_SEX_STANDARD,,,,1,,,,,,,,0,
DATAFLOW,OECD.ELS.HD:DSD_HCQO@DF_PC(1.1),,I,POL,,A,,ASCOCOMP,,10P5HB,,Y_GE15,,_T,,OBS,,2023,,127.6,,,,AGE_SEX_STANDARD,,,,1,,,,,,,,0,
DATAFLOW,OECD.ELS.HD:DSD_HCQO@DF_PC(1.1),,I,SVK,,A,,ASCOCOMP,,10P5HB,,Y_GE15,,_T,,OBS,,2022,,106.7,,,,AGE_SEX_STANDARD,,,,1,,,,,,,,0,
DATAFLOW,OECD.ELS.HD:DSD_HCQO@DF_PC(1.1),,I,SVK,,A,,ASCOCOMP,,10P5HB,,Y_GE15,,_T,,OBS,,2023,,131.3,,,,AGE_SEX_STANDARD,,,,1,,,,,,,,0,
DATAFLOW,OECD.ELS.HD:DSD_HCQO@DF_PC(1.1),,I,SVN,,A,,ASCOCOMP,,10P5HB,,Y_GE15,,_T,,OBS,,2015,,155.7,,,,AGE_SEX_STANDARD,,,,1,,,,,,,,0,
DATAFLOW,OECD.ELS.HD:DSD_HCQO@DF_PC(1.1),,I,SVN,,A,,ASCOCOMP,,10P5HB,,Y_GE15,,_T,,OBS,,2016,,140.9,,,,AGE_SEX_STANDARD,,,,1,,,,,,,,0,
DATAFLOW,OECD.ELS.HD:DSD_HCQO@DF_PC(1.1),,I,SVN,,A,,ASCOCOMP,,10P5HB,,Y_GE15,,_T,,OBS,,2017,,136.6,,,,AGE_SEX_STANDARD,,,,1,,,,,,,,0,
DATAFLOW,OECD.ELS.HD:DSD_HCQO@DF_PC(1.1),,I,SVN,,A,,ASCOCOMP,,10P5HB,,Y_GE15,,_T,,OBS,,2018,,132,,,,AGE_SEX_STANDARD,,,,1,,,,,,,,0,
DATAFLOW,OECD.ELS.HD:DSD_HCQO@DF_PC(1.1),,I,SVN,,A,,ASCOCOMP,,10P5HB,,Y_GE15,,_T,,OBS,,2019,,126.8,,,,AGE_SEX_STANDARD,,,,1,,,,,,,,0,
DATAFLOW,OECD.ELS.HD:DSD_HCQO@DF_PC(1.1),,I,SVN,,A,,ASCOCOMP,,10P5HB,,Y_GE15,,_T,,OBS,,2020,,75,,,,AGE_SEX_STANDARD,,,,1,,,,,,,,0,
DATAFLOW,OECD.ELS.HD:DSD_HCQO@DF_PC(1.1),,I,SVN,,A,,ASCOCOMP,,10P5HB,,Y_GE15,,_T,,OBS,,2021,,75.8,,,,AGE_SEX_STANDARD,,,,1,,,,,,,,0,
DATAFLOW,OECD.ELS.HD:DSD_HCQO@DF_PC(1.1),,I,SVN,,A,,ASCOCOMP,,10P5HB,,Y_GE15,,_T,,OBS,,2022,,98.8,,,,AGE_SEX_STANDARD,,,,1,,,,,,,,0,
DATAFLOW,OECD.ELS.HD:DSD_HCQO@DF_PC(1.1),,I,SVN,,A,,ASCOCOMP,,10P5HB,,Y_GE15,,_T,,OBS,,2023,,102.8,,,,AGE_SEX_STANDARD,,,,1,,,,,,,,0,
DATAFLOW,OECD.ELS.HD:DSD_HCQO@DF_PC(1.1),,I,ESP,,A,,ASCOCOMP,,10P5HB,,Y_GE15,,_T,,OBS,,2015,,249.9,,,,AGE_SEX_STANDARD,,,,1,,,,,,,,0,
DATAFLOW,OECD.ELS.HD:DSD_HCQO@DF_PC(1.1),,I,ESP,,A,,ASCOCOMP,,10P5HB,,Y_GE15,,_T,,OBS,,2016,,214.1,,,,AGE_SEX_STANDARD,,,,1,,,,,,,,0,
DATAFLOW,OECD.ELS.HD:DSD_HCQO@DF_PC(1.1),,I,ESP,,A,,ASCOCOMP,,10P5HB,,Y_GE15,,_T,,OBS,,2017,,224,,,,AGE_SEX_STANDARD,,,,1,,,,,,,,0,
DATAFLOW,OECD.ELS.HD:DSD_HCQO@DF_PC(1.1),,I,ESP,,A,,ASCOCOMP,,10P5HB,,Y_GE15,,_T,,OBS,,2018,,238.7,,,,AGE_SEX_STANDARD,,,,1,,,,,,,,0,
DATAFLOW,OECD.ELS.HD:DSD_HCQO@DF_PC(1.1),,I,ESP,,A,,ASCOCOMP,,10P5HB,,Y_GE15,,_T,,OBS,,2019,,225.6,,,,AGE_SEX_STANDARD,,,,1,,,,,,,,0,
DATAFLOW,OECD.ELS.HD:DSD_HCQO@DF_PC(1.1),,I,ESP,,A,,ASCOCOMP,,10P5HB,,Y_GE15,,_T,,OBS,,2020,,148.7,,,,AGE_SEX_STANDARD,,,,1,,,,,,,,0,
DATAFLOW,OECD.ELS.HD:DSD_HCQO@DF_PC(1.1),,I,ESP,,A,,ASCOCOMP,,10P5HB,,Y_GE15,,_T,,OBS,,2021,,132.1,,,,AGE_SEX_STANDARD,,,,1,,,,,,,,0,
DATAFLOW,OECD.ELS.HD:DSD_HCQO@DF_PC(1.1),,I,ESP,,A,,ASCOCOMP,,10P5HB,,Y_GE15,,_T,,OBS,,2022,,168.5,,,,AGE_SEX_STANDARD,,,,1,,,,,,,,0,
DATAFLOW,OECD.ELS.HD:DSD_HCQO@DF_PC(1.1),,I,ESP,,A,,ASCOCOMP,,10P5HB,,Y_GE15,,_T,,OBS,,2023,,202.7,,,,AGE_SEX_STANDARD,,,,1,,,,,,,,0,
DATAFLOW,OECD.ELS.HD:DSD_HCQO@DF_PC(1.1),,I,SWE,,A,,ASCOCOMP,,10P5HB,,Y_GE15,,_T,,OBS,,2015,,191.4,,,,AGE_SEX_STANDARD,,,,1,,,,,,,,0,
DATAFLOW,OECD.ELS.HD:DSD_HCQO@DF_PC(1.1),,I,SWE,,A,,ASCOCOMP,,10P5HB,,Y_GE15,,_T,,OBS,,2016,,175.8,,,,AGE_SEX_STANDARD,,,,1,,,,,,,,0,
DATAFLOW,OECD.ELS.HD:DSD_HCQO@DF_PC(1.1),,I,SWE,,A,,ASCOCOMP,,10P5HB,,Y_GE15,,_T,,OBS,,2017,,171.4,,,,AGE_SEX_STANDARD,,,,1,,,,,,,,0,
DATAFLOW,OECD.ELS.HD:DSD_HCQO@DF_PC(1.1),,I,SWE,,A,,ASCOCOMP,,10P5HB,,Y_GE15,,_T,,OBS,,2018,,158.4,,,,AGE_SEX_STANDARD,,,,1,,,,,,,,0,
DATAFLOW,OECD.ELS.HD:DSD_HCQO@DF_PC(1.1),,I,SWE,,A,,ASCOCOMP,,10P5HB,,Y_GE15,,_T,,OBS,,2019,,158.1,,,,AGE_SEX_STANDARD,,,,1,,,,,,,,0,
DATAFLOW,OECD.ELS.HD:DSD_HCQO@DF_PC(1.1),,I,SWE,,A,,ASCOCOMP,,10P5HB,,Y_GE15,,_T,,OBS,,2020,,120.4,,,,AGE_SEX_STANDARD,,,,1,,,,,,,,0,
DATAFLOW,OECD.ELS.HD:DSD_HCQO@DF_PC(1.1),,I,SWE,,A,,ASCOCOMP,,10P5HB,,Y_GE15,,_T,,OBS,,2021,,118.3,,,,AGE_SEX_STANDARD,,,,1,,,,,,,,0,
DATAFLOW,OECD.ELS.HD:DSD_HCQO@DF_PC(1.1),,I,SWE,,A,,ASCOCOMP,,10P5HB,,Y_GE15,,_T,,OBS,,2022,,123,,,,AGE_SEX_STANDARD,,,,1,,,,,,,,0,
DATAFLOW,OECD.ELS.HD:DSD_HCQO@DF_PC(1.1),,I,SWE,,A,,ASCOCOMP,,10P5HB,,Y_GE15,,_T,,OBS,,2023,,120.4,,,,AGE_SEX_STANDARD,,,,1,,,,,,,,0,
DATAFLOW,OECD.ELS.HD:DSD_HCQO@DF_PC(1.1),,I,GBR,,A,,ASCOCOMP,,10P5HB,,Y_GE15,,_T,,OBS,,2015,,319.8,,,,AGE_SEX_STANDARD,,,,1,,,,,,,,0,
DATAFLOW,OECD.ELS.HD:DSD_HCQO@DF_PC(1.1),,I,GBR,,A,,ASCOCOMP,,10P5HB,,Y_GE15,,_T,,OBS,,2016,,301.4,,,,AGE_SEX_STANDARD,,,,1,,,,,,,,0,
DATAFLOW,OECD.ELS.HD:DSD_HCQO@DF_PC(1.1),,I,GBR,,A,,ASCOCOMP,,10P5HB,,Y_GE15,,_T,,OBS,,2017,,296.8,,,,AGE_SEX_STANDARD,,,,1,,,,,,,,0,
DATAFLOW,OECD.ELS.HD:DSD_HCQO@DF_PC(1.1),,I,GBR,,A,,ASCOCOMP,,10P5HB,,Y_GE15,,_T,,OBS,,2018,,315.7,,,,AGE_SEX_STANDARD,,,,1,,,,,,,,0,
DATAFLOW,OECD.ELS.HD:DSD_HCQO@DF_PC(1.1),,I,GBR,,A,,ASCOCOMP,,10P5HB,,Y_GE15,,_T,,OBS,,2019,,314.1,,,,AGE_SEX_STANDARD,,,,1,,,,,,,,0,
DATAFLOW,OECD.ELS.HD:DSD_HCQO@DF_PC(1.1),,I,GBR,,A,,ASCOCOMP,,10P5HB,,Y_GE15,,_T,,OBS,,2020,,158,,,,AGE_SEX_STANDARD,,,,1,,,,,,,,0,
DATAFLOW,OECD.ELS.HD:DSD_HCQO@DF_PC(1.1),,I,GBR,,A,,ASCOCOMP,,10P5HB,,Y_GE15,,_T,,OBS,,2021,,210.5,,,,AGE_SEX_STANDARD,,,,1,,,,,,,,0,
DATAFLOW,OECD.ELS.HD:DSD_HCQO@DF_PC(1.1),,I,GBR,,A,,ASCOCOMP,,10P5HB,,Y_GE15,,_T,,OBS,,2023,,254.1,,,,AGE_SEX_STANDARD,,,,1,,,,,,,,0,
DATAFLOW,OECD.ELS.HD:DSD_HCQO@DF_PC(1.1),,I,USA,,A,,ASCOCOMP,,10P5HB,,Y_GE15,,_T,,OBS,,2021,,122.5,,,,AGE_SEX_STANDARD,,,,1,,,,,,,,0,
DATAFLOW,OECD.ELS.HD:DSD_HCQO@DF_PC(1.1),,I,USA,,A,,ASCOCOMP,,10P5HB,,Y_GE15,,_T,,OBS,,2022,,122.8,,,,AGE_SEX_STANDARD,,,,1,,,,,,,,0,
DATAFLOW,OECD.ELS.HD:DSD_HCQO@DF_PC(1.1),,I,HRV,,A,,ASCOCOMP,,10P5HB,,Y_GE15,,_T,,OBS,,2018,,67.4,,,,AGE_SEX_STANDARD,,,,1,,,,,,,,0,
DATAFLOW,OECD.ELS.HD:DSD_HCQO@DF_PC(1.1),,I,HRV,,A,,ASCOCOMP,,10P5HB,,Y_GE15,,_T,,OBS,,2019,,61.7,,,,AGE_SEX_STANDARD,,,,1,,,,,,,,0,
DATAFLOW,OECD.ELS.HD:DSD_HCQO@DF_PC(1.1),,I,HRV,,A,,ASCOCOMP,,10P5HB,,Y_GE15,,_T,,OBS,,2020,,31.8,,,,AGE_SEX_STANDARD,,,,1,,,,,,,,0,
DATAFLOW,OECD.ELS.HD:DSD_HCQO@DF_PC(1.1),,I,HRV,,A,,ASCOCOMP,,10P5HB,,Y_GE15,,_T,,OBS,,2021,,30,,,,AGE_SEX_STANDARD,,,,1,,,,,,,,0,
DATAFLOW,OECD.ELS.HD:DSD_HCQO@DF_PC(1.1),,I,HRV,,A,,ASCOCOMP,,10P5HB,,Y_GE15,,_T,,OBS,,2022,,41.9,,,,AGE_SEX_STANDARD,,,,1,,,,,,,,0,
DATAFLOW,OECD.ELS.HD:DSD_HCQO@DF_PC(1.1),,I,HRV,,A,,ASCOCOMP,,10P5HB,,Y_GE15,,_T,,OBS,,2023,,47.7,,,,AGE_SEX_STANDARD,,,,1,,,,,,,,0,
DATAFLOW,OECD.ELS.HD:DSD_HCQO@DF_PC(1.1),,I,MLT,,A,,ASCOCOMP,,10P5HB,,Y_GE15,,_T,,OBS,,2015,,243.5,,,,AGE_SEX_STANDARD,,,,1,,,,,,,,0,
DATAFLOW,OECD.ELS.HD:DSD_HCQO@DF_PC(1.1),,I,MLT,,A,,ASCOCOMP,,10P5HB,,Y_GE15,,_T,,OBS,,2016,,244.6,,,,AGE_SEX_STANDARD,,,,1,,,,,,,,0,
DATAFLOW,OECD.ELS.HD:DSD_HCQO@DF_PC(1.1),,I,MLT,,A,,ASCOCOMP,,10P5HB,,Y_GE15,,_T,,OBS,,2017,,273.7,,,,AGE_SEX_STANDARD,,,,1,,,,,,,,0,
DATAFLOW,OECD.ELS.HD:DSD_HCQO@DF_PC(1.1),,I,MLT,,A,,ASCOCOMP,,10P5HB,,Y_GE15,,_T,,OBS,,2018,,266.1,,,,AGE_SEX_STANDARD,,,,1,,,,,,,,0,
DATAFLOW,OECD.ELS.HD:DSD_HCQO@DF_PC(1.1),,I,MLT,,A,,ASCOCOMP,,10P5HB,,Y_GE15,,_T,,OBS,,2019,,286.1,,,,AGE_SEX_STANDARD,,,,1,,,,,,,,0,
DATAFLOW,OECD.ELS.HD:DSD_HCQO@DF_PC(1.1),,I,MLT,,A,,ASCOCOMP,,10P5HB,,Y_GE15,,_T,,OBS,,2020,,160.9,,,,AGE_SEX_STANDARD,,,,1,,,,,,,,0,
DATAFLOW,OECD.ELS.HD:DSD_HCQO@DF_PC(1.1),,I,MLT,,A,,ASCOCOMP,,10P5HB,,Y_GE15,,_T,,OBS,,2021,,166.1,,,,AGE_SEX_STANDARD,,,,1,,,,,,,,0,
DATAFLOW,OECD.ELS.HD:DSD_HCQO@DF_PC(1.1),,I,MLT,,A,,ASCOCOMP,,10P5HB,,Y_GE15,,_T,,OBS,,2022,,238.8,,,,AGE_SEX_STANDARD,,,,1,,,,,,,,0,
DATAFLOW,OECD.ELS.HD:DSD_HCQO@DF_PC(1.1),,I,ROU,,A,,ASCOCOMP,,10P5HB,,Y_GE15,,_T,,OBS,,2022,,176.7,,,,AGE_SEX_STANDARD,,,,1,,,,,,,,0,
DATAFLOW,OECD.ELS.HD:DSD_HCQO@DF_PC(1.1),,I,ROU,,A,,ASCOCOMP,,10P5HB,,Y_GE15,,_T,,OBS,,2023,,205.1,,,,AGE_SEX_STANDARD,,,,1,,,,,,,,0,
DATAFLOW,OECD.ELS.HD:DSD_HCQO@DF_PC(1.1),,I,ROU,,A,,ASCOCOMP,,10P5HB,,Y_GE15,,_T,,OBS,,2024,,211.1,,,,AGE_SEX_STANDARD,,,,1,,,,,,,,0,
DATAFLOW,OECD.ELS.HD:DSD_HCQO@DF_PC(1.1),,I,SGP,,A,,ASCOCOMP,,10P5HB,,Y_GE15,,_T,,OBS,,2017,,291.2,,,,AGE_SEX_STANDARD,,,,1,,,,,,,,0,
DATAFLOW,OECD.ELS.HD:DSD_HCQO@DF_PC(1.1),,I,SGP,,A,,ASCOCOMP,,10P5HB,,Y_GE15,,_T,,OBS,,2018,,284.7,,,,AGE_SEX_STANDARD,,,,1,,,,,,,,0,
DATAFLOW,OECD.ELS.HD:DSD_HCQO@DF_PC(1.1),,I,SGP,,A,,ASCOCOMP,,10P5HB,,Y_GE15,,_T,,OBS,,2019,,271.6,,,,AGE_SEX_STANDARD,,,,1,,,,,,,,0,
DATAFLOW,OECD.ELS.HD:DSD_HCQO@DF_PC(1.1),,I,SGP,,A,,ASCOCOMP,,10P5HB,,Y_GE15,,_T,,OBS,,2020,,165.6,,,,AGE_SEX_STANDARD,,,,1,,,,,,,,0,
DATAFLOW,OECD.ELS.HD:DSD_HCQO@DF_PC(1.1),,I,SGP,,A,,ASCOCOMP,,10P5HB,,Y_GE15,,_T,,OBS,,2021,,141.9,,,,AGE_SEX_STANDARD,,,,1,,,,,,,,0,
DATAFLOW,OECD.ELS.HD:DSD_HCQO@DF_PC(1.1),,I,SGP,,A,,ASCOCOMP,,10P5HB,,Y_GE15,,_T,,OBS,,2022,,165.7,,,,AGE_SEX_STANDARD,,,,1,,,,,,,,0,
DATAFLOW,OECD.ELS.HD:DSD_HCQO@DF_PC(1.1),,I,SGP,,A,,ASCOCOMP,,10P5HB,,Y_GE15,,_T,,OBS,,2023,,215.6,,,,AGE_SEX_STANDARD,,,,1,,,,,,,,0,
DATAFLOW,OECD.ELS.HD:DSD_HCQO@DF_PC(1.1),,I,AUT,,A,,ADMRCOPD,,10P5HB,,Y_GE15,,_T,,OBS,,2015,,253.9,,,,AGE_SEX_STANDARD,,,,1,,,,,,,,0,
DATAFLOW,OECD.ELS.HD:DSD_HCQO@DF_PC(1.1),,I,AUT,,A,,ADMRCOPD,,10P5HB,,Y_GE15,,_T,,OBS,,2016,,238.6,,,,AGE_SEX_STANDARD,,,,1,,,,,,,,0,
DATAFLOW,OECD.ELS.HD:DSD_HCQO@DF_PC(1.1),,I,AUT,,A,,ADMRCOPD,,10P5HB,,Y_GE15,,_T,,OBS,,2017,,239.1,,,,AGE_SEX_STANDARD,,,,1,,,,,,,,0,
DATAFLOW,OECD.ELS.HD:DSD_HCQO@DF_PC(1.1),,I,AUT,,A,,ADMRCOPD,,10P5HB,,Y_GE15,,_T,,OBS,,2018,,209.8,,,,AGE_SEX_STANDARD,,,,1,,,,,,,,0,
DATAFLOW,OECD.ELS.HD:DSD_HCQO@DF_PC(1.1),,I,AUT,,A,,ADMRCOPD,,10P5HB,,Y_GE15,,_T,,OBS,,2019,,203.6,,,,AGE_SEX_STANDARD,,,,1,,,,,,,,0,
DATAFLOW,OECD.ELS.HD:DSD_HCQO@DF_PC(1.1),,I,AUT,,A,,ADMRCOPD,,10P5HB,,Y_GE15,,_T,,OBS,,2020,,139.6,,,,AGE_SEX_STANDARD,,,,1,,,,,,,,0,
DATAFLOW,OECD.ELS.HD:DSD_HCQO@DF_PC(1.1),,I,AUT,,A,,ADMRCOPD,,10P5HB,,Y_GE15,,_T,,OBS,,2021,,127.6,,,,AGE_SEX_STANDARD,,,,1,,,,,,,,0,
DATAFLOW,OECD.ELS.HD:DSD_HCQO@DF_PC(1.1),,I,AUT,,A,,ADMRCOPD,,10P5HB,,Y_GE15,,_T,,OBS,,2022,,135.6,,,,AGE_SEX_STANDARD,,,,1,,,,,,,,0,
DATAFLOW,OECD.ELS.HD:DSD_HCQO@DF_PC(1.1),,I,AUT,,A,,ADMRCOPD,,10P5HB,,Y_GE15,,_T,,OBS,,2023,,138.5,,,,AGE_SEX_STANDARD,,,,1,,,,,,,,0,
DATAFLOW,OECD.ELS.HD:DSD_HCQO@DF_PC(1.1),,I,CAN,,A,,ADMRCOPD,,10P5HB,,Y_GE15,,_T,,OBS,,2015,,250.7,,,,AGE_SEX_STANDARD,,,,1,,,,,,,,0,
DATAFLOW,OECD.ELS.HD:DSD_HCQO@DF_PC(1.1),,I,CAN,,A,,ADMRCOPD,,10P5HB,,Y_GE15,,_T,,OBS,,2016,,253.4,,,,AGE_SEX_STANDARD,,,,1,,,,,,,,0,
DATAFLOW,OECD.ELS.HD:DSD_HCQO@DF_PC(1.1),,I,CAN,,A,,ADMRCOPD,,10P5HB,,Y_GE15,,_T,,OBS,,2017,,256.2,,,,AGE_SEX_STANDARD,,,,1,,,,,,,,0,
DATAFLOW,OECD.ELS.HD:DSD_HCQO@DF_PC(1.1),,I,CAN,,A,,ADMRCOPD,,10P5HB,,Y_GE15,,_T,,OBS,,2018,,241.6,,,,AGE_SEX_STANDARD,,,,1,,,,,,,,0,
DATAFLOW,OECD.ELS.HD:DSD_HCQO@DF_PC(1.1),,I,CAN,,A,,ADMRCOPD,,10P5HB,,Y_GE15,,_T,,OBS,,2019,,229.5,,,,AGE_SEX_STANDARD,,,,1,,,,,,,,0,
DATAFLOW,OECD.ELS.HD:DSD_HCQO@DF_PC(1.1),,I,CAN,,A,,ADMRCOPD,,10P5HB,,Y_GE15,,_T,,OBS,,2020,,118.8,,,,AGE_SEX_STANDARD,,,,1,,,,,,,,0,
DATAFLOW,OECD.ELS.HD:DSD_HCQO@DF_PC(1.1),,I,CAN,,A,,ADMRCOPD,,10P5HB,,Y_GE15,,_T,,OBS,,2021,,124.6,,,,AGE_SEX_STANDARD,,,,1,,,,,,,,0,
DATAFLOW,OECD.ELS.HD:DSD_HCQO@DF_PC(1.1),,I,CAN,,A,,ADMRCOPD,,10P5HB,,Y_GE15,,_T,,OBS,,2022,,164.6,,,,AGE_SEX_STANDARD,,,,1,,,,,,,,0,
DATAFLOW,OECD.ELS.HD:DSD_HCQO@DF_PC(1.1),,I,CAN,,A,,ADMRCOPD,,10P5HB,,Y_GE15,,_T,,OBS,,2023,,177.4,,,,AGE_SEX_STANDARD,,,,1,,,,,,,,0,
DATAFLOW,OECD.ELS.HD:DSD_HCQO@DF_PC(1.1),,I,CZE,,A,,ADMRCOPD,,10P5HB,,Y_GE15,,_T,,OBS,,2015,,166.5,,,,AGE_SEX_STANDARD,,,,1,,,,,,,,0,
DATAFLOW,OECD.ELS.HD:DSD_HCQO@DF_PC(1.1),,I,CZE,,A,,ADMRCOPD,,10P5HB,,Y_GE15,,_T,,OBS,,2016,,149.6,,,,AGE_SEX_STANDARD,,,,1,,,,,,,,0,
DATAFLOW,OECD.ELS.HD:DSD_HCQO@DF_PC(1.1),,I,CZE,,A,,ADMRCOPD,,10P5HB,,Y_GE15,,_T,,OBS,,2017,,153,,,,AGE_SEX_STANDARD,,,,1,,,,,,,,0,
DATAFLOW,OECD.ELS.HD:DSD_HCQO@DF_PC(1.1),,I,CZE,,A,,ADMRCOPD,,10P5HB,,Y_GE15,,_T,,OBS,,2018,,144.2,,,,AGE_SEX_STANDARD,,,,1,,,,,,,,0,
DATAFLOW,OECD.ELS.HD:DSD_HCQO@DF_PC(1.1),,I,CZE,,A,,ADMRCOPD,,10P5HB,,Y_GE15,,_T,,OBS,,2019,,137.6,,,,AGE_SEX_STANDARD,,,,1,,,,,,,,0,
DATAFLOW,OECD.ELS.HD:DSD_HCQO@DF_PC(1.1),,I,CZE,,A,,ADMRCOPD,,10P5HB,,Y_GE15,,_T,,OBS,,2020,,103.6,,,,AGE_SEX_STANDARD,,,,1,,,,,,,,0,
DATAFLOW,OECD.ELS.HD:DSD_HCQO@DF_PC(1.1),,I,CZE,,A,,ADMRCOPD,,10P5HB,,Y_GE15,,_T,,OBS,,2021,,99.5,,,,AGE_SEX_STANDARD,,,,1,,,,,,,,0,
DATAFLOW,OECD.ELS.HD:DSD_HCQO@DF_PC(1.1),,I,CZE,,A,,ADMRCOPD,,10P5HB,,Y_GE15,,_T,,OBS,,2022,,122.5,,,,AGE_SEX_STANDARD,,,,1,,,,,,,,0,
DATAFLOW,OECD.ELS.HD:DSD_HCQO@DF_PC(1.1),,I,CZE,,A,,ADMRCOPD,,10P5HB,,Y_GE15,,_T,,OBS,,2023,,116.9,,,,AGE_SEX_STANDARD,,,,1,,,,,,,,0,
DATAFLOW,OECD.ELS.HD:DSD_HCQO@DF_PC(1.1),,I,DNK,,A,,ADMRCOPD,,10P5HB,,Y_GE15,,_T,,OBS,,2015,,331.3,,,,AGE_SEX_STANDARD,,,,1,,,,,,,,0,
DATAFLOW,OECD.ELS.HD:DSD_HCQO@DF_PC(1.1),,I,DNK,,A,,ADMRCOPD,,10P5HB,,Y_GE15,,_T,,OBS,,2016,,320.6,,,,AGE_SEX_STANDARD,,,,1,,,,,,,,0,
DATAFLOW,OECD.ELS.HD:DSD_HCQO@DF_PC(1.1),,I,DNK,,A,,ADMRCOPD,,10P5HB,,Y_GE15,,_T,,OBS,,2017,,320.8,,,,AGE_SEX_STANDARD,,,,1,,,,,,,,0,
DATAFLOW,OECD.ELS.HD:DSD_HCQO@DF_PC(1.1),,I,DNK,,A,,ADMRCOPD,,10P5HB,,Y_GE15,,_T,,OBS,,2018,,300.1,,,,AGE_SEX_STANDARD,,,,1,,,,,,,,0,
DATAFLOW,OECD.ELS.HD:DSD_HCQO@DF_PC(1.1),,I,DNK,,A,,ADMRCOPD,,10P5HB,,Y_GE15,,_T,,OBS,,2019,,304.8,,,,AGE_SEX_STANDARD,,,,1,,,,,,,,0,
DATAFLOW,OECD.ELS.HD:DSD_HCQO@DF_PC(1.1),,I,DNK,,A,,ADMRCOPD,,10P5HB,,Y_GE15,,_T,,OBS,,2020,,235.1,,,,AGE_SEX_STANDARD,,,,1,,,,,,,,0,
DATAFLOW,OECD.ELS.HD:DSD_HCQO@DF_PC(1.1),,I,DNK,,A,,ADMRCOPD,,10P5HB,,Y_GE15,,_T,,OBS,,2021,,228,,,,AGE_SEX_STANDARD,,,,1,,,,,,,,0,
DATAFLOW,OECD.ELS.HD:DSD_HCQO@DF_PC(1.1),,I,DNK,,A,,ADMRCOPD,,10P5HB,,Y_GE15,,_T,,OBS,,2022,,228.4,,,,AGE_SEX_STANDARD,,,,1,,,,,,,,0,
DATAFLOW,OECD.ELS.HD:DSD_HCQO@DF_PC(1.1),,I,DNK,,A,,ADMRCOPD,,10P5HB,,Y_GE15,,_T,,OBS,,2023,,221.4,,,,AGE_SEX_STANDARD,,,,1,,,,,,,,0,
DATAFLOW,OECD.ELS.HD:DSD_HCQO@DF_PC(1.1),,I,DNK,,A,,ADMRCOPD,,10P5HB,,Y_GE15,,_T,,OBS,,2024,,222,,,,AGE_SEX_STANDARD,,,,1,,,,,,,,0,
DATAFLOW,OECD.ELS.HD:DSD_HCQO@DF_PC(1.1),,I,EST,,A,,ADMRCOPD,,10P5HB,,Y_GE15,,_T,,OBS,,2015,,116.7,,,,AGE_SEX_STANDARD,,,,1,,,,,,,,0,
DATAFLOW,OECD.ELS.HD:DSD_HCQO@DF_PC(1.1),,I,EST,,A,,ADMRCOPD,,10P5HB,,Y_GE15,,_T,,OBS,,2016,,108.7,,,,AGE_SEX_STANDARD,,,,1,,,,,,,,0,
DATAFLOW,OECD.ELS.HD:DSD_HCQO@DF_PC(1.1),,I,EST,,A,,ADMRCOPD,,10P5HB,,Y_GE15,,_T,,OBS,,2017,,103.4,,,,AGE_SEX_STANDARD,,,,1,,,,,,,,0,
DATAFLOW,OECD.ELS.HD:DSD_HCQO@DF_PC(1.1),,I,EST,,A,,ADMRCOPD,,10P5HB,,Y_GE15,,_T,,OBS,,2018,,89.8,,,,AGE_SEX_STANDARD,,,,1,,,,,,,,0,
DATAFLOW,OECD.ELS.HD:DSD_HCQO@DF_PC(1.1),,I,EST,,A,,ADMRCOPD,,10P5HB,,Y_GE15,,_T,,OBS,,2019,,91.1,,,,AGE_SEX_STANDARD,,,,1,,,,,,,,0,
DATAFLOW,OECD.ELS.HD:DSD_HCQO@DF_PC(1.1),,I,EST,,A,,ADMRCOPD,,10P5HB,,Y_GE15,,_T,,OBS,,2020,,64.5,,,,AGE_SEX_STANDARD,,,,1,,,,,,,,0,
DATAFLOW,OECD.ELS.HD:DSD_HCQO@DF_PC(1.1),,I,EST,,A,,ADMRCOPD,,10P5HB,,Y_GE15,,_T,,OBS,,2021,,49.4,,,,AGE_SEX_STANDARD,,,,1,,,,,,,,0,
DATAFLOW,OECD.ELS.HD:DSD_HCQO@DF_PC(1.1),,I,EST,,A,,ADMRCOPD,,10P5HB,,Y_GE15,,_T,,OBS,,2022,,64.7,,,,AGE_SEX_STANDARD,,,,1,,,,,,,,0,
DATAFLOW,OECD.ELS.HD:DSD_HCQO@DF_PC(1.1),,I,EST,,A,,ADMRCOPD,,10P5HB,,Y_GE15,,_T,,OBS,,2023,,67.6,,,,AGE_SEX_STANDARD,,,,1,,,,,,,,0,
DATAFLOW,OECD.ELS.HD:DSD_HCQO@DF_PC(1.1),,I,FIN,,A,,ADMRCOPD,,10P5HB,,Y_GE15,,_T,,OBS,,2015,,132.3,,,,AGE_SEX_STANDARD,,,,1,,,,,,,,0,
DATAFLOW,OECD.ELS.HD:DSD_HCQO@DF_PC(1.1),,I,FIN,,A,,ADMRCOPD,,10P5HB,,Y_GE15,,_T,,OBS,,2016,,128.4,,,,AGE_SEX_STANDARD,,,,1,,,,,,,,0,
DATAFLOW,OECD.ELS.HD:DSD_HCQO@DF_PC(1.1),,I,FIN,,A,,ADMRCOPD,,10P5HB,,Y_GE15,,_T,,OBS,,2017,,139.1,,,,AGE_SEX_STANDARD,,,,1,,,,,,,,0,
DATAFLOW,OECD.ELS.HD:DSD_HCQO@DF_PC(1.1),,I,FIN,,A,,ADMRCOPD,,10P5HB,,Y_GE15,,_T,,OBS,,2018,,130,,,,AGE_SEX_STANDARD,,,,1,,,,,,,,0,
DATAFLOW,OECD.ELS.HD:DSD_HCQO@DF_PC(1.1),,I,FIN,,A,,ADMRCOPD,,10P5HB,,Y_GE15,,_T,,OBS,,2019,,137.3,,,,AGE_SEX_STANDARD,,,,1,,,,,,,,0,
DATAFLOW,OECD.ELS.HD:DSD_HCQO@DF_PC(1.1),,I,FIN,,A,,ADMRCOPD,,10P5HB,,Y_GE15,,_T,,OBS,,2020,,108.2,,,,AGE_SEX_STANDARD,,,,1,,,,,,,,0,
DATAFLOW,OECD.ELS.HD:DSD_HCQO@DF_PC(1.1),,I,FIN,,A,,ADMRCOPD,,10P5HB,,Y_GE15,,_T,,OBS,,2021,,98.9,,,,AGE_SEX_STANDARD,,,,1,,,,,,,,0,
DATAFLOW,OECD.ELS.HD:DSD_HCQO@DF_PC(1.1),,I,FIN,,A,,ADMRCOPD,,10P5HB,,Y_GE15,,_T,,OBS,,2022,,87,,,,AGE_SEX_STANDARD,,,,1,,,,,,,,0,
DATAFLOW,OECD.ELS.HD:DSD_HCQO@DF_PC(1.1),,I,FIN,,A,,ADMRCOPD,,10P5HB,,Y_GE15,,_T,,OBS,,2023,,88.2,,,,AGE_SEX_STANDARD,,,,1,,,,,,,,0,
DATAFLOW,OECD.ELS.HD:DSD_HCQO@DF_PC(1.1),,I,DEU,,A,,ADMRCOPD,,10P5HB,,Y_GE15,,_T,,OBS,,2015,,273.2,,,,AGE_SEX_STANDARD,,,,1,,,,,,,,0,
DATAFLOW,OECD.ELS.HD:DSD_HCQO@DF_PC(1.1),,I,DEU,,A,,ADMRCOPD,,10P5HB,,Y_GE15,,_T,,OBS,,2017,,278.1,,,,AGE_SEX_STANDARD,,,,1,,,,,,,,0,
DATAFLOW,OECD.ELS.HD:DSD_HCQO@DF_PC(1.1),,I,DEU,,A,,ADMRCOPD,,10P5HB,,Y_GE15,,_T,,OBS,,2019,,267.8,,,,AGE_SEX_STANDARD,,,,1,,,,,,,,0,
DATAFLOW,OECD.ELS.HD:DSD_HCQO@DF_PC(1.1),,I,DEU,,A,,ADMRCOPD,,10P5HB,,Y_GE15,,_T,,OBS,,2021,,172,,,,AGE_SEX_STANDARD,,,,1,,,,,,,,0,
DATAFLOW,OECD.ELS.HD:DSD_HCQO@DF_PC(1.1),,I,DEU,,A,,ADMRCOPD,,10P5HB,,Y_GE15,,_T,,OBS,,2023,,222.9,,,,AGE_SEX_STANDARD,,,,1,,,,,,,,0,
DATAFLOW,OECD.ELS.HD:DSD_HCQO@DF_PC(1.1),,I,IRL,,A,,ADMRCOPD,,10P5HB,,Y_GE15,,_T,,OBS,,2015,,392.9,,,,AGE_SEX_STANDARD,,,,1,,,,,,,,0,
DATAFLOW,OECD.ELS.HD:DSD_HCQO@DF_PC(1.1),,I,IRL,,A,,ADMRCOPD,,10P5HB,,Y_GE15,,_T,,OBS,,2016,,394.8,,,,AGE_SEX_STANDARD,,,,1,,,,,,,,0,
DATAFLOW,OECD.ELS.HD:DSD_HCQO@DF_PC(1.1),,I,IRL,,A,,ADMRCOPD,,10P5HB,,Y_GE15,,_T,,OBS,,2017,,375.8,,,,AGE_SEX_STANDARD,,,,1,,,,,,,,0,
DATAFLOW,OECD.ELS.HD:DSD_HCQO@DF_PC(1.1),,I,IRL,,A,,ADMRCOPD,,10P5HB,,Y_GE15,,_T,,OBS,,2018,,372.6,,,,AGE_SEX_STANDARD,,,,1,,,,,,,,0,
DATAFLOW,OECD.ELS.HD:DSD_HCQO@DF_PC(1.1),,I,IRL,,A,,ADMRCOPD,,10P5HB,,Y_GE15,,_T,,OBS,,2019,,358.7,,,,AGE_SEX_STANDARD,,,,1,,,,,,,,0,
DATAFLOW,OECD.ELS.HD:DSD_HCQO@DF_PC(1.1),,I,IRL,,A,,ADMRCOPD,,10P5HB,,Y_GE15,,_T,,OBS,,2020,,254.7,,,,AGE_SEX_STANDARD,,,,1,,,,,,,,0,
DATAFLOW,OECD.ELS.HD:DSD_HCQO@DF_PC(1.1),,I,IRL,,A,,ADMRCOPD,,10P5HB,,Y_GE15,,_T,,OBS,,2021,,218.1,,,,AGE_SEX_STANDARD,,,,1,,,,,,,,0,
DATAFLOW,OECD.ELS.HD:DSD_HCQO@DF_PC(1.1),,I,IRL,,A,,ADMRCOPD,,10P5HB,,Y_GE15,,_T,,OBS,,2022,,255.4,,,,AGE_SEX_STANDARD,,,,1,,,,,,,,0,
DATAFLOW,OECD.ELS.HD:DSD_HCQO@DF_PC(1.1),,I,IRL,,A,,ADMRCOPD,,10P5HB,,Y_GE15,,_T,,OBS,,2023,,272.3,,,,AGE_SEX_STANDARD,,,,1,,,,,,,,0,
DATAFLOW,OECD.ELS.HD:DSD_HCQO@DF_PC(1.1),,I,ISR,,A,,ADMRCOPD,,10P5HB,,Y_GE15,,_T,,OBS,,2015,,215.4,,,,AGE_SEX_STANDARD,,,,1,,,,,,,,0,
DATAFLOW,OECD.ELS.HD:DSD_HCQO@DF_PC(1.1),,I,ISR,,A,,ADMRCOPD,,10P5HB,,Y_GE15,,_T,,OBS,,2016,,193.9,,,,AGE_SEX_STANDARD,,,,1,,,,,,,,0,
DATAFLOW,OECD.ELS.HD:DSD_HCQO@DF_PC(1.1),,I,ISR,,A,,ADMRCOPD,,10P5HB,,Y_GE15,,_T,,OBS,,2017,,194.3,,,,AGE_SEX_STANDARD,,,,1,,,,,,,,0,
DATAFLOW,OECD.ELS.HD:DSD_HCQO@DF_PC(1.1),,I,ISR,,A,,ADMRCOPD,,10P5HB,,Y_GE15,,_T,,OBS,,2018,,185.1,,,,AGE_SEX_STANDARD,,,,1,,,,,,,,0,
DATAFLOW,OECD.ELS.HD:DSD_HCQO@DF_PC(1.1),,I,ISR,,A,,ADMRCOPD,,10P5HB,,Y_GE15,,_T,,OBS,,2019,,174.3,,,,AGE_SEX_STANDARD,,,,1,,,,,,,,0,
DATAFLOW,OECD.ELS.HD:DSD_HCQO@DF_PC(1.1),,I,ISR,,A,,ADMRCOPD,,10P5HB,,Y_GE15,,_T,,OBS,,2020,,101.5,,,,AGE_SEX_STANDARD,,,,1,,,,,,,,0,
DATAFLOW,OECD.ELS.HD:DSD_HCQO@DF_PC(1.1),,I,ISR,,A,,ADMRCOPD,,10P5HB,,Y_GE15,,_T,,OBS,,2021,,114,,,,AGE_SEX_STANDARD,,,,1,,,,,,,,0,
DATAFLOW,OECD.ELS.HD:DSD_HCQO@DF_PC(1.1),,I,ISR,,A,,ADMRCOPD,,10P5HB,,Y_GE15,,_T,,OBS,,2022,,121.8,,,,AGE_SEX_STANDARD,,,,1,,,,,,,,0,
DATAFLOW,OECD.ELS.HD:DSD_HCQO@DF_PC(1.1),,I,ISR,,A,,ADMRCOPD,,10P5HB,,Y_GE15,,_T,,OBS,,2023,,130.3,,,,AGE_SEX_STANDARD,,,,1,,,,,,,,0,
DATAFLOW,OECD.ELS.HD:DSD_HCQO@DF_PC(1.1),,I,ITA,,A,,ADMRCOPD,,10P5HB,,Y_GE15,,_T,,OBS,,2022,,22.2,,,,AGE_SEX_STANDARD,,,,1,,,,,,,,0,
DATAFLOW,OECD.ELS.HD:DSD_HCQO@DF_PC(1.1),,I,ITA,,A,,ADMRCOPD,,10P5HB,,Y_GE15,,_T,,OBS,,2023,,24.4,,,,AGE_SEX_STANDARD,,,,1,,,,,,,,0,
DATAFLOW,OECD.ELS.HD:DSD_HCQO@DF_PC(1.1),,I,KOR,,A,,ADMRCOPD,,10P5HB,,Y_GE15,,_T,,OBS,,2015,,200.2,,,,AGE_SEX_STANDARD,,,,1,,,,,,,,0,
DATAFLOW,OECD.ELS.HD:DSD_HCQO@DF_PC(1.1),,I,KOR,,A,,ADMRCOPD,,10P5HB,,Y_GE15,,_T,,OBS,,2016,,185,,,,AGE_SEX_STANDARD,,,,1,,,,,,,,0,
DATAFLOW,OECD.ELS.HD:DSD_HCQO@DF_PC(1.1),,I,KOR,,A,,ADMRCOPD,,10P5HB,,Y_GE15,,_T,,OBS,,2017,,175.1,,,,AGE_SEX_STANDARD,,,,1,,,,,,,,0,
DATAFLOW,OECD.ELS.HD:DSD_HCQO@DF_PC(1.1),,I,KOR,,A,,ADMRCOPD,,10P5HB,,Y_GE15,,_T,,OBS,,2018,,176.5,,,,AGE_SEX_STANDARD,,,,1,,,,,,,,0,
DATAFLOW,OECD.ELS.HD:DSD_HCQO@DF_PC(1.1),,I,KOR,,A,,ADMRCOPD,,10P5HB,,Y_GE15,,_T,,OBS,,2019,,147.4,,,,AGE_SEX_STANDARD,,,,1,,,,,,,,0,
DATAFLOW,OECD.ELS.HD:DSD_HCQO@DF_PC(1.1),,I,KOR,,A,,ADMRCOPD,,10P5HB,,Y_GE15,,_T,,OBS,,2020,,83.4,,,,AGE_SEX_STANDARD,,,,1,,,,,,,,0,
DATAFLOW,OECD.ELS.HD:DSD_HCQO@DF_PC(1.1),,I,KOR,,A,,ADMRCOPD,,10P5HB,,Y_GE15,,_T,,OBS,,2021,,59.6,,,,AGE_SEX_STANDARD,,,,1,,,,,,,,0,
DATAFLOW,OECD.ELS.HD:DSD_HCQO@DF_PC(1.1),,I,KOR,,A,,ADMRCOPD,,10P5HB,,Y_GE15,,_T,,OBS,,2022,,76.9,,,,AGE_SEX_STANDARD,,,,1,,,,,,,,0,
DATAFLOW,OECD.ELS.HD:DSD_HCQO@DF_PC(1.1),,I,KOR,,A,,ADMRCOPD,,10P5HB,,Y_GE15,,_T,,OBS,,2023,,99.8,,,,AGE_SEX_STANDARD,,,,1,,,,,,,,0,
DATAFLOW,OECD.ELS.HD:DSD_HCQO@DF_PC(1.1),,I,LVA,,A,,ADMRCOPD,,10P5HB,,Y_GE15,,_T,,OBS,,2015,,189.6,,,,AGE_SEX_STANDARD,,,,1,,,,,,,,0,
DATAFLOW,OECD.ELS.HD:DSD_HCQO@DF_PC(1.1),,I,LVA,,A,,ADMRCOPD,,10P5HB,,Y_GE15,,_T,,OBS,,2016,,173.6,,,,AGE_SEX_STANDARD,,,,1,,,,,,,,0,
DATAFLOW,OECD.ELS.HD:DSD_HCQO@DF_PC(1.1),,I,LVA,,A,,ADMRCOPD,,10P5HB,,Y_GE15,,_T,,OBS,,2017,,174.1,,,,AGE_SEX_STANDARD,,,,1,,,,,,,,0,
DATAFLOW,OECD.ELS.HD:DSD_HCQO@DF_PC(1.1),,I,LVA,,A,,ADMRCOPD,,10P5HB,,Y_GE15,,_T,,OBS,,2018,,166.1,,,,AGE_SEX_STANDARD,,,,1,,,,,,,,0,
DATAFLOW,OECD.ELS.HD:DSD_HCQO@DF_PC(1.1),,I,LVA,,A,,ADMRCOPD,,10P5HB,,Y_GE15,,_T,,OBS,,2019,,164.3,,,,AGE_SEX_STANDARD,,,,1,,,,,,,,0,
DATAFLOW,OECD.ELS.HD:DSD_HCQO@DF_PC(1.1),,I,LVA,,A,,ADMRCOPD,,10P5HB,,Y_GE15,,_T,,OBS,,2020,,101.2,,,,AGE_SEX_STANDARD,,,,1,,,,,,,,0,
DATAFLOW,OECD.ELS.HD:DSD_HCQO@DF_PC(1.1),,I,LVA,,A,,ADMRCOPD,,10P5HB,,Y_GE15,,_T,,OBS,,2021,,65.9,,,,AGE_SEX_STANDARD,,,,1,,,,,,,,0,
DATAFLOW,OECD.ELS.HD:DSD_HCQO@DF_PC(1.1),,I,LVA,,A,,ADMRCOPD,,10P5HB,,Y_GE15,,_T,,OBS,,2022,,110.2,,,,AGE_SEX_STANDARD,,,,1,,,,,,,,0,
DATAFLOW,OECD.ELS.HD:DSD_HCQO@DF_PC(1.1),,I,LVA,,A,,ADMRCOPD,,10P5HB,,Y_GE15,,_T,,OBS,,2023,,118.7,,,,AGE_SEX_STANDARD,,,,1,,,,,,,,0,
DATAFLOW,OECD.ELS.HD:DSD_HCQO@DF_PC(1.1),,I,LTU,,A,,ADMRCOPD,,10P5HB,,Y_GE15,,_T,,OBS,,2015,,246.3,,,,AGE_SEX_STANDARD,,,,1,,,,,,,,0,
DATAFLOW,OECD.ELS.HD:DSD_HCQO@DF_PC(1.1),,I,LTU,,A,,ADMRCOPD,,10P5HB,,Y_GE15,,_T,,OBS,,2016,,239,,,,AGE_SEX_STANDARD,,,,1,,,,,,,,0,
DATAFLOW,OECD.ELS.HD:DSD_HCQO@DF_PC(1.1),,I,LTU,,A,,ADMRCOPD,,10P5HB,,Y_GE15,,_T,,OBS,,2017,,229.1,,,,AGE_SEX_STANDARD,,,,1,,,,,,,,0,
DATAFLOW,OECD.ELS.HD:DSD_HCQO@DF_PC(1.1),,I,LTU,,A,,ADMRCOPD,,10P5HB,,Y_GE15,,_T,,OBS,,2018,,217.5,,,,AGE_SEX_STANDARD,,,,1,,,,,,,,0,
DATAFLOW,OECD.ELS.HD:DSD_HCQO@DF_PC(1.1),,I,LTU,,A,,ADMRCOPD,,10P5HB,,Y_GE15,,_T,,OBS,,2019,,192.4,,,,AGE_SEX_STANDARD,,,,1,,,,,,,,0,
DATAFLOW,OECD.ELS.HD:DSD_HCQO@DF_PC(1.1),,I,LTU,,A,,ADMRCOPD,,10P5HB,,Y_GE15,,_T,,OBS,,2020,,96.5,,,,AGE_SEX_STANDARD,,,,1,,,,,,,,0,
DATAFLOW,OECD.ELS.HD:DSD_HCQO@DF_PC(1.1),,I,LTU,,A,,ADMRCOPD,,10P5HB,,Y_GE15,,_T,,OBS,,2021,,71.7,,,,AGE_SEX_STANDARD,,,,1,,,,,,,,0,
DATAFLOW,OECD.ELS.HD:DSD_HCQO@DF_PC(1.1),,I,LTU,,A,,ADMRCOPD,,10P5HB,,Y_GE15,,_T,,OBS,,2022,,101.9,,,,AGE_SEX_STANDARD,,,,1,,,,,,,,0,
DATAFLOW,OECD.ELS.HD:DSD_HCQO@DF_PC(1.1),,I,LTU,,A,,ADMRCOPD,,10P5HB,,Y_GE15,,_T,,OBS,,2023,,113.8,,,,AGE_SEX_STANDARD,,,,1,,,,,,,,0,
DATAFLOW,OECD.ELS.HD:DSD_HCQO@DF_PC(1.1),,I,LTU,,A,,ADMRCOPD,,10P5HB,,Y_GE15,,_T,,OBS,,2024,,111.6,,,,AGE_SEX_STANDARD,,,,1,,,,,,,,0,
DATAFLOW,OECD.ELS.HD:DSD_HCQO@DF_PC(1.1),,I,LUX,,A,,ADMRCOPD,,10P5HB,,Y_GE15,,_T,,OBS,,2022,,158.8,,,,AGE_SEX_STANDARD,,,,1,,,,,,,,0,
DATAFLOW,OECD.ELS.HD:DSD_HCQO@DF_PC(1.1),,I,NOR,,A,,ADMRCOPD,,10P5HB,,Y_GE15,,_T,,OBS,,2021,,184.5,,,,AGE_SEX_STANDARD,,,,1,,,,,,,,0,
DATAFLOW,OECD.ELS.HD:DSD_HCQO@DF_PC(1.1),,I,NOR,,A,,ADMRCOPD,,10P5HB,,Y_GE15,,_T,,OBS,,2022,,194.2,,,,AGE_SEX_STANDARD,,,,1,,,,,,,,0,
DATAFLOW,OECD.ELS.HD:DSD_HCQO@DF_PC(1.1),,I,NOR,,A,,ADMRCOPD,,10P5HB,,Y_GE15,,_T,,OBS,,2023,,188.8,,,,AGE_SEX_STANDARD,,,,1,,,,,,,,0,
DATAFLOW,OECD.ELS.HD:DSD_HCQO@DF_PC(1.1),,I,NOR,,A,,ADMRCOPD,,10P5HB,,Y_GE15,,_T,,OBS,,2024,,194.2,,,,AGE_SEX_STANDARD,,,,1,,,,,,,,0,
DATAFLOW,OECD.ELS.HD:DSD_HCQO@DF_PC(1.1),,I,POL,,A,,ADMRCOPD,,10P5HB,,Y_GE15,,_T,,OBS,,2020,,56.8,,,,AGE_SEX_STANDARD,,,,1,,,,,,,,0,
DATAFLOW,OECD.ELS.HD:DSD_HCQO@DF_PC(1.1),,I,POL,,A,,ADMRCOPD,,10P5HB,,Y_GE15,,_T,,OBS,,2021,,49.6,,,,AGE_SEX_STANDARD,,,,1,,,,,,,,0,
DATAFLOW,OECD.ELS.HD:DSD_HCQO@DF_PC(1.1),,I,POL,,A,,ADMRCOPD,,10P5HB,,Y_GE15,,_T,,OBS,,2022,,67.8,,,,AGE_SEX_STANDARD,,,,1,,,,,,,,0,
DATAFLOW,OECD.ELS.HD:DSD_HCQO@DF_PC(1.1),,I,POL,,A,,ADMRCOPD,,10P5HB,,Y_GE15,,_T,,OBS,,2023,,74.5,,,,AGE_SEX_STANDARD,,,,1,,,,,,,,0,
DATAFLOW,OECD.ELS.HD:DSD_HCQO@DF_PC(1.1),,I,SVK,,A,,ADMRCOPD,,10P5HB,,Y_GE15,,_T,,OBS,,2022,,64.8,,,,AGE_SEX_STANDARD,,,,1,,,,,,,,0,
DATAFLOW,OECD.ELS.HD:DSD_HCQO@DF_PC(1.1),,I,SVK,,A,,ADMRCOPD,,10P5HB,,Y_GE15,,_T,,OBS,,2023,,77.5,,,,AGE_SEX_STANDARD,,,,1,,,,,,,,0,
DATAFLOW,OECD.ELS.HD:DSD_HCQO@DF_PC(1.1),,I,SVN,,A,,ADMRCOPD,,10P5HB,,Y_GE15,,_T,,OBS,,2015,,110.7,,,,AGE_SEX_STANDARD,,,,1,,,,,,,,0,
DATAFLOW,OECD.ELS.HD:DSD_HCQO@DF_PC(1.1),,I,SVN,,A,,ADMRCOPD,,10P5HB,,Y_GE15,,_T,,OBS,,2016,,105.7,,,,AGE_SEX_STANDARD,,,,1,,,,,,,,0,
DATAFLOW,OECD.ELS.HD:DSD_HCQO@DF_PC(1.1),,I,SVN,,A,,ADMRCOPD,,10P5HB,,Y_GE15,,_T,,OBS,,2017,,102.5,,,,AGE_SEX_STANDARD,,,,1,,,,,,,,0,
DATAFLOW,OECD.ELS.HD:DSD_HCQO@DF_PC(1.1),,I,SVN,,A,,ADMRCOPD,,10P5HB,,Y_GE15,,_T,,OBS,,2018,,99.3,,,,AGE_SEX_STANDARD,,,,1,,,,,,,,0,
DATAFLOW,OECD.ELS.HD:DSD_HCQO@DF_PC(1.1),,I,SVN,,A,,ADMRCOPD,,10P5HB,,Y_GE15,,_T,,OBS,,2019,,96.8,,,,AGE_SEX_STANDARD,,,,1,,,,,,,,0,
DATAFLOW,OECD.ELS.HD:DSD_HCQO@DF_PC(1.1),,I,SVN,,A,,ADMRCOPD,,10P5HB,,Y_GE15,,_T,,OBS,,2020,,57.6,,,,AGE_SEX_STANDARD,,,,1,,,,,,,,0,
DATAFLOW,OECD.ELS.HD:DSD_HCQO@DF_PC(1.1),,I,SVN,,A,,ADMRCOPD,,10P5HB,,Y_GE15,,_T,,OBS,,2021,,60.6,,,,AGE_SEX_STANDARD,,,,1,,,,,,,,0,
DATAFLOW,OECD.ELS.HD:DSD_HCQO@DF_PC(1.1),,I,SVN,,A,,ADMRCOPD,,10P5HB,,Y_GE15,,_T,,OBS,,2022,,78.1,,,,AGE_SEX_STANDARD,,,,1,,,,,,,,0,
DATAFLOW,OECD.ELS.HD:DSD_HCQO@DF_PC(1.1),,I,SVN,,A,,ADMRCOPD,,10P5HB,,Y_GE15,,_T,,OBS,,2023,,79.3,,,,AGE_SEX_STANDARD,,,,1,,,,,,,,0,
DATAFLOW,OECD.ELS.HD:DSD_HCQO@DF_PC(1.1),,I,ESP,,A,,ADMRCOPD,,10P5HB,,Y_GE15,,_T,,OBS,,2015,,203.3,,,,AGE_SEX_STANDARD,,,,1,,,,,,,,0,
DATAFLOW,OECD.ELS.HD:DSD_HCQO@DF_PC(1.1),,I,ESP,,A,,ADMRCOPD,,10P5HB,,Y_GE15,,_T,,OBS,,2016,,180,,,,AGE_SEX_STANDARD,,,,1,,,,,,,,0,
DATAFLOW,OECD.ELS.HD:DSD_HCQO@DF_PC(1.1),,I,ESP,,A,,ADMRCOPD,,10P5HB,,Y_GE15,,_T,,OBS,,2017,,187.8,,,,AGE_SEX_STANDARD,,,,1,,,,,,,,0,
DATAFLOW,OECD.ELS.HD:DSD_HCQO@DF_PC(1.1),,I,ESP,,A,,ADMRCOPD,,10P5HB,,Y_GE15,,_T,,OBS,,2018,,201.4,,,,AGE_SEX_STANDARD,,,,1,,,,,,,,0,
DATAFLOW,OECD.ELS.HD:DSD_HCQO@DF_PC(1.1),,I,ESP,,A,,ADMRCOPD,,10P5HB,,Y_GE15,,_T,,OBS,,2019,,190.8,,,,AGE_SEX_STANDARD,,,,1,,,,,,,,0,
DATAFLOW,OECD.ELS.HD:DSD_HCQO@DF_PC(1.1),,I,ESP,,A,,ADMRCOPD,,10P5HB,,Y_GE15,,_T,,OBS,,2020,,124.9,,,,AGE_SEX_STANDARD,,,,1,,,,,,,,0,
DATAFLOW,OECD.ELS.HD:DSD_HCQO@DF_PC(1.1),,I,ESP,,A,,ADMRCOPD,,10P5HB,,Y_GE15,,_T,,OBS,,2021,,109.7,,,,AGE_SEX_STANDARD,,,,1,,,,,,,,0,
DATAFLOW,OECD.ELS.HD:DSD_HCQO@DF_PC(1.1),,I,ESP,,A,,ADMRCOPD,,10P5HB,,Y_GE15,,_T,,OBS,,2022,,143.1,,,,AGE_SEX_STANDARD,,,,1,,,,,,,,0,
DATAFLOW,OECD.ELS.HD:DSD_HCQO@DF_PC(1.1),,I,ESP,,A,,ADMRCOPD,,10P5HB,,Y_GE15,,_T,,OBS,,2023,,173.1,,,,AGE_SEX_STANDARD,,,,1,,,,,,,,0,
DATAFLOW,OECD.ELS.HD:DSD_HCQO@DF_PC(1.1),,I,SWE,,A,,ADMRCOPD,,10P5HB,,Y_GE15,,_T,,OBS,,2015,,172.1,,,,AGE_SEX_STANDARD,,,,1,,,,,,,,0,
DATAFLOW,OECD.ELS.HD:DSD_HCQO@DF_PC(1.1),,I,SWE,,A,,ADMRCOPD,,10P5HB,,Y_GE15,,_T,,OBS,,2016,,157.8,,,,AGE_SEX_STANDARD,,,,1,,,,,,,,0,
DATAFLOW,OECD.ELS.HD:DSD_HCQO@DF_PC(1.1),,I,SWE,,A,,ADMRCOPD,,10P5HB,,Y_GE15,,_T,,OBS,,2017,,154.9,,,,AGE_SEX_STANDARD,,,,1,,,,,,,,0,
DATAFLOW,OECD.ELS.HD:DSD_HCQO@DF_PC(1.1),,I,SWE,,A,,ADMRCOPD,,10P5HB,,Y_GE15,,_T,,OBS,,2018,,143.4,,,,AGE_SEX_STANDARD,,,,1,,,,,,,,0,
DATAFLOW,OECD.ELS.HD:DSD_HCQO@DF_PC(1.1),,I,SWE,,A,,ADMRCOPD,,10P5HB,,Y_GE15,,_T,,OBS,,2019,,142.2,,,,AGE_SEX_STANDARD,,,,1,,,,,,,,0,
DATAFLOW,OECD.ELS.HD:DSD_HCQO@DF_PC(1.1),,I,SWE,,A,,ADMRCOPD,,10P5HB,,Y_GE15,,_T,,OBS,,2020,,107.2,,,,AGE_SEX_STANDARD,,,,1,,,,,,,,0,
DATAFLOW,OECD.ELS.HD:DSD_HCQO@DF_PC(1.1),,I,SWE,,A,,ADMRCOPD,,10P5HB,,Y_GE15,,_T,,OBS,,2021,,106.4,,,,AGE_SEX_STANDARD,,,,1,,,,,,,,0,
DATAFLOW,OECD.ELS.HD:DSD_HCQO@DF_PC(1.1),,I,SWE,,A,,ADMRCOPD,,10P5HB,,Y_GE15,,_T,,OBS,,2022,,111.5,,,,AGE_SEX_STANDARD,,,,1,,,,,,,,0,
DATAFLOW,OECD.ELS.HD:DSD_HCQO@DF_PC(1.1),,I,SWE,,A,,ADMRCOPD,,10P5HB,,Y_GE15,,_T,,OBS,,2023,,108.8,,,,AGE_SEX_STANDARD,,,,1,,,,,,,,0,
DATAFLOW,OECD.ELS.HD:DSD_HCQO@DF_PC(1.1),,I,GBR,,A,,ADMRCOPD,,10P5HB,,Y_GE15,,_T,,OBS,,2015,,248.7,,,,AGE_SEX_STANDARD,,,,1,,,,,,,,0,
DATAFLOW,OECD.ELS.HD:DSD_HCQO@DF_PC(1.1),,I,GBR,,A,,ADMRCOPD,,10P5HB,,Y_GE15,,_T,,OBS,,2016,,228.7,,,,AGE_SEX_STANDARD,,,,1,,,,,,,,0,
DATAFLOW,OECD.ELS.HD:DSD_HCQO@DF_PC(1.1),,I,GBR,,A,,ADMRCOPD,,10P5HB,,Y_GE15,,_T,,OBS,,2017,,223.4,,,,AGE_SEX_STANDARD,,,,1,,,,,,,,0,
DATAFLOW,OECD.ELS.HD:DSD_HCQO@DF_PC(1.1),,I,GBR,,A,,ADMRCOPD,,10P5HB,,Y_GE15,,_T,,OBS,,2018,,240.4,,,,AGE_SEX_STANDARD,,,,1,,,,,,,,0,
DATAFLOW,OECD.ELS.HD:DSD_HCQO@DF_PC(1.1),,I,GBR,,A,,ADMRCOPD,,10P5HB,,Y_GE15,,_T,,OBS,,2019,,239.2,,,,AGE_SEX_STANDARD,,,,1,,,,,,,,0,
DATAFLOW,OECD.ELS.HD:DSD_HCQO@DF_PC(1.1),,I,GBR,,A,,ADMRCOPD,,10P5HB,,Y_GE15,,_T,,OBS,,2020,,123.6,,,,AGE_SEX_STANDARD,,,,1,,,,,,,,0,
DATAFLOW,OECD.ELS.HD:DSD_HCQO@DF_PC(1.1),,I,GBR,,A,,ADMRCOPD,,10P5HB,,Y_GE15,,_T,,OBS,,2021,,163.3,,,,AGE_SEX_STANDARD,,,,1,,,,,,,,0,
DATAFLOW,OECD.ELS.HD:DSD_HCQO@DF_PC(1.1),,I,GBR,,A,,ADMRCOPD,,10P5HB,,Y_GE15,,_T,,OBS,,2023,,193.6,,,,AGE_SEX_STANDARD,,,,1,,,,,,,,0,
DATAFLOW,OECD.ELS.HD:DSD_HCQO@DF_PC(1.1),,I,USA,,A,,ADMRCOPD,,10P5HB,,Y_GE15,,_T,,OBS,,2021,,101.4,,,,AGE_SEX_STANDARD,,,,1,,,,,,,,0,
DATAFLOW,OECD.ELS.HD:DSD_HCQO@DF_PC(1.1),,I,USA,,A,,ADMRCOPD,,10P5HB,,Y_GE15,,_T,,OBS,,2022,,100.4,,,,AGE_SEX_STANDARD,,,,1,,,,,,,,0,
DATAFLOW,OECD.ELS.HD:DSD_HCQO@DF_PC(1.1),,I,HRV,,A,,ADMRCOPD,,10P5HB,,Y_GE15,,_T,,OBS,,2018,,57.4,,,,AGE_SEX_STANDARD,,,,1,,,,,,,,0,
DATAFLOW,OECD.ELS.HD:DSD_HCQO@DF_PC(1.1),,I,HRV,,A,,ADMRCOPD,,10P5HB,,Y_GE15,,_T,,OBS,,2019,,52.2,,,,AGE_SEX_STANDARD,,,,1,,,,,,,,0,
DATAFLOW,OECD.ELS.HD:DSD_HCQO@DF_PC(1.1),,I,HRV,,A,,ADMRCOPD,,10P5HB,,Y_GE15,,_T,,OBS,,2020,,27,,,,AGE_SEX_STANDARD,,,,1,,,,,,,,0,
DATAFLOW,OECD.ELS.HD:DSD_HCQO@DF_PC(1.1),,I,HRV,,A,,ADMRCOPD,,10P5HB,,Y_GE15,,_T,,OBS,,2021,,25.5,,,,AGE_SEX_STANDARD,,,,1,,,,,,,,0,
DATAFLOW,OECD.ELS.HD:DSD_HCQO@DF_PC(1.1),,I,HRV,,A,,ADMRCOPD,,10P5HB,,Y_GE15,,_T,,OBS,,2022,,35.3,,,,AGE_SEX_STANDARD,,,,1,,,,,,,,0,
DATAFLOW,OECD.ELS.HD:DSD_HCQO@DF_PC(1.1),,I,HRV,,A,,ADMRCOPD,,10P5HB,,Y_GE15,,_T,,OBS,,2023,,40.8,,,,AGE_SEX_STANDARD,,,,1,,,,,,,,0,
DATAFLOW,OECD.ELS.HD:DSD_HCQO@DF_PC(1.1),,I,MLT,,A,,ADMRCOPD,,10P5HB,,Y_GE15,,_T,,OBS,,2015,,156.8,,,,AGE_SEX_STANDARD,,,,1,,,,,,,,0,
DATAFLOW,OECD.ELS.HD:DSD_HCQO@DF_PC(1.1),,I,MLT,,A,,ADMRCOPD,,10P5HB,,Y_GE15,,_T,,OBS,,2016,,163.7,,,,AGE_SEX_STANDARD,,,,1,,,,,,,,0,
DATAFLOW,OECD.ELS.HD:DSD_HCQO@DF_PC(1.1),,I,MLT,,A,,ADMRCOPD,,10P5HB,,Y_GE15,,_T,,OBS,,2017,,182.6,,,,AGE_SEX_STANDARD,,,,1,,,,,,,,0,
DATAFLOW,OECD.ELS.HD:DSD_HCQO@DF_PC(1.1),,I,MLT,,A,,ADMRCOPD,,10P5HB,,Y_GE15,,_T,,OBS,,2018,,169.9,,,,AGE_SEX_STANDARD,,,,1,,,,,,,,0,
DATAFLOW,OECD.ELS.HD:DSD_HCQO@DF_PC(1.1),,I,MLT,,A,,ADMRCOPD,,10P5HB,,Y_GE15,,_T,,OBS,,2019,,197.9,,,,AGE_SEX_STANDARD,,,,1,,,,,,,,0,
DATAFLOW,OECD.ELS.HD:DSD_HCQO@DF_PC(1.1),,I,MLT,,A,,ADMRCOPD,,10P5HB,,Y_GE15,,_T,,OBS,,2020,,113.3,,,,AGE_SEX_STANDARD,,,,1,,,,,,,,0,
DATAFLOW,OECD.ELS.HD:DSD_HCQO@DF_PC(1.1),,I,MLT,,A,,ADMRCOPD,,10P5HB,,Y_GE15,,_T,,OBS,,2021,,119.1,,,,AGE_SEX_STANDARD,,,,1,,,,,,,,0,
DATAFLOW,OECD.ELS.HD:DSD_HCQO@DF_PC(1.1),,I,MLT,,A,,ADMRCOPD,,10P5HB,,Y_GE15,,_T,,OBS,,2022,,155.8,,,,AGE_SEX_STANDARD,,,,1,,,,,,,,0,
DATAFLOW,OECD.ELS.HD:DSD_HCQO@DF_PC(1.1),,I,ROU,,A,,ADMRCOPD,,10P5HB,,Y_GE15,,_T,,OBS,,2022,,160,,,,AGE_SEX_STANDARD,,,,1,,,,,,,,0,
DATAFLOW,OECD.ELS.HD:DSD_HCQO@DF_PC(1.1),,I,ROU,,A,,ADMRCOPD,,10P5HB,,Y_GE15,,_T,,OBS,,2023,,187.5,,,,AGE_SEX_STANDARD,,,,1,,,,,,,,0,
DATAFLOW,OECD.ELS.HD:DSD_HCQO@DF_PC(1.1),,I,ROU,,A,,ADMRCOPD,,10P5HB,,Y_GE15,,_T,,OBS,,2024,,192.4,,,,AGE_SEX_STANDARD,,,,1,,,,,,,,0,
DATAFLOW,OECD.ELS.HD:DSD_HCQO@DF_PC(1.1),,I,SGP,,A,,ADMRCOPD,,10P5HB,,Y_GE15,,_T,,OBS,,2017,,178.9,,,,AGE_SEX_STANDARD,,,,1,,,,,,,,0,
DATAFLOW,OECD.ELS.HD:DSD_HCQO@DF_PC(1.1),,I,SGP,,A,,ADMRCOPD,,10P5HB,,Y_GE15,,_T,,OBS,,2018,,171.6,,,,AGE_SEX_STANDARD,,,,1,,,,,,,,0,
DATAFLOW,OECD.ELS.HD:DSD_HCQO@DF_PC(1.1),,I,SGP,,A,,ADMRCOPD,,10P5HB,,Y_GE15,,_T,,OBS,,2019,,156.9,,,,AGE_SEX_STANDARD,,,,1,,,,,,,,0,
DATAFLOW,OECD.ELS.HD:DSD_HCQO@DF_PC(1.1),,I,SGP,,A,,ADMRCOPD,,10P5HB,,Y_GE15,,_T,,OBS,,2020,,104.5,,,,AGE_SEX_STANDARD,,,,1,,,,,,,,0,
DATAFLOW,OECD.ELS.HD:DSD_HCQO@DF_PC(1.1),,I,SGP,,A,,ADMRCOPD,,10P5HB,,Y_GE15,,_T,,OBS,,2021,,92.8,,,,AGE_SEX_STANDARD,,,,1,,,,,,,,0,
DATAFLOW,OECD.ELS.HD:DSD_HCQO@DF_PC(1.1),,I,SGP,,A,,ADMRCOPD,,10P5HB,,Y_GE15,,_T,,OBS,,2022,,98.9,,,,AGE_SEX_STANDARD,,,,1,,,,,,,,0,
DATAFLOW,OECD.ELS.HD:DSD_HCQO@DF_PC(1.1),,I,SGP,,A,,ADMRCOPD,,10P5HB,,Y_GE15,,_T,,OBS,,2023,,121.1,,,,AGE_SEX_STANDARD,,,,1,,,,,,,,0,
DATAFLOW,OECD.ELS.HD:DSD_HCQO@DF_PC(1.1),,I,AUT,,A,,ADMRASTH,,10P5HB,,Y_GE15,,_T,,OBS,,2015,,25.7,,,,AGE_SEX_STANDARD,,,,1,,,,,,,,0,
DATAFLOW,OECD.ELS.HD:DSD_HCQO@DF_PC(1.1),,I,AUT,,A,,ADMRASTH,,10P5HB,,Y_GE15,,_T,,OBS,,2016,,24.5,,,,AGE_SEX_STANDARD,,,,1,,,,,,,,0,
DATAFLOW,OECD.ELS.HD:DSD_HCQO@DF_PC(1.1),,I,AUT,,A,,ADMRASTH,,10P5HB,,Y_GE15,,_T,,OBS,,2017,,22.4,,,,AGE_SEX_STANDARD,,,,1,,,,,,,,0,
DATAFLOW,OECD.ELS.HD:DSD_HCQO@DF_PC(1.1),,I,AUT,,A,,ADMRASTH,,10P5HB,,Y_GE15,,_T,,OBS,,2018,,22.1,,,,AGE_SEX_STANDARD,,,,1,,,,,,,,0,
DATAFLOW,OECD.ELS.HD:DSD_HCQO@DF_PC(1.1),,I,AUT,,A,,ADMRASTH,,10P5HB,,Y_GE15,,_T,,OBS,,2019,,21.8,,,,AGE_SEX_STANDARD,,,,1,,,,,,,,0,
DATAFLOW,OECD.ELS.HD:DSD_HCQO@DF_PC(1.1),,I,AUT,,A,,ADMRASTH,,10P5HB,,Y_GE15,,_T,,OBS,,2020,,14.7,,,,AGE_SEX_STANDARD,,,,1,,,,,,,,0,
DATAFLOW,OECD.ELS.HD:DSD_HCQO@DF_PC(1.1),,I,AUT,,A,,ADMRASTH,,10P5HB,,Y_GE15,,_T,,OBS,,2021,,14.3,,,,AGE_SEX_STANDARD,,,,1,,,,,,,,0,
DATAFLOW,OECD.ELS.HD:DSD_HCQO@DF_PC(1.1),,I,AUT,,A,,ADMRASTH,,10P5HB,,Y_GE15,,_T,,OBS,,2022,,14.8,,,,AGE_SEX_STANDARD,,,,1,,,,,,,,0,
DATAFLOW,OECD.ELS.HD:DSD_HCQO@DF_PC(1.1),,I,AUT,,A,,ADMRASTH,,10P5HB,,Y_GE15,,_T,,OBS,,2023,,16.6,,,,AGE_SEX_STANDARD,,,,1,,,,,,,,0,
DATAFLOW,OECD.ELS.HD:DSD_HCQO@DF_PC(1.1),,I,CAN,,A,,ADMRASTH,,10P5HB,,Y_GE15,,_T,,OBS,,2015,,14.8,,,,AGE_SEX_STANDARD,,,,1,,,,,,,,0,
DATAFLOW,OECD.ELS.HD:DSD_HCQO@DF_PC(1.1),,I,CAN,,A,,ADMRASTH,,10P5HB,,Y_GE15,,_T,,OBS,,2016,,14.4,,,,AGE_SEX_STANDARD,,,,1,,,,,,,,0,
DATAFLOW,OECD.ELS.HD:DSD_HCQO@DF_PC(1.1),,I,CAN,,A,,ADMRASTH,,10P5HB,,Y_GE15,,_T,,OBS,,2017,,15,,,,AGE_SEX_STANDARD,,,,1,,,,,,,,0,
DATAFLOW,OECD.ELS.HD:DSD_HCQO@DF_PC(1.1),,I,CAN,,A,,ADMRASTH,,10P5HB,,Y_GE15,,_T,,OBS,,2018,,14.9,,,,AGE_SEX_STANDARD,,,,1,,,,,,,,0,
DATAFLOW,OECD.ELS.HD:DSD_HCQO@DF_PC(1.1),,I,CAN,,A,,ADMRASTH,,10P5HB,,Y_GE15,,_T,,OBS,,2019,,13.9,,,,AGE_SEX_STANDARD,,,,1,,,,,,,,0,
DATAFLOW,OECD.ELS.HD:DSD_HCQO@DF_PC(1.1),,I,CAN,,A,,ADMRASTH,,10P5HB,,Y_GE15,,_T,,OBS,,2020,,6.7,,,,AGE_SEX_STANDARD,,,,1,,,,,,,,0,
DATAFLOW,OECD.ELS.HD:DSD_HCQO@DF_PC(1.1),,I,CAN,,A,,ADMRASTH,,10P5HB,,Y_GE15,,_T,,OBS,,2021,,7.7,,,,AGE_SEX_STANDARD,,,,1,,,,,,,,0,
DATAFLOW,OECD.ELS.HD:DSD_HCQO@DF_PC(1.1),,I,CAN,,A,,ADMRASTH,,10P5HB,,Y_GE15,,_T,,OBS,,2022,,11.5,,,,AGE_SEX_STANDARD,,,,1,,,,,,,,0,
DATAFLOW,OECD.ELS.HD:DSD_HCQO@DF_PC(1.1),,I,CAN,,A,,ADMRASTH,,10P5HB,,Y_GE15,,_T,,OBS,,2023,,11.4,,,,AGE_SEX_STANDARD,,,,1,,,,,,,,0,
DATAFLOW,OECD.ELS.HD:DSD_HCQO@DF_PC(1.1),,I,CZE,,A,,ADMRASTH,,10P5HB,,Y_GE15,,_T,,OBS,,2015,,35.3,,,,AGE_SEX_STANDARD,,,,1,,,,,,,,0,
DATAFLOW,OECD.ELS.HD:DSD_HCQO@DF_PC(1.1),,I,CZE,,A,,ADMRASTH,,10P5HB,,Y_GE15,,_T,,OBS,,2016,,33.1,,,,AGE_SEX_STANDARD,,,,1,,,,,,,,0,
DATAFLOW,OECD.ELS.HD:DSD_HCQO@DF_PC(1.1),,I,CZE,,A,,ADMRASTH,,10P5HB,,Y_GE15,,_T,,OBS,,2017,,31.2,,,,AGE_SEX_STANDARD,,,,1,,,,,,,,0,
DATAFLOW,OECD.ELS.HD:DSD_HCQO@DF_PC(1.1),,I,CZE,,A,,ADMRASTH,,10P5HB,,Y_GE15,,_T,,OBS,,2018,,29.2,,,,AGE_SEX_STANDARD,,,,1,,,,,,,,0,
DATAFLOW,OECD.ELS.HD:DSD_HCQO@DF_PC(1.1),,I,CZE,,A,,ADMRASTH,,10P5HB,,Y_GE15,,_T,,OBS,,2019,,28,,,,AGE_SEX_STANDARD,,,,1,,,,,,,,0,
DATAFLOW,OECD.ELS.HD:DSD_HCQO@DF_PC(1.1),,I,CZE,,A,,ADMRASTH,,10P5HB,,Y_GE15,,_T,,OBS,,2020,,20.9,,,,AGE_SEX_STANDARD,,,,1,,,,,,,,0,
DATAFLOW,OECD.ELS.HD:DSD_HCQO@DF_PC(1.1),,I,CZE,,A,,ADMRASTH,,10P5HB,,Y_GE15,,_T,,OBS,,2021,,19.8,,,,AGE_SEX_STANDARD,,,,1,,,,,,,,0,
DATAFLOW,OECD.ELS.HD:DSD_HCQO@DF_PC(1.1),,I,CZE,,A,,ADMRASTH,,10P5HB,,Y_GE15,,_T,,OBS,,2022,,24.5,,,,AGE_SEX_STANDARD,,,,1,,,,,,,,0,
DATAFLOW,OECD.ELS.HD:DSD_HCQO@DF_PC(1.1),,I,CZE,,A,,ADMRASTH,,10P5HB,,Y_GE15,,_T,,OBS,,2023,,23.2,,,,AGE_SEX_STANDARD,,,,1,,,,,,,,0,
DATAFLOW,OECD.ELS.HD:DSD_HCQO@DF_PC(1.1),,I,DNK,,A,,ADMRASTH,,10P5HB,,Y_GE15,,_T,,OBS,,2015,,55,,,,AGE_SEX_STANDARD,,,,1,,,,,,,,0,
DATAFLOW,OECD.ELS.HD:DSD_HCQO@DF_PC(1.1),,I,DNK,,A,,ADMRASTH,,10P5HB,,Y_GE15,,_T,,OBS,,2016,,58.5,,,,AGE_SEX_STANDARD,,,,1,,,,,,,,0,
DATAFLOW,OECD.ELS.HD:DSD_HCQO@DF_PC(1.1),,I,DNK,,A,,ADMRASTH,,10P5HB,,Y_GE15,,_T,,OBS,,2017,,60.3,,,,AGE_SEX_STANDARD,,,,1,,,,,,,,0,
DATAFLOW,OECD.ELS.HD:DSD_HCQO@DF_PC(1.1),,I,DNK,,A,,ADMRASTH,,10P5HB,,Y_GE15,,_T,,OBS,,2018,,58.6,,,,AGE_SEX_STANDARD,,,,1,,,,,,,,0,
DATAFLOW,OECD.ELS.HD:DSD_HCQO@DF_PC(1.1),,I,DNK,,A,,ADMRASTH,,10P5HB,,Y_GE15,,_T,,OBS,,2019,,70.8,,,,AGE_SEX_STANDARD,,,,1,,,,,,,,0,
DATAFLOW,OECD.ELS.HD:DSD_HCQO@DF_PC(1.1),,I,DNK,,A,,ADMRASTH,,10P5HB,,Y_GE15,,_T,,OBS,,2020,,55.8,,,,AGE_SEX_STANDARD,,,,1,,,,,,,,0,
DATAFLOW,OECD.ELS.HD:DSD_HCQO@DF_PC(1.1),,I,DNK,,A,,ADMRASTH,,10P5HB,,Y_GE15,,_T,,OBS,,2021,,50.4,,,,AGE_SEX_STANDARD,,,,1,,,,,,,,0,
DATAFLOW,OECD.ELS.HD:DSD_HCQO@DF_PC(1.1),,I,DNK,,A,,ADMRASTH,,10P5HB,,Y_GE15,,_T,,OBS,,2022,,53.7,,,,AGE_SEX_STANDARD,,,,1,,,,,,,,0,
DATAFLOW,OECD.ELS.HD:DSD_HCQO@DF_PC(1.1),,I,DNK,,A,,ADMRASTH,,10P5HB,,Y_GE15,,_T,,OBS,,2023,,57.5,,,,AGE_SEX_STANDARD,,,,1,,,,,,,,0,
DATAFLOW,OECD.ELS.HD:DSD_HCQO@DF_PC(1.1),,I,DNK,,A,,ADMRASTH,,10P5HB,,Y_GE15,,_T,,OBS,,2024,,59.2,,,,AGE_SEX_STANDARD,,,,1,,,,,,,,0,
DATAFLOW,OECD.ELS.HD:DSD_HCQO@DF_PC(1.1),,I,EST,,A,,ADMRASTH,,10P5HB,,Y_GE15,,_T,,OBS,,2015,,29.7,,,,AGE_SEX_STANDARD,,,,1,,,,,,,,0,
DATAFLOW,OECD.ELS.HD:DSD_HCQO@DF_PC(1.1),,I,EST,,A,,ADMRASTH,,10P5HB,,Y_GE15,,_T,,OBS,,2016,,33.4,,,,AGE_SEX_STANDARD,,,,1,,,,,,,,0,
DATAFLOW,OECD.ELS.HD:DSD_HCQO@DF_PC(1.1),,I,EST,,A,,ADMRASTH,,10P5HB,,Y_GE15,,_T,,OBS,,2017,,27.3,,,,AGE_SEX_STANDARD,,,,1,,,,,,,,0,
DATAFLOW,OECD.ELS.HD:DSD_HCQO@DF_PC(1.1),,I,EST,,A,,ADMRASTH,,10P5HB,,Y_GE15,,_T,,OBS,,2018,,24.6,,,,AGE_SEX_STANDARD,,,,1,,,,,,,,0,
DATAFLOW,OECD.ELS.HD:DSD_HCQO@DF_PC(1.1),,I,EST,,A,,ADMRASTH,,10P5HB,,Y_GE15,,_T,,OBS,,2019,,25.5,,,,AGE_SEX_STANDARD,,,,1,,,,,,,,0,
DATAFLOW,OECD.ELS.HD:DSD_HCQO@DF_PC(1.1),,I,EST,,A,,ADMRASTH,,10P5HB,,Y_GE15,,_T,,OBS,,2020,,16.2,,,,AGE_SEX_STANDARD,,,,1,,,,,,,,0,
DATAFLOW,OECD.ELS.HD:DSD_HCQO@DF_PC(1.1),,I,EST,,A,,ADMRASTH,,10P5HB,,Y_GE15,,_T,,OBS,,2021,,16.2,,,,AGE_SEX_STANDARD,,,,1,,,,,,,,0,
DATAFLOW,OECD.ELS.HD:DSD_HCQO@DF_PC(1.1),,I,EST,,A,,ADMRASTH,,10P5HB,,Y_GE15,,_T,,OBS,,2022,,18.8,,,,AGE_SEX_STANDARD,,,,1,,,,,,,,0,
DATAFLOW,OECD.ELS.HD:DSD_HCQO@DF_PC(1.1),,I,EST,,A,,ADMRASTH,,10P5HB,,Y_GE15,,_T,,OBS,,2023,,14.6,,,,AGE_SEX_STANDARD,,,,1,,,,,,,,0,
DATAFLOW,OECD.ELS.HD:DSD_HCQO@DF_PC(1.1),,I,FIN,,A,,ADMRASTH,,10P5HB,,Y_GE15,,_T,,OBS,,2015,,50.9,,,,AGE_SEX_STANDARD,,,,1,,,,,,,,0,
DATAFLOW,OECD.ELS.HD:DSD_HCQO@DF_PC(1.1),,I,FIN,,A,,ADMRASTH,,10P5HB,,Y_GE15,,_T,,OBS,,2016,,48.3,,,,AGE_SEX_STANDARD,,,,1,,,,,,,,0,
DATAFLOW,OECD.ELS.HD:DSD_HCQO@DF_PC(1.1),,I,FIN,,A,,ADMRASTH,,10P5HB,,Y_GE15,,_T,,OBS,,2017,,52.2,,,,AGE_SEX_STANDARD,,,,1,,,,,,,,0,
DATAFLOW,OECD.ELS.HD:DSD_HCQO@DF_PC(1.1),,I,FIN,,A,,ADMRASTH,,10P5HB,,Y_GE15,,_T,,OBS,,2018,,43.8,,,,AGE_SEX_STANDARD,,,,1,,,,,,,,0,
DATAFLOW,OECD.ELS.HD:DSD_HCQO@DF_PC(1.1),,I,FIN,,A,,ADMRASTH,,10P5HB,,Y_GE15,,_T,,OBS,,2019,,44.2,,,,AGE_SEX_STANDARD,,,,1,,,,,,,,0,
DATAFLOW,OECD.ELS.HD:DSD_HCQO@DF_PC(1.1),,I,FIN,,A,,ADMRASTH,,10P5HB,,Y_GE15,,_T,,OBS,,2020,,32.9,,,,AGE_SEX_STANDARD,,,,1,,,,,,,,0,
DATAFLOW,OECD.ELS.HD:DSD_HCQO@DF_PC(1.1),,I,FIN,,A,,ADMRASTH,,10P5HB,,Y_GE15,,_T,,OBS,,2021,,27.4,,,,AGE_SEX_STANDARD,,,,1,,,,,,,,0,
DATAFLOW,OECD.ELS.HD:DSD_HCQO@DF_PC(1.1),,I,FIN,,A,,ADMRASTH,,10P5HB,,Y_GE15,,_T,,OBS,,2022,,25.9,,,,AGE_SEX_STANDARD,,,,1,,,,,,,,0,
DATAFLOW,OECD.ELS.HD:DSD_HCQO@DF_PC(1.1),,I,FIN,,A,,ADMRASTH,,10P5HB,,Y_GE15,,_T,,OBS,,2023,,26.9,,,,AGE_SEX_STANDARD,,,,1,,,,,,,,0,
DATAFLOW,OECD.ELS.HD:DSD_HCQO@DF_PC(1.1),,I,DEU,,A,,ADMRASTH,,10P5HB,,Y_GE15,,_T,,OBS,,2015,,28.7,,,,AGE_SEX_STANDARD,,,,1,,,,,,,,0,
DATAFLOW,OECD.ELS.HD:DSD_HCQO@DF_PC(1.1),,I,DEU,,A,,ADMRASTH,,10P5HB,,Y_GE15,,_T,,OBS,,2017,,30.4,,,,AGE_SEX_STANDARD,,,,1,,,,,,,,0,
DATAFLOW,OECD.ELS.HD:DSD_HCQO@DF_PC(1.1),,I,DEU,,A,,ADMRASTH,,10P5HB,,Y_GE15,,_T,,OBS,,2019,,31.7,,,,AGE_SEX_STANDARD,,,,1,,,,,,,,0,
DATAFLOW,OECD.ELS.HD:DSD_HCQO@DF_PC(1.1),,I,DEU,,A,,ADMRASTH,,10P5HB,,Y_GE15,,_T,,OBS,,2021,,21.3,,,,AGE_SEX_STANDARD,,,,1,,,,,,,,0,
DATAFLOW,OECD.ELS.HD:DSD_HCQO@DF_PC(1.1),,I,DEU,,A,,ADMRASTH,,10P5HB,,Y_GE15,,_T,,OBS,,2023,,27.2,,,,AGE_SEX_STANDARD,,,,1,,,,,,,,0,
DATAFLOW,OECD.ELS.HD:DSD_HCQO@DF_PC(1.1),,I,IRL,,A,,ADMRASTH,,10P5HB,,Y_GE15,,_T,,OBS,,2015,,43.5,,,,AGE_SEX_STANDARD,,,,1,,,,,,,,0,
DATAFLOW,OECD.ELS.HD:DSD_HCQO@DF_PC(1.1),,I,IRL,,A,,ADMRASTH,,10P5HB,,Y_GE15,,_T,,OBS,,2016,,44.7,,,,AGE_SEX_STANDARD,,,,1,,,,,,,,0,
DATAFLOW,OECD.ELS.HD:DSD_HCQO@DF_PC(1.1),,I,IRL,,A,,ADMRASTH,,10P5HB,,Y_GE15,,_T,,OBS,,2017,,41.3,,,,AGE_SEX_STANDARD,,,,1,,,,,,,,0,
DATAFLOW,OECD.ELS.HD:DSD_HCQO@DF_PC(1.1),,I,IRL,,A,,ADMRASTH,,10P5HB,,Y_GE15,,_T,,OBS,,2018,,41.7,,,,AGE_SEX_STANDARD,,,,1,,,,,,,,0,
DATAFLOW,OECD.ELS.HD:DSD_HCQO@DF_PC(1.1),,I,IRL,,A,,ADMRASTH,,10P5HB,,Y_GE15,,_T,,OBS,,2019,,42.5,,,,AGE_SEX_STANDARD,,,,1,,,,,,,,0,
DATAFLOW,OECD.ELS.HD:DSD_HCQO@DF_PC(1.1),,I,IRL,,A,,ADMRASTH,,10P5HB,,Y_GE15,,_T,,OBS,,2020,,33.1,,,,AGE_SEX_STANDARD,,,,1,,,,,,,,0,
DATAFLOW,OECD.ELS.HD:DSD_HCQO@DF_PC(1.1),,I,IRL,,A,,ADMRASTH,,10P5HB,,Y_GE15,,_T,,OBS,,2021,,28.3,,,,AGE_SEX_STANDARD,,,,1,,,,,,,,0,
DATAFLOW,OECD.ELS.HD:DSD_HCQO@DF_PC(1.1),,I,IRL,,A,,ADMRASTH,,10P5HB,,Y_GE15,,_T,,OBS,,2022,,33.2,,,,AGE_SEX_STANDARD,,,,1,,,,,,,,0,
DATAFLOW,OECD.ELS.HD:DSD_HCQO@DF_PC(1.1),,I,IRL,,A,,ADMRASTH,,10P5HB,,Y_GE15,,_T,,OBS,,2023,,34.4,,,,AGE_SEX_STANDARD,,,,1,,,,,,,,0,
DATAFLOW,OECD.ELS.HD:DSD_HCQO@DF_PC(1.1),,I,ISR,,A,,ADMRASTH,,10P5HB,,Y_GE15,,_T,,OBS,,2015,,51.5,,,,AGE_SEX_STANDARD,,,,1,,,,,,,,0,
DATAFLOW,OECD.ELS.HD:DSD_HCQO@DF_PC(1.1),,I,ISR,,A,,ADMRASTH,,10P5HB,,Y_GE15,,_T,,OBS,,2016,,47.8,,,,AGE_SEX_STANDARD,,,,1,,,,,,,,0,
DATAFLOW,OECD.ELS.HD:DSD_HCQO@DF_PC(1.1),,I,ISR,,A,,ADMRASTH,,10P5HB,,Y_GE15,,_T,,OBS,,2017,,44.3,,,,AGE_SEX_STANDARD,,,,1,,,,,,,,0,
DATAFLOW,OECD.ELS.HD:DSD_HCQO@DF_PC(1.1),,I,ISR,,A,,ADMRASTH,,10P5HB,,Y_GE15,,_T,,OBS,,2018,,44.2,,,,AGE_SEX_STANDARD,,,,1,,,,,,,,0,
DATAFLOW,OECD.ELS.HD:DSD_HCQO@DF_PC(1.1),,I,ISR,,A,,ADMRASTH,,10P5HB,,Y_GE15,,_T,,OBS,,2019,,41.1,,,,AGE_SEX_STANDARD,,,,1,,,,,,,,0,
DATAFLOW,OECD.ELS.HD:DSD_HCQO@DF_PC(1.1),,I,ISR,,A,,ADMRASTH,,10P5HB,,Y_GE15,,_T,,OBS,,2020,,22.5,,,,AGE_SEX_STANDARD,,,,1,,,,,,,,0,
DATAFLOW,OECD.ELS.HD:DSD_HCQO@DF_PC(1.1),,I,ISR,,A,,ADMRASTH,,10P5HB,,Y_GE15,,_T,,OBS,,2021,,29.5,,,,AGE_SEX_STANDARD,,,,1,,,,,,,,0,
DATAFLOW,OECD.ELS.HD:DSD_HCQO@DF_PC(1.1),,I,ISR,,A,,ADMRASTH,,10P5HB,,Y_GE15,,_T,,OBS,,2022,,33.2,,,,AGE_SEX_STANDARD,,,,1,,,,,,,,0,
DATAFLOW,OECD.ELS.HD:DSD_HCQO@DF_PC(1.1),,I,ISR,,A,,ADMRASTH,,10P5HB,,Y_GE15,,_T,,OBS,,2023,,32.4,,,,AGE_SEX_STANDARD,,,,1,,,,,,,,0,
DATAFLOW,OECD.ELS.HD:DSD_HCQO@DF_PC(1.1),,I,ITA,,A,,ADMRASTH,,10P5HB,,Y_GE15,,_T,,OBS,,2022,,6.2,,,,AGE_SEX_STANDARD,,,,1,,,,,,,,0,
DATAFLOW,OECD.ELS.HD:DSD_HCQO@DF_PC(1.1),,I,ITA,,A,,ADMRASTH,,10P5HB,,Y_GE15,,_T,,OBS,,2023,,6.9,,,,AGE_SEX_STANDARD,,,,1,,,,,,,,0,
DATAFLOW,OECD.ELS.HD:DSD_HCQO@DF_PC(1.1),,I,KOR,,A,,ADMRASTH,,10P5HB,,Y_GE15,,_T,,OBS,,2015,,83,,,,AGE_SEX_STANDARD,,,,1,,,,,,,,0,
DATAFLOW,OECD.ELS.HD:DSD_HCQO@DF_PC(1.1),,I,KOR,,A,,ADMRASTH,,10P5HB,,Y_GE15,,_T,,OBS,,2016,,79.4,,,,AGE_SEX_STANDARD,,,,1,,,,,,,,0,
DATAFLOW,OECD.ELS.HD:DSD_HCQO@DF_PC(1.1),,I,KOR,,A,,ADMRASTH,,10P5HB,,Y_GE15,,_T,,OBS,,2017,,74.5,,,,AGE_SEX_STANDARD,,,,1,,,,,,,,0,
DATAFLOW,OECD.ELS.HD:DSD_HCQO@DF_PC(1.1),,I,KOR,,A,,ADMRASTH,,10P5HB,,Y_GE15,,_T,,OBS,,2018,,69.9,,,,AGE_SEX_STANDARD,,,,1,,,,,,,,0,
DATAFLOW,OECD.ELS.HD:DSD_HCQO@DF_PC(1.1),,I,KOR,,A,,ADMRASTH,,10P5HB,,Y_GE15,,_T,,OBS,,2019,,61,,,,AGE_SEX_STANDARD,,,,1,,,,,,,,0,
DATAFLOW,OECD.ELS.HD:DSD_HCQO@DF_PC(1.1),,I,KOR,,A,,ADMRASTH,,10P5HB,,Y_GE15,,_T,,OBS,,2020,,35.4,,,,AGE_SEX_STANDARD,,,,1,,,,,,,,0,
DATAFLOW,OECD.ELS.HD:DSD_HCQO@DF_PC(1.1),,I,KOR,,A,,ADMRASTH,,10P5HB,,Y_GE15,,_T,,OBS,,2021,,27.1,,,,AGE_SEX_STANDARD,,,,1,,,,,,,,0,
DATAFLOW,OECD.ELS.HD:DSD_HCQO@DF_PC(1.1),,I,KOR,,A,,ADMRASTH,,10P5HB,,Y_GE15,,_T,,OBS,,2022,,30.6,,,,AGE_SEX_STANDARD,,,,1,,,,,,,,0,
DATAFLOW,OECD.ELS.HD:DSD_HCQO@DF_PC(1.1),,I,KOR,,A,,ADMRASTH,,10P5HB,,Y_GE15,,_T,,OBS,,2023,,41.1,,,,AGE_SEX_STANDARD,,,,1,,,,,,,,0,
DATAFLOW,OECD.ELS.HD:DSD_HCQO@DF_PC(1.1),,I,LVA,,A,,ADMRASTH,,10P5HB,,Y_GE15,,_T,,OBS,,2015,,108.3,,,,AGE_SEX_STANDARD,,,,1,,,,,,,,0,
DATAFLOW,OECD.ELS.HD:DSD_HCQO@DF_PC(1.1),,I,LVA,,A,,ADMRASTH,,10P5HB,,Y_GE15,,_T,,OBS,,2016,,104.7,,,,AGE_SEX_STANDARD,,,,1,,,,,,,,0,
DATAFLOW,OECD.ELS.HD:DSD_HCQO@DF_PC(1.1),,I,LVA,,A,,ADMRASTH,,10P5HB,,Y_GE15,,_T,,OBS,,2017,,104.3,,,,AGE_SEX_STANDARD,,,,1,,,,,,,,0,
DATAFLOW,OECD.ELS.HD:DSD_HCQO@DF_PC(1.1),,I,LVA,,A,,ADMRASTH,,10P5HB,,Y_GE15,,_T,,OBS,,2018,,102.7,,,,AGE_SEX_STANDARD,,,,1,,,,,,,,0,
DATAFLOW,OECD.ELS.HD:DSD_HCQO@DF_PC(1.1),,I,LVA,,A,,ADMRASTH,,10P5HB,,Y_GE15,,_T,,OBS,,2019,,95.6,,,,AGE_SEX_STANDARD,,,,1,,,,,,,,0,
DATAFLOW,OECD.ELS.HD:DSD_HCQO@DF_PC(1.1),,I,LVA,,A,,ADMRASTH,,10P5HB,,Y_GE15,,_T,,OBS,,2020,,60,,,,AGE_SEX_STANDARD,,,,1,,,,,,,,0,
DATAFLOW,OECD.ELS.HD:DSD_HCQO@DF_PC(1.1),,I,LVA,,A,,ADMRASTH,,10P5HB,,Y_GE15,,_T,,OBS,,2021,,29.9,,,,AGE_SEX_STANDARD,,,,1,,,,,,,,0,
DATAFLOW,OECD.ELS.HD:DSD_HCQO@DF_PC(1.1),,I,LVA,,A,,ADMRASTH,,10P5HB,,Y_GE15,,_T,,OBS,,2022,,49.6,,,,AGE_SEX_STANDARD,,,,1,,,,,,,,0,
DATAFLOW,OECD.ELS.HD:DSD_HCQO@DF_PC(1.1),,I,LVA,,A,,ADMRASTH,,10P5HB,,Y_GE15,,_T,,OBS,,2023,,54.5,,,,AGE_SEX_STANDARD,,,,1,,,,,,,,0,
DATAFLOW,OECD.ELS.HD:DSD_HCQO@DF_PC(1.1),,I,LTU,,A,,ADMRASTH,,10P5HB,,Y_GE15,,_T,,OBS,,2015,,56.9,,,,AGE_SEX_STANDARD,,,,1,,,,,,,,0,
DATAFLOW,OECD.ELS.HD:DSD_HCQO@DF_PC(1.1),,I,LTU,,A,,ADMRASTH,,10P5HB,,Y_GE15,,_T,,OBS,,2016,,56.5,,,,AGE_SEX_STANDARD,,,,1,,,,,,,,0,
DATAFLOW,OECD.ELS.HD:DSD_HCQO@DF_PC(1.1),,I,LTU,,A,,ADMRASTH,,10P5HB,,Y_GE15,,_T,,OBS,,2017,,55.2,,,,AGE_SEX_STANDARD,,,,1,,,,,,,,0,
DATAFLOW,OECD.ELS.HD:DSD_HCQO@DF_PC(1.1),,I,LTU,,A,,ADMRASTH,,10P5HB,,Y_GE15,,_T,,OBS,,2018,,49.3,,,,AGE_SEX_STANDARD,,,,1,,,,,,,,0,
DATAFLOW,OECD.ELS.HD:DSD_HCQO@DF_PC(1.1),,I,LTU,,A,,ADMRASTH,,10P5HB,,Y_GE15,,_T,,OBS,,2019,,42.6,,,,AGE_SEX_STANDARD,,,,1,,,,,,,,0,
DATAFLOW,OECD.ELS.HD:DSD_HCQO@DF_PC(1.1),,I,LTU,,A,,ADMRASTH,,10P5HB,,Y_GE15,,_T,,OBS,,2020,,20,,,,AGE_SEX_STANDARD,,,,1,,,,,,,,0,
DATAFLOW,OECD.ELS.HD:DSD_HCQO@DF_PC(1.1),,I,LTU,,A,,ADMRASTH,,10P5HB,,Y_GE15,,_T,,OBS,,2021,,14.4,,,,AGE_SEX_STANDARD,,,,1,,,,,,,,0,
DATAFLOW,OECD.ELS.HD:DSD_HCQO@DF_PC(1.1),,I,LTU,,A,,ADMRASTH,,10P5HB,,Y_GE15,,_T,,OBS,,2022,,22.3,,,,AGE_SEX_STANDARD,,,,1,,,,,,,,0,
DATAFLOW,OECD.ELS.HD:DSD_HCQO@DF_PC(1.1),,I,LTU,,A,,ADMRASTH,,10P5HB,,Y_GE15,,_T,,OBS,,2023,,24.1,,,,AGE_SEX_STANDARD,,,,1,,,,,,,,0,
DATAFLOW,OECD.ELS.HD:DSD_HCQO@DF_PC(1.1),,I,LTU,,A,,ADMRASTH,,10P5HB,,Y_GE15,,_T,,OBS,,2024,,23.2,,,,AGE_SEX_STANDARD,,,,1,,,,,,,,0,
DATAFLOW,OECD.ELS.HD:DSD_HCQO@DF_PC(1.1),,I,NOR,,A,,ADMRASTH,,10P5HB,,Y_GE15,,_T,,OBS,,2021,,16,,,,AGE_SEX_STANDARD,,,,1,,,,,,,,0,
DATAFLOW,OECD.ELS.HD:DSD_HCQO@DF_PC(1.1),,I,NOR,,A,,ADMRASTH,,10P5HB,,Y_GE15,,_T,,OBS,,2022,,19.1,,,,AGE_SEX_STANDARD,,,,1,,,,,,,,0,
DATAFLOW,OECD.ELS.HD:DSD_HCQO@DF_PC(1.1),,I,NOR,,A,,ADMRASTH,,10P5HB,,Y_GE15,,_T,,OBS,,2023,,18,,,,AGE_SEX_STANDARD,,,,1,,,,,,,,0,
DATAFLOW,OECD.ELS.HD:DSD_HCQO@DF_PC(1.1),,I,NOR,,A,,ADMRASTH,,10P5HB,,Y_GE15,,_T,,OBS,,2024,,20.4,,,,AGE_SEX_STANDARD,,,,1,,,,,,,,0,
DATAFLOW,OECD.ELS.HD:DSD_HCQO@DF_PC(1.1),,I,POL,,A,,ADMRASTH,,10P5HB,,Y_GE15,,_T,,OBS,,2020,,35.6,,,,AGE_SEX_STANDARD,,,,1,,,,,,,,0,
DATAFLOW,OECD.ELS.HD:DSD_HCQO@DF_PC(1.1),,I,POL,,A,,ADMRASTH,,10P5HB,,Y_GE15,,_T,,OBS,,2021,,30.2,,,,AGE_SEX_STANDARD,,,,1,,,,,,,,0,
DATAFLOW,OECD.ELS.HD:DSD_HCQO@DF_PC(1.1),,I,POL,,A,,ADMRASTH,,10P5HB,,Y_GE15,,_T,,OBS,,2022,,44.2,,,,AGE_SEX_STANDARD,,,,1,,,,,,,,0,
DATAFLOW,OECD.ELS.HD:DSD_HCQO@DF_PC(1.1),,I,POL,,A,,ADMRASTH,,10P5HB,,Y_GE15,,_T,,OBS,,2023,,53.1,,,,AGE_SEX_STANDARD,,,,1,,,,,,,,0,
DATAFLOW,OECD.ELS.HD:DSD_HCQO@DF_PC(1.1),,I,SVK,,A,,ADMRASTH,,10P5HB,,Y_GE15,,_T,,OBS,,2022,,41.9,,,,AGE_SEX_STANDARD,,,,1,,,,,,,,0,
DATAFLOW,OECD.ELS.HD:DSD_HCQO@DF_PC(1.1),,I,SVK,,A,,ADMRASTH,,10P5HB,,Y_GE15,,_T,,OBS,,2023,,53.8,,,,AGE_SEX_STANDARD,,,,1,,,,,,,,0,
DATAFLOW,OECD.ELS.HD:DSD_HCQO@DF_PC(1.1),,I,SVN,,A,,ADMRASTH,,10P5HB,,Y_GE15,,_T,,OBS,,2015,,45,,,,AGE_SEX_STANDARD,,,,1,,,,,,,,0,
DATAFLOW,OECD.ELS.HD:DSD_HCQO@DF_PC(1.1),,I,SVN,,A,,ADMRASTH,,10P5HB,,Y_GE15,,_T,,OBS,,2016,,35.2,,,,AGE_SEX_STANDARD,,,,1,,,,,,,,0,
DATAFLOW,OECD.ELS.HD:DSD_HCQO@DF_PC(1.1),,I,SVN,,A,,ADMRASTH,,10P5HB,,Y_GE15,,_T,,OBS,,2017,,34.1,,,,AGE_SEX_STANDARD,,,,1,,,,,,,,0,
DATAFLOW,OECD.ELS.HD:DSD_HCQO@DF_PC(1.1),,I,SVN,,A,,ADMRASTH,,10P5HB,,Y_GE15,,_T,,OBS,,2018,,32.7,,,,AGE_SEX_STANDARD,,,,1,,,,,,,,0,
DATAFLOW,OECD.ELS.HD:DSD_HCQO@DF_PC(1.1),,I,SVN,,A,,ADMRASTH,,10P5HB,,Y_GE15,,_T,,OBS,,2019,,30,,,,AGE_SEX_STANDARD,,,,1,,,,,,,,0,
DATAFLOW,OECD.ELS.HD:DSD_HCQO@DF_PC(1.1),,I,SVN,,A,,ADMRASTH,,10P5HB,,Y_GE15,,_T,,OBS,,2020,,17.4,,,,AGE_SEX_STANDARD,,,,1,,,,,,,,0,
DATAFLOW,OECD.ELS.HD:DSD_HCQO@DF_PC(1.1),,I,SVN,,A,,ADMRASTH,,10P5HB,,Y_GE15,,_T,,OBS,,2021,,15.2,,,,AGE_SEX_STANDARD,,,,1,,,,,,,,0,
DATAFLOW,OECD.ELS.HD:DSD_HCQO@DF_PC(1.1),,I,SVN,,A,,ADMRASTH,,10P5HB,,Y_GE15,,_T,,OBS,,2022,,20.7,,,,AGE_SEX_STANDARD,,,,1,,,,,,,,0,
DATAFLOW,OECD.ELS.HD:DSD_HCQO@DF_PC(1.1),,I,SVN,,A,,ADMRASTH,,10P5HB,,Y_GE15,,_T,,OBS,,2023,,23.5,,,,AGE_SEX_STANDARD,,,,1,,,,,,,,0,
DATAFLOW,OECD.ELS.HD:DSD_HCQO@DF_PC(1.1),,I,ESP,,A,,ADMRASTH,,10P5HB,,Y_GE15,,_T,,OBS,,2015,,46.6,,,,AGE_SEX_STANDARD,,,,1,,,,,,,,0,
DATAFLOW,OECD.ELS.HD:DSD_HCQO@DF_PC(1.1),,I,ESP,,A,,ADMRASTH,,10P5HB,,Y_GE15,,_T,,OBS,,2016,,34.1,,,,AGE_SEX_STANDARD,,,,1,,,,,,,,0,
DATAFLOW,OECD.ELS.HD:DSD_HCQO@DF_PC(1.1),,I,ESP,,A,,ADMRASTH,,10P5HB,,Y_GE15,,_T,,OBS,,2017,,36.2,,,,AGE_SEX_STANDARD,,,,1,,,,,,,,0,
DATAFLOW,OECD.ELS.HD:DSD_HCQO@DF_PC(1.1),,I,ESP,,A,,ADMRASTH,,10P5HB,,Y_GE15,,_T,,OBS,,2018,,37.3,,,,AGE_SEX_STANDARD,,,,1,,,,,,,,0,
DATAFLOW,OECD.ELS.HD:DSD_HCQO@DF_PC(1.1),,I,ESP,,A,,ADMRASTH,,10P5HB,,Y_GE15,,_T,,OBS,,2019,,34.8,,,,AGE_SEX_STANDARD,,,,1,,,,,,,,0,
DATAFLOW,OECD.ELS.HD:DSD_HCQO@DF_PC(1.1),,I,ESP,,A,,ADMRASTH,,10P5HB,,Y_GE15,,_T,,OBS,,2020,,23.8,,,,AGE_SEX_STANDARD,,,,1,,,,,,,,0,
DATAFLOW,OECD.ELS.HD:DSD_HCQO@DF_PC(1.1),,I,ESP,,A,,ADMRASTH,,10P5HB,,Y_GE15,,_T,,OBS,,2021,,22.4,,,,AGE_SEX_STANDARD,,,,1,,,,,,,,0,
DATAFLOW,OECD.ELS.HD:DSD_HCQO@DF_PC(1.1),,I,ESP,,A,,ADMRASTH,,10P5HB,,Y_GE15,,_T,,OBS,,2022,,25.4,,,,AGE_SEX_STANDARD,,,,1,,,,,,,,0,
DATAFLOW,OECD.ELS.HD:DSD_HCQO@DF_PC(1.1),,I,ESP,,A,,ADMRASTH,,10P5HB,,Y_GE15,,_T,,OBS,,2023,,29.6,,,,AGE_SEX_STANDARD,,,,1,,,,,,,,0,
DATAFLOW,OECD.ELS.HD:DSD_HCQO@DF_PC(1.1),,I,SWE,,A,,ADMRASTH,,10P5HB,,Y_GE15,,_T,,OBS,,2015,,19.3,,,,AGE_SEX_STANDARD,,,,1,,,,,,,,0,
DATAFLOW,OECD.ELS.HD:DSD_HCQO@DF_PC(1.1),,I,SWE,,A,,ADMRASTH,,10P5HB,,Y_GE15,,_T,,OBS,,2016,,18,,,,AGE_SEX_STANDARD,,,,1,,,,,,,,0,
DATAFLOW,OECD.ELS.HD:DSD_HCQO@DF_PC(1.1),,I,SWE,,A,,ADMRASTH,,10P5HB,,Y_GE15,,_T,,OBS,,2017,,16.5,,,,AGE_SEX_STANDARD,,,,1,,,,,,,,0,
DATAFLOW,OECD.ELS.HD:DSD_HCQO@DF_PC(1.1),,I,SWE,,A,,ADMRASTH,,10P5HB,,Y_GE15,,_T,,OBS,,2018,,15,,,,AGE_SEX_STANDARD,,,,1,,,,,,,,0,
DATAFLOW,OECD.ELS.HD:DSD_HCQO@DF_PC(1.1),,I,SWE,,A,,ADMRASTH,,10P5HB,,Y_GE15,,_T,,OBS,,2019,,15.9,,,,AGE_SEX_STANDARD,,,,1,,,,,,,,0,
DATAFLOW,OECD.ELS.HD:DSD_HCQO@DF_PC(1.1),,I,SWE,,A,,ADMRASTH,,10P5HB,,Y_GE15,,_T,,OBS,,2020,,13.2,,,,AGE_SEX_STANDARD,,,,1,,,,,,,,0,
DATAFLOW,OECD.ELS.HD:DSD_HCQO@DF_PC(1.1),,I,SWE,,A,,ADMRASTH,,10P5HB,,Y_GE15,,_T,,OBS,,2021,,11.9,,,,AGE_SEX_STANDARD,,,,1,,,,,,,,0,
DATAFLOW,OECD.ELS.HD:DSD_HCQO@DF_PC(1.1),,I,SWE,,A,,ADMRASTH,,10P5HB,,Y_GE15,,_T,,OBS,,2022,,11.5,,,,AGE_SEX_STANDARD,,,,1,,,,,,,,0,
DATAFLOW,OECD.ELS.HD:DSD_HCQO@DF_PC(1.1),,I,SWE,,A,,ADMRASTH,,10P5HB,,Y_GE15,,_T,,OBS,,2023,,11.6,,,,AGE_SEX_STANDARD,,,,1,,,,,,,,0,
DATAFLOW,OECD.ELS.HD:DSD_HCQO@DF_PC(1.1),,I,GBR,,A,,ADMRASTH,,10P5HB,,Y_GE15,,_T,,OBS,,2015,,71.1,,,,AGE_SEX_STANDARD,,,,1,,,,,,,,0,
DATAFLOW,OECD.ELS.HD:DSD_HCQO@DF_PC(1.1),,I,GBR,,A,,ADMRASTH,,10P5HB,,Y_GE15,,_T,,OBS,,2016,,72.7,,,,AGE_SEX_STANDARD,,,,1,,,,,,,,0,
DATAFLOW,OECD.ELS.HD:DSD_HCQO@DF_PC(1.1),,I,GBR,,A,,ADMRASTH,,10P5HB,,Y_GE15,,_T,,OBS,,2017,,73.4,,,,AGE_SEX_STANDARD,,,,1,,,,,,,,0,
DATAFLOW,OECD.ELS.HD:DSD_HCQO@DF_PC(1.1),,I,GBR,,A,,ADMRASTH,,10P5HB,,Y_GE15,,_T,,OBS,,2018,,75.3,,,,AGE_SEX_STANDARD,,,,1,,,,,,,,0,
DATAFLOW,OECD.ELS.HD:DSD_HCQO@DF_PC(1.1),,I,GBR,,A,,ADMRASTH,,10P5HB,,Y_GE15,,_T,,OBS,,2019,,74.9,,,,AGE_SEX_STANDARD,,,,1,,,,,,,,0,
DATAFLOW,OECD.ELS.HD:DSD_HCQO@DF_PC(1.1),,I,GBR,,A,,ADMRASTH,,10P5HB,,Y_GE15,,_T,,OBS,,2020,,34.4,,,,AGE_SEX_STANDARD,,,,1,,,,,,,,0,
DATAFLOW,OECD.ELS.HD:DSD_HCQO@DF_PC(1.1),,I,GBR,,A,,ADMRASTH,,10P5HB,,Y_GE15,,_T,,OBS,,2021,,47.2,,,,AGE_SEX_STANDARD,,,,1,,,,,,,,0,
DATAFLOW,OECD.ELS.HD:DSD_HCQO@DF_PC(1.1),,I,GBR,,A,,ADMRASTH,,10P5HB,,Y_GE15,,_T,,OBS,,2023,,60.5,,,,AGE_SEX_STANDARD,,,,1,,,,,,,,0,
DATAFLOW,OECD.ELS.HD:DSD_HCQO@DF_PC(1.1),,I,USA,,A,,ADMRASTH,,10P5HB,,Y_GE15,,_T,,OBS,,2021,,21.1,,,,AGE_SEX_STANDARD,,,,1,,,,,,,,0,
DATAFLOW,OECD.ELS.HD:DSD_HCQO@DF_PC(1.1),,I,USA,,A,,ADMRASTH,,10P5HB,,Y_GE15,,_T,,OBS,,2022,,22.4,,,,AGE_SEX_STANDARD,,,,1,,,,,,,,0,
DATAFLOW,OECD.ELS.HD:DSD_HCQO@DF_PC(1.1),,I,HRV,,A,,ADMRASTH,,10P5HB,,Y_GE15,,_T,,OBS,,2018,,10,,,,AGE_SEX_STANDARD,,,,1,,,,,,,,0,
DATAFLOW,OECD.ELS.HD:DSD_HCQO@DF_PC(1.1),,I,HRV,,A,,ADMRASTH,,10P5HB,,Y_GE15,,_T,,OBS,,2019,,9.5,,,,AGE_SEX_STANDARD,,,,1,,,,,,,,0,
DATAFLOW,OECD.ELS.HD:DSD_HCQO@DF_PC(1.1),,I,HRV,,A,,ADMRASTH,,10P5HB,,Y_GE15,,_T,,OBS,,2020,,4.8,,,,AGE_SEX_STANDARD,,,,1,,,,,,,,0,
DATAFLOW,OECD.ELS.HD:DSD_HCQO@DF_PC(1.1),,I,HRV,,A,,ADMRASTH,,10P5HB,,Y_GE15,,_T,,OBS,,2021,,4.5,,,,AGE_SEX_STANDARD,,,,1,,,,,,,,0,
DATAFLOW,OECD.ELS.HD:DSD_HCQO@DF_PC(1.1),,I,HRV,,A,,ADMRASTH,,10P5HB,,Y_GE15,,_T,,OBS,,2022,,6.6,,,,AGE_SEX_STANDARD,,,,1,,,,,,,,0,
DATAFLOW,OECD.ELS.HD:DSD_HCQO@DF_PC(1.1),,I,HRV,,A,,ADMRASTH,,10P5HB,,Y_GE15,,_T,,OBS,,2023,,6.9,,,,AGE_SEX_STANDARD,,,,1,,,,,,,,0,
DATAFLOW,OECD.ELS.HD:DSD_HCQO@DF_PC(1.1),,I,MLT,,A,,ADMRASTH,,10P5HB,,Y_GE15,,_T,,OBS,,2015,,86.7,,,,AGE_SEX_STANDARD,,,,1,,,,,,,,0,
DATAFLOW,OECD.ELS.HD:DSD_HCQO@DF_PC(1.1),,I,MLT,,A,,ADMRASTH,,10P5HB,,Y_GE15,,_T,,OBS,,2016,,80.9,,,,AGE_SEX_STANDARD,,,,1,,,,,,,,0,
DATAFLOW,OECD.ELS.HD:DSD_HCQO@DF_PC(1.1),,I,MLT,,A,,ADMRASTH,,10P5HB,,Y_GE15,,_T,,OBS,,2017,,91.1,,,,AGE_SEX_STANDARD,,,,1,,,,,,,,0,
DATAFLOW,OECD.ELS.HD:DSD_HCQO@DF_PC(1.1),,I,MLT,,A,,ADMRASTH,,10P5HB,,Y_GE15,,_T,,OBS,,2018,,96.2,,,,AGE_SEX_STANDARD,,,,1,,,,,,,,0,
DATAFLOW,OECD.ELS.HD:DSD_HCQO@DF_PC(1.1),,I,MLT,,A,,ADMRASTH,,10P5HB,,Y_GE15,,_T,,OBS,,2019,,88.2,,,,AGE_SEX_STANDARD,,,,1,,,,,,,,0,
DATAFLOW,OECD.ELS.HD:DSD_HCQO@DF_PC(1.1),,I,MLT,,A,,ADMRASTH,,10P5HB,,Y_GE15,,_T,,OBS,,2020,,47.6,,,,AGE_SEX_STANDARD,,,,1,,,,,,,,0,
DATAFLOW,OECD.ELS.HD:DSD_HCQO@DF_PC(1.1),,I,MLT,,A,,ADMRASTH,,10P5HB,,Y_GE15,,_T,,OBS,,2021,,47,,,,AGE_SEX_STANDARD,,,,1,,,,,,,,0,
DATAFLOW,OECD.ELS.HD:DSD_HCQO@DF_PC(1.1),,I,MLT,,A,,ADMRASTH,,10P5HB,,Y_GE15,,_T,,OBS,,2022,,83,,,,AGE_SEX_STANDARD,,,,1,,,,,,,,0,
DATAFLOW,OECD.ELS.HD:DSD_HCQO@DF_PC(1.1),,I,ROU,,A,,ADMRASTH,,10P5HB,,Y_GE15,,_T,,OBS,,2022,,16.7,,,,AGE_SEX_STANDARD,,,,1,,,,,,,,0,
DATAFLOW,OECD.ELS.HD:DSD_HCQO@DF_PC(1.1),,I,ROU,,A,,ADMRASTH,,10P5HB,,Y_GE15,,_T,,OBS,,2023,,17.6,,,,AGE_SEX_STANDARD,,,,1,,,,,,,,0,
DATAFLOW,OECD.ELS.HD:DSD_HCQO@DF_PC(1.1),,I,ROU,,A,,ADMRASTH,,10P5HB,,Y_GE15,,_T,,OBS,,2024,,18.7,,,,AGE_SEX_STANDARD,,,,1,,,,,,,,0,
DATAFLOW,OECD.ELS.HD:DSD_HCQO@DF_PC(1.1),,I,SGP,,A,,ADMRASTH,,10P5HB,,Y_GE15,,_T,,OBS,,2017,,112.3,,,,AGE_SEX_STANDARD,,,,1,,,,,,,,0,
DATAFLOW,OECD.ELS.HD:DSD_HCQO@DF_PC(1.1),,I,SGP,,A,,ADMRASTH,,10P5HB,,Y_GE15,,_T,,OBS,,2018,,113.1,,,,AGE_SEX_STANDARD,,,,1,,,,,,,,0,
DATAFLOW,OECD.ELS.HD:DSD_HCQO@DF_PC(1.1),,I,SGP,,A,,ADMRASTH,,10P5HB,,Y_GE15,,_T,,OBS,,2019,,114.7,,,,AGE_SEX_STANDARD,,,,1,,,,,,,,0,
DATAFLOW,OECD.ELS.HD:DSD_HCQO@DF_PC(1.1),,I,SGP,,A,,ADMRASTH,,10P5HB,,Y_GE15,,_T,,OBS,,2020,,61.1,,,,AGE_SEX_STANDARD,,,,1,,,,,,,,0,
DATAFLOW,OECD.ELS.HD:DSD_HCQO@DF_PC(1.1),,I,SGP,,A,,ADMRASTH,,10P5HB,,Y_GE15,,_T,,OBS,,2021,,49.1,,,,AGE_SEX_STANDARD,,,,1,,,,,,,,0,
DATAFLOW,OECD.ELS.HD:DSD_HCQO@DF_PC(1.1),,I,SGP,,A,,ADMRASTH,,10P5HB,,Y_GE15,,_T,,OBS,,2022,,66.8,,,,AGE_SEX_STANDARD,,,,1,,,,,,,,0,
DATAFLOW,OECD.ELS.HD:DSD_HCQO@DF_PC(1.1),,I,SGP,,A,,ADMRASTH,,10P5HB,,Y_GE15,,_T,,OBS,,2023,,94.5,,,,AGE_SEX_STANDARD,,,,1,,,,,,,,0,
DATAFLOW,OECD.ELS.HD:DSD_HCQO@DF_PC(1.1),,I,CAN,,A,,ADMRDMAO,,10P5HB,,Y_GE15,,_T,,OBS,,2022,,9.8,,,,AGE_SEX_STANDARD,,,,1,,,,,,,,,
DATAFLOW,OECD.ELS.HD:DSD_HCQO@DF_PC(1.1),,I,EST,,A,,ADMRDMAO,,10P5HB,,Y_GE15,,_T,,OBS,,2022,,12.1,,,,AGE_SEX_STANDARD,,,,1,,,,,,,,,
DATAFLOW,OECD.ELS.HD:DSD_HCQO@DF_PC(1.1),,I,ITA,,A,,ADMRDMAO,,10P5HB,,Y_GE15,,_T,,OBS,,2022,,8.2,,,,AGE_SEX_STANDARD,,,,1,,,,,,,,,
DATAFLOW,OECD.ELS.HD:DSD_HCQO@DF_PC(1.1),,I,NOR,,A,,ADMRDMAO,,10P5HB,,Y_GE15,,_T,,OBS,,2020,,6.4,,,,AGE_SEX_STANDARD,,,,1,,,,,,,,,
DATAFLOW,OECD.ELS.HD:DSD_HCQO@DF_PC(1.1),,I,NOR,,A,,ADMRDMAO,,10P5HB,,Y_GE15,,_T,,OBS,,2021,,5.5,,,,AGE_SEX_STANDARD,,,,1,,,,,,,,,
DATAFLOW,OECD.ELS.HD:DSD_HCQO@DF_PC(1.1),,I,NOR,,A,,ADMRDMAO,,10P5HB,,Y_GE15,,_T,,OBS,,2022,,7.7,,,,AGE_SEX_STANDARD,,,,1,,,,,,,,,
DATAFLOW,OECD.ELS.HD:DSD_HCQO@DF_PC(1.1),,I,NOR,,A,,ADMRDMAO,,10P5HB,,Y_GE15,,_T,,OBS,,2024,,7.7,,,,AGE_SEX_STANDARD,,,,1,,,,,,,,,
DATAFLOW,OECD.ELS.HD:DSD_HCQO@DF_PC(1.1),,I,SVN,,A,,ADMRDMAO,,10P5HB,,Y_GE15,,_T,,OBS,,2018,,23.7,,,,AGE_SEX_STANDARD,,,,1,,,,,,,,,
DATAFLOW,OECD.ELS.HD:DSD_HCQO@DF_PC(1.1),,I,SVN,,A,,ADMRDMAO,,10P5HB,,Y_GE15,,_T,,OBS,,2019,,26.5,,,,AGE_SEX_STANDARD,,,,1,,,,,,,,,
DATAFLOW,OECD.ELS.HD:DSD_HCQO@DF_PC(1.1),,I,SVN,,A,,ADMRDMAO,,10P5HB,,Y_GE15,,_T,,OBS,,2020,,25.5,,,,AGE_SEX_STANDARD,,,,1,,,,,,,,,
DATAFLOW,OECD.ELS.HD:DSD_HCQO@DF_PC(1.1),,I,SVN,,A,,ADMRDMAO,,10P5HB,,Y_GE15,,_T,,OBS,,2021,,26.6,,,,AGE_SEX_STANDARD,,,,1,,,,,,,,,
DATAFLOW,OECD.ELS.HD:DSD_HCQO@DF_PC(1.1),,I,SVN,,A,,ADMRDMAO,,10P5HB,,Y_GE15,,_T,,OBS,,2022,,26.2,,,,AGE_SEX_STANDARD,,,,1,,,,,,,,,
DATAFLOW,OECD.ELS.HD:DSD_HCQO@DF_PC(1.1),,I,MLT,,A,,ADMRDMAO,,10P5HB,,Y_GE15,,_T,,OBS,,2022,,66.1,,,,AGE_SEX_STANDARD,,,,1,,,,,,,,,
DATAFLOW,OECD.ELS.HD:DSD_HCQO@DF_PC(1.1),,I,ROU,,A,,ADMRDMAO,,10P5HB,,Y_GE15,,_T,,OBS,,2022,,14.3,,,,AGE_SEX_STANDARD,,,,1,,,,,,,,,
DATAFLOW,OECD.ELS.HD:DSD_HCQO@DF_PC(1.1),,I,ROU,,A,,ADMRDMAO,,10P5HB,,Y_GE15,,_T,,OBS,,2024,,15.5,,,,AGE_SEX_STANDARD,,,,1,,,,,,,,,
DATAFLOW,OECD.ELS.HD:DSD_HCQO@DF_PC(1.1),,I,CAN,,A,,ADMRDMAO,,10P5HB,,Y_GE15,,_T,,OBS,,2023,,10.3,,,,AGE_SEX_STANDARD,,,,1,,,,,,,,,
DATAFLOW,OECD.ELS.HD:DSD_HCQO@DF_PC(1.1),,I,EST,,A,,ADMRDMAO,,10P5HB,,Y_GE15,,_T,,OBS,,2023,,14.2,,,,AGE_SEX_STANDARD,,,,1,,,,,,,,,
DATAFLOW,OECD.ELS.HD:DSD_HCQO@DF_PC(1.1),,I,DEU,,A,,ADMRDMAO,,10P5HB,,Y_GE15,,_T,,OBS,,2023,,34.6,,,,AGE_SEX_STANDARD,,,,1,,,,,,,,,
DATAFLOW,OECD.ELS.HD:DSD_HCQO@DF_PC(1.1),,I,ITA,,A,,ADMRDMAO,,10P5HB,,Y_GE15,,_T,,OBS,,2023,,8.2,,,,AGE_SEX_STANDARD,,,,1,,,,,,,,,
DATAFLOW,OECD.ELS.HD:DSD_HCQO@DF_PC(1.1),,I,NOR,,A,,ADMRDMAO,,10P5HB,,Y_GE15,,_T,,OBS,,2023,,7.6,,,,AGE_SEX_STANDARD,,,,1,,,,,,,,,
DATAFLOW,OECD.ELS.HD:DSD_HCQO@DF_PC(1.1),,I,SVN,,A,,ADMRDMAO,,10P5HB,,Y_GE15,,_T,,OBS,,2023,,30.2,,,,AGE_SEX_STANDARD,,,,1,,,,,,,,,
DATAFLOW,OECD.ELS.HD:DSD_HCQO@DF_PC(1.1),,I,MLT,,A,,ADMRDMAO,,10P5HB,,Y_GE15,,_T,,OBS,,2023,,60.5,,,,AGE_SEX_STANDARD,,,,1,,,,,,,,,
DATAFLOW,OECD.ELS.HD:DSD_HCQO@DF_PC(1.1),,I,ROU,,A,,ADMRDMAO,,10P5HB,,Y_GE15,,_T,,OBS,,2023,,14.6,,,,AGE_SEX_STANDARD,,,,1,,,,,,,,,
DATAFLOW,OECD.ELS.HD:DSD_HCQO@DF_PC(1.1),,I,ESP,,A,,ADMRDMAO,,10P5HB,,Y_GE15,,_T,,OBS,,2016,,13.3,,,,AGE_SEX_STANDARD,,,,1,,,,,,,,,
DATAFLOW,OECD.ELS.HD:DSD_HCQO@DF_PC(1.1),,I,ESP,,A,,ADMRDMAO,,10P5HB,,Y_GE15,,_T,,OBS,,2017,,14.8,,,,AGE_SEX_STANDARD,,,,1,,,,,,,,,
DATAFLOW,OECD.ELS.HD:DSD_HCQO@DF_PC(1.1),,I,ESP,,A,,ADMRDMAO,,10P5HB,,Y_GE15,,_T,,OBS,,2018,,15.9,,,,AGE_SEX_STANDARD,,,,1,,,,,,,,,
DATAFLOW,OECD.ELS.HD:DSD_HCQO@DF_PC(1.1),,I,ESP,,A,,ADMRDMAO,,10P5HB,,Y_GE15,,_T,,OBS,,2019,,15.8,,,,AGE_SEX_STANDARD,,,,1,,,,,,,,,
DATAFLOW,OECD.ELS.HD:DSD_HCQO@DF_PC(1.1),,I,ESP,,A,,ADMRDMAO,,10P5HB,,Y_GE15,,_T,,OBS,,2020,,14,,,,AGE_SEX_STANDARD,,,,1,,,,,,,,,
DATAFLOW,OECD.ELS.HD:DSD_HCQO@DF_PC(1.1),,I,ESP,,A,,ADMRDMAO,,10P5HB,,Y_GE15,,_T,,OBS,,2021,,15,,,,AGE_SEX_STANDARD,,,,1,,,,,,,,,
DATAFLOW,OECD.ELS.HD:DSD_HCQO@DF_PC(1.1),,I,ESP,,A,,ADMRDMAO,,10P5HB,,Y_GE15,,_T,,OBS,,2022,,15.7,,,,AGE_SEX_STANDARD,,,,1,,,,,,,,,
DATAFLOW,OECD.ELS.HD:DSD_HCQO@DF_PC(1.1),,I,ESP,,A,,ADMRDMAO,,10P5HB,,Y_GE15,,_T,,OBS,,2023,,16.4,,,,AGE_SEX_STANDARD,,,,1,,,,,,,,,
DATAFLOW,OECD.ELS.HD:DSD_HCQO@DF_PC(1.1),,I,IRL,,A,,ADMRDMAO,,10P5HB,,Y_GE15,,_T,,OBS,,2015,,8.9,,,,AGE_SEX_STANDARD,,,,1,,,,,,,,,
DATAFLOW,OECD.ELS.HD:DSD_HCQO@DF_PC(1.1),,I,IRL,,A,,ADMRDMAO,,10P5HB,,Y_GE15,,_T,,OBS,,2016,,9.4,,,,AGE_SEX_STANDARD,,,,1,,,,,,,,,
DATAFLOW,OECD.ELS.HD:DSD_HCQO@DF_PC(1.1),,I,IRL,,A,,ADMRDMAO,,10P5HB,,Y_GE15,,_T,,OBS,,2017,,10.1,,,,AGE_SEX_STANDARD,,,,1,,,,,,,,,
DATAFLOW,OECD.ELS.HD:DSD_HCQO@DF_PC(1.1),,I,IRL,,A,,ADMRDMAO,,10P5HB,,Y_GE15,,_T,,OBS,,2018,,11.8,,,,AGE_SEX_STANDARD,,,,1,,,,,,,,,
DATAFLOW,OECD.ELS.HD:DSD_HCQO@DF_PC(1.1),,I,IRL,,A,,ADMRDMAO,,10P5HB,,Y_GE15,,_T,,OBS,,2019,,11.7,,,,AGE_SEX_STANDARD,,,,1,,,,,,,,,
DATAFLOW,OECD.ELS.HD:DSD_HCQO@DF_PC(1.1),,I,IRL,,A,,ADMRDMAO,,10P5HB,,Y_GE15,,_T,,OBS,,2020,,9.9,,,,AGE_SEX_STANDARD,,,,1,,,,,,,,,
DATAFLOW,OECD.ELS.HD:DSD_HCQO@DF_PC(1.1),,I,IRL,,A,,ADMRDMAO,,10P5HB,,Y_GE15,,_T,,OBS,,2021,,10.2,,,,AGE_SEX_STANDARD,,,,1,,,,,,,,,
DATAFLOW,OECD.ELS.HD:DSD_HCQO@DF_PC(1.1),,I,IRL,,A,,ADMRDMAO,,10P5HB,,Y_GE15,,_T,,OBS,,2022,,10.8,,,,AGE_SEX_STANDARD,,,,1,,,,,,,,,
DATAFLOW,OECD.ELS.HD:DSD_HCQO@DF_PC(1.1),,I,IRL,,A,,ADMRDMAO,,10P5HB,,Y_GE15,,_T,,OBS,,2023,,12.9,,,,AGE_SEX_STANDARD,,,,1,,,,,,,,,
DATAFLOW,OECD.ELS.HD:DSD_HCQO@DF_PC(1.1),,I,LVA,,A,,ADMRDMAO,,10P5HB,,Y_GE15,,_T,,OBS,,2015,,5.2,,,,AGE_SEX_STANDARD,,,,1,,,,,,,,,
DATAFLOW,OECD.ELS.HD:DSD_HCQO@DF_PC(1.1),,I,LVA,,A,,ADMRDMAO,,10P5HB,,Y_GE15,,_T,,OBS,,2016,,7.6,,,,AGE_SEX_STANDARD,,,,1,,,,,,,,,
DATAFLOW,OECD.ELS.HD:DSD_HCQO@DF_PC(1.1),,I,LVA,,A,,ADMRDMAO,,10P5HB,,Y_GE15,,_T,,OBS,,2017,,7.5,,,,AGE_SEX_STANDARD,,,,1,,,,,,,,,
DATAFLOW,OECD.ELS.HD:DSD_HCQO@DF_PC(1.1),,I,LVA,,A,,ADMRDMAO,,10P5HB,,Y_GE15,,_T,,OBS,,2018,,9.2,,,,AGE_SEX_STANDARD,,,,1,,,,,,,,,
DATAFLOW,OECD.ELS.HD:DSD_HCQO@DF_PC(1.1),,I,LVA,,A,,ADMRDMAO,,10P5HB,,Y_GE15,,_T,,OBS,,2019,,8.6,,,,AGE_SEX_STANDARD,,,,1,,,,,,,,,
DATAFLOW,OECD.ELS.HD:DSD_HCQO@DF_PC(1.1),,I,LVA,,A,,ADMRDMAO,,10P5HB,,Y_GE15,,_T,,OBS,,2020,,8.7,,,,AGE_SEX_STANDARD,,,,1,,,,,,,,,
DATAFLOW,OECD.ELS.HD:DSD_HCQO@DF_PC(1.1),,I,LVA,,A,,ADMRDMAO,,10P5HB,,Y_GE15,,_T,,OBS,,2021,,10,,,,AGE_SEX_STANDARD,,,,1,,,,,,,,,
DATAFLOW,OECD.ELS.HD:DSD_HCQO@DF_PC(1.1),,I,LVA,,A,,ADMRDMAO,,10P5HB,,Y_GE15,,_T,,OBS,,2022,,10.2,,,,AGE_SEX_STANDARD,,,,1,,,,,,,,,
DATAFLOW,OECD.ELS.HD:DSD_HCQO@DF_PC(1.1),,I,LVA,,A,,ADMRDMAO,,10P5HB,,Y_GE15,,_T,,OBS,,2023,,9.8,,,,AGE_SEX_STANDARD,,,,1,,,,,,,,,
DATAFLOW,OECD.ELS.HD:DSD_HCQO@DF_PC(1.1),,I,LTU,,A,,ADMRDMAO,,10P5HB,,Y_GE15,,_T,,OBS,,2015,,10.7,,,,AGE_SEX_STANDARD,,,,1,,,,,,,,,
DATAFLOW,OECD.ELS.HD:DSD_HCQO@DF_PC(1.1),,I,LTU,,A,,ADMRDMAO,,10P5HB,,Y_GE15,,_T,,OBS,,2016,,9.8,,,,AGE_SEX_STANDARD,,,,1,,,,,,,,,
DATAFLOW,OECD.ELS.HD:DSD_HCQO@DF_PC(1.1),,I,LTU,,A,,ADMRDMAO,,10P5HB,,Y_GE15,,_T,,OBS,,2017,,11.9,,,,AGE_SEX_STANDARD,,,,1,,,,,,,,,
DATAFLOW,OECD.ELS.HD:DSD_HCQO@DF_PC(1.1),,I,LTU,,A,,ADMRDMAO,,10P5HB,,Y_GE15,,_T,,OBS,,2018,,11.7,,,,AGE_SEX_STANDARD,,,,1,,,,,,,,,
DATAFLOW,OECD.ELS.HD:DSD_HCQO@DF_PC(1.1),,I,LTU,,A,,ADMRDMAO,,10P5HB,,Y_GE15,,_T,,OBS,,2019,,12.2,,,,AGE_SEX_STANDARD,,,,1,,,,,,,,,
DATAFLOW,OECD.ELS.HD:DSD_HCQO@DF_PC(1.1),,I,LTU,,A,,ADMRDMAO,,10P5HB,,Y_GE15,,_T,,OBS,,2020,,11.8,,,,AGE_SEX_STANDARD,,,,1,,,,,,,,,
DATAFLOW,OECD.ELS.HD:DSD_HCQO@DF_PC(1.1),,I,LTU,,A,,ADMRDMAO,,10P5HB,,Y_GE15,,_T,,OBS,,2021,,13,,,,AGE_SEX_STANDARD,,,,1,,,,,,,,,
DATAFLOW,OECD.ELS.HD:DSD_HCQO@DF_PC(1.1),,I,LTU,,A,,ADMRDMAO,,10P5HB,,Y_GE15,,_T,,OBS,,2022,,13.9,,,,AGE_SEX_STANDARD,,,,1,,,,,,,,,
DATAFLOW,OECD.ELS.HD:DSD_HCQO@DF_PC(1.1),,I,LTU,,A,,ADMRDMAO,,10P5HB,,Y_GE15,,_T,,OBS,,2023,,15.5,,,,AGE_SEX_STANDARD,,,,1,,,,,,,,,
DATAFLOW,OECD.ELS.HD:DSD_HCQO@DF_PC(1.1),,I,LTU,,A,,ADMRDMAO,,10P5HB,,Y_GE15,,_T,,OBS,,2024,,17.3,,,,AGE_SEX_STANDARD,,,,1,,,,,,,,,
DATAFLOW,OECD.ELS.HD:DSD_HCQO@DF_PC(1.1),,I,FIN,,A,,ADMRDMAO,,10P5HB,,Y_GE15,,_T,,OBS,,2015,,14.7,,,,AGE_SEX_STANDARD,,,,1,,,,,,,,,
DATAFLOW,OECD.ELS.HD:DSD_HCQO@DF_PC(1.1),,I,FIN,,A,,ADMRDMAO,,10P5HB,,Y_GE15,,_T,,OBS,,2016,,16.5,,,,AGE_SEX_STANDARD,,,,1,,,,,,,,,
DATAFLOW,OECD.ELS.HD:DSD_HCQO@DF_PC(1.1),,I,FIN,,A,,ADMRDMAO,,10P5HB,,Y_GE15,,_T,,OBS,,2017,,12.7,,,,AGE_SEX_STANDARD,,,,1,,,,,,,,,
DATAFLOW,OECD.ELS.HD:DSD_HCQO@DF_PC(1.1),,I,FIN,,A,,ADMRDMAO,,10P5HB,,Y_GE15,,_T,,OBS,,2018,,13.3,,,,AGE_SEX_STANDARD,,,,1,,,,,,,,,
DATAFLOW,OECD.ELS.HD:DSD_HCQO@DF_PC(1.1),,I,FIN,,A,,ADMRDMAO,,10P5HB,,Y_GE15,,_T,,OBS,,2019,,12.8,,,,AGE_SEX_STANDARD,,,,1,,,,,,,,,
DATAFLOW,OECD.ELS.HD:DSD_HCQO@DF_PC(1.1),,I,FIN,,A,,ADMRDMAO,,10P5HB,,Y_GE15,,_T,,OBS,,2020,,11.9,,,,AGE_SEX_STANDARD,,,,1,,,,,,,,,
DATAFLOW,OECD.ELS.HD:DSD_HCQO@DF_PC(1.1),,I,FIN,,A,,ADMRDMAO,,10P5HB,,Y_GE15,,_T,,OBS,,2021,,11.9,,,,AGE_SEX_STANDARD,,,,1,,,,,,,,,
DATAFLOW,OECD.ELS.HD:DSD_HCQO@DF_PC(1.1),,I,FIN,,A,,ADMRDMAO,,10P5HB,,Y_GE15,,_T,,OBS,,2022,,14.1,,,,AGE_SEX_STANDARD,,,,1,,,,,,,,,
DATAFLOW,OECD.ELS.HD:DSD_HCQO@DF_PC(1.1),,I,FIN,,A,,ADMRDMAO,,10P5HB,,Y_GE15,,_T,,OBS,,2023,,12.9,,,,AGE_SEX_STANDARD,,,,1,,,,,,,,,
DATAFLOW,OECD.ELS.HD:DSD_HCQO@DF_PC(1.1),,I,CZE,,A,,ADMRDMAO,,10P5HB,,Y_GE15,,_T,,OBS,,2015,,26.2,,,,AGE_SEX_STANDARD,,,,1,,,,,,,,,
DATAFLOW,OECD.ELS.HD:DSD_HCQO@DF_PC(1.1),,I,CZE,,A,,ADMRDMAO,,10P5HB,,Y_GE15,,_T,,OBS,,2016,,26.8,,,,AGE_SEX_STANDARD,,,,1,,,,,,,,,
DATAFLOW,OECD.ELS.HD:DSD_HCQO@DF_PC(1.1),,I,CZE,,A,,ADMRDMAO,,10P5HB,,Y_GE15,,_T,,OBS,,2017,,27.3,,,,AGE_SEX_STANDARD,,,,1,,,,,,,,,
DATAFLOW,OECD.ELS.HD:DSD_HCQO@DF_PC(1.1),,I,CZE,,A,,ADMRDMAO,,10P5HB,,Y_GE15,,_T,,OBS,,2018,,27.2,,,,AGE_SEX_STANDARD,,,,1,,,,,,,,,
DATAFLOW,OECD.ELS.HD:DSD_HCQO@DF_PC(1.1),,I,CZE,,A,,ADMRDMAO,,10P5HB,,Y_GE15,,_T,,OBS,,2019,,27.2,,,,AGE_SEX_STANDARD,,,,1,,,,,,,,,
DATAFLOW,OECD.ELS.HD:DSD_HCQO@DF_PC(1.1),,I,CZE,,A,,ADMRDMAO,,10P5HB,,Y_GE15,,_T,,OBS,,2020,,25.7,,,,AGE_SEX_STANDARD,,,,1,,,,,,,,,
DATAFLOW,OECD.ELS.HD:DSD_HCQO@DF_PC(1.1),,I,CZE,,A,,ADMRDMAO,,10P5HB,,Y_GE15,,_T,,OBS,,2021,,25.1,,,,AGE_SEX_STANDARD,,,,1,,,,,,,,,
DATAFLOW,OECD.ELS.HD:DSD_HCQO@DF_PC(1.1),,I,CZE,,A,,ADMRDMAO,,10P5HB,,Y_GE15,,_T,,OBS,,2022,,27.6,,,,AGE_SEX_STANDARD,,,,1,,,,,,,,,
DATAFLOW,OECD.ELS.HD:DSD_HCQO@DF_PC(1.1),,I,CZE,,A,,ADMRDMAO,,10P5HB,,Y_GE15,,_T,,OBS,,2023,,28.9,,,,AGE_SEX_STANDARD,,,,1,,,,,,,,,
DATAFLOW,OECD.ELS.HD:DSD_HCQO@DF_PC(1.1),,I,AUT,,A,,ADMRDMAO,,10P5HB,,Y_GE15,,_T,,OBS,,2015,,7.6,,,,AGE_SEX_STANDARD,,,,1,,,,,,,,,
DATAFLOW,OECD.ELS.HD:DSD_HCQO@DF_PC(1.1),,I,AUT,,A,,ADMRDMAO,,10P5HB,,Y_GE15,,_T,,OBS,,2016,,7.9,,,,AGE_SEX_STANDARD,,,,1,,,,,,,,,
DATAFLOW,OECD.ELS.HD:DSD_HCQO@DF_PC(1.1),,I,AUT,,A,,ADMRDMAO,,10P5HB,,Y_GE15,,_T,,OBS,,2017,,15.9,,,,AGE_SEX_STANDARD,,,,1,,,,,,,,,
DATAFLOW,OECD.ELS.HD:DSD_HCQO@DF_PC(1.1),,I,AUT,,A,,ADMRDMAO,,10P5HB,,Y_GE15,,_T,,OBS,,2018,,15.8,,,,AGE_SEX_STANDARD,,,,1,,,,,,,,,
DATAFLOW,OECD.ELS.HD:DSD_HCQO@DF_PC(1.1),,I,AUT,,A,,ADMRDMAO,,10P5HB,,Y_GE15,,_T,,OBS,,2019,,16.3,,,,AGE_SEX_STANDARD,,,,1,,,,,,,,,
DATAFLOW,OECD.ELS.HD:DSD_HCQO@DF_PC(1.1),,I,AUT,,A,,ADMRDMAO,,10P5HB,,Y_GE15,,_T,,OBS,,2020,,15,,,,AGE_SEX_STANDARD,,,,1,,,,,,,,,
DATAFLOW,OECD.ELS.HD:DSD_HCQO@DF_PC(1.1),,I,AUT,,A,,ADMRDMAO,,10P5HB,,Y_GE15,,_T,,OBS,,2021,,14.7,,,,AGE_SEX_STANDARD,,,,1,,,,,,,,,
DATAFLOW,OECD.ELS.HD:DSD_HCQO@DF_PC(1.1),,I,AUT,,A,,ADMRDMAO,,10P5HB,,Y_GE15,,_T,,OBS,,2022,,14.2,,,,AGE_SEX_STANDARD,,,,1,,,,,,,,,
DATAFLOW,OECD.ELS.HD:DSD_HCQO@DF_PC(1.1),,I,AUT,,A,,ADMRDMAO,,10P5HB,,Y_GE15,,_T,,OBS,,2023,,15,,,,AGE_SEX_STANDARD,,,,1,,,,,,,,,
DATAFLOW,OECD.ELS.HD:DSD_HCQO@DF_PC(1.1),,I,KOR,,A,,ADMRDMAO,,10P5HB,,Y_GE15,,_T,,OBS,,2015,,8.4,,,,AGE_SEX_STANDARD,,,,1,,,,,,,,,
DATAFLOW,OECD.ELS.HD:DSD_HCQO@DF_PC(1.1),,I,KOR,,A,,ADMRDMAO,,10P5HB,,Y_GE15,,_T,,OBS,,2016,,8.5,,,,AGE_SEX_STANDARD,,,,1,,,,,,,,,
DATAFLOW,OECD.ELS.HD:DSD_HCQO@DF_PC(1.1),,I,KOR,,A,,ADMRDMAO,,10P5HB,,Y_GE15,,_T,,OBS,,2017,,8.7,,,,AGE_SEX_STANDARD,,,,1,,,,,,,,,
DATAFLOW,OECD.ELS.HD:DSD_HCQO@DF_PC(1.1),,I,KOR,,A,,ADMRDMAO,,10P5HB,,Y_GE15,,_T,,OBS,,2018,,8.5,,,,AGE_SEX_STANDARD,,,,1,,,,,,,,,
DATAFLOW,OECD.ELS.HD:DSD_HCQO@DF_PC(1.1),,I,KOR,,A,,ADMRDMAO,,10P5HB,,Y_GE15,,_T,,OBS,,2019,,8.6,,,,AGE_SEX_STANDARD,,,,1,,,,,,,,,
DATAFLOW,OECD.ELS.HD:DSD_HCQO@DF_PC(1.1),,I,KOR,,A,,ADMRDMAO,,10P5HB,,Y_GE15,,_T,,OBS,,2020,,8.5,,,,AGE_SEX_STANDARD,,,,1,,,,,,,,,
DATAFLOW,OECD.ELS.HD:DSD_HCQO@DF_PC(1.1),,I,KOR,,A,,ADMRDMAO,,10P5HB,,Y_GE15,,_T,,OBS,,2021,,8.6,,,,AGE_SEX_STANDARD,,,,1,,,,,,,,,
DATAFLOW,OECD.ELS.HD:DSD_HCQO@DF_PC(1.1),,I,KOR,,A,,ADMRDMAO,,10P5HB,,Y_GE15,,_T,,OBS,,2022,,9.1,,,,AGE_SEX_STANDARD,,,,1,,,,,,,,,
DATAFLOW,OECD.ELS.HD:DSD_HCQO@DF_PC(1.1),,I,KOR,,A,,ADMRDMAO,,10P5HB,,Y_GE15,,_T,,OBS,,2023,,9.2,,,,AGE_SEX_STANDARD,,,,1,,,,,,,,,
DATAFLOW,OECD.ELS.HD:DSD_HCQO@DF_PC(1.1),,I,SWE,,A,,ADMRDMAO,,10P5HB,,Y_GE15,,_T,,OBS,,2015,,4.8,,,,AGE_SEX_STANDARD,,,,1,,,,,,,,,
DATAFLOW,OECD.ELS.HD:DSD_HCQO@DF_PC(1.1),,I,SWE,,A,,ADMRDMAO,,10P5HB,,Y_GE15,,_T,,OBS,,2016,,4.6,,,,AGE_SEX_STANDARD,,,,1,,,,,,,,,
DATAFLOW,OECD.ELS.HD:DSD_HCQO@DF_PC(1.1),,I,SWE,,A,,ADMRDMAO,,10P5HB,,Y_GE15,,_T,,OBS,,2017,,4.6,,,,AGE_SEX_STANDARD,,,,1,,,,,,,,,
DATAFLOW,OECD.ELS.HD:DSD_HCQO@DF_PC(1.1),,I,SWE,,A,,ADMRDMAO,,10P5HB,,Y_GE15,,_T,,OBS,,2018,,5.1,,,,AGE_SEX_STANDARD,,,,1,,,,,,,,,
DATAFLOW,OECD.ELS.HD:DSD_HCQO@DF_PC(1.1),,I,SWE,,A,,ADMRDMAO,,10P5HB,,Y_GE15,,_T,,OBS,,2019,,5.1,,,,AGE_SEX_STANDARD,,,,1,,,,,,,,,
DATAFLOW,OECD.ELS.HD:DSD_HCQO@DF_PC(1.1),,I,SWE,,A,,ADMRDMAO,,10P5HB,,Y_GE15,,_T,,OBS,,2020,,4.6,,,,AGE_SEX_STANDARD,,,,1,,,,,,,,,
DATAFLOW,OECD.ELS.HD:DSD_HCQO@DF_PC(1.1),,I,SWE,,A,,ADMRDMAO,,10P5HB,,Y_GE15,,_T,,OBS,,2021,,4.3,,,,AGE_SEX_STANDARD,,,,1,,,,,,,,,
DATAFLOW,OECD.ELS.HD:DSD_HCQO@DF_PC(1.1),,I,SWE,,A,,ADMRDMAO,,10P5HB,,Y_GE15,,_T,,OBS,,2022,,4.6,,,,AGE_SEX_STANDARD,,,,1,,,,,,,,,
DATAFLOW,OECD.ELS.HD:DSD_HCQO@DF_PC(1.1),,I,SWE,,A,,ADMRDMAO,,10P5HB,,Y_GE15,,_T,,OBS,,2023,,4.3,,,,AGE_SEX_STANDARD,,,,1,,,,,,,,,
DATAFLOW,OECD.ELS.HD:DSD_HCQO@DF_PC(1.1),,I,DNK,,A,,ADMRDMAO,,10P5HB,,Y_GE15,,_T,,OBS,,2015,,12.7,,,,AGE_SEX_STANDARD,,,,1,,,,,,,,,
DATAFLOW,OECD.ELS.HD:DSD_HCQO@DF_PC(1.1),,I,DNK,,A,,ADMRDMAO,,10P5HB,,Y_GE15,,_T,,OBS,,2016,,12.9,,,,AGE_SEX_STANDARD,,,,1,,,,,,,,,
DATAFLOW,OECD.ELS.HD:DSD_HCQO@DF_PC(1.1),,I,DNK,,A,,ADMRDMAO,,10P5HB,,Y_GE15,,_T,,OBS,,2017,,12.5,,,,AGE_SEX_STANDARD,,,,1,,,,,,,,,
DATAFLOW,OECD.ELS.HD:DSD_HCQO@DF_PC(1.1),,I,DNK,,A,,ADMRDMAO,,10P5HB,,Y_GE15,,_T,,OBS,,2018,,10.9,,,,AGE_SEX_STANDARD,,,,1,,,,,,,,,
DATAFLOW,OECD.ELS.HD:DSD_HCQO@DF_PC(1.1),,I,DNK,,A,,ADMRDMAO,,10P5HB,,Y_GE15,,_T,,OBS,,2019,,9.9,,,,AGE_SEX_STANDARD,,,,1,,,,,,,,,
DATAFLOW,OECD.ELS.HD:DSD_HCQO@DF_PC(1.1),,I,DNK,,A,,ADMRDMAO,,10P5HB,,Y_GE15,,_T,,OBS,,2020,,9.5,,,,AGE_SEX_STANDARD,,,,1,,,,,,,,,
DATAFLOW,OECD.ELS.HD:DSD_HCQO@DF_PC(1.1),,I,DNK,,A,,ADMRDMAO,,10P5HB,,Y_GE15,,_T,,OBS,,2021,,9.1,,,,AGE_SEX_STANDARD,,,,1,,,,,,,,,
DATAFLOW,OECD.ELS.HD:DSD_HCQO@DF_PC(1.1),,I,DNK,,A,,ADMRDMAO,,10P5HB,,Y_GE15,,_T,,OBS,,2022,,9.5,,,,AGE_SEX_STANDARD,,,,1,,,,,,,,,
DATAFLOW,OECD.ELS.HD:DSD_HCQO@DF_PC(1.1),,I,DNK,,A,,ADMRDMAO,,10P5HB,,Y_GE15,,_T,,OBS,,2023,,8.3,,,,AGE_SEX_STANDARD,,,,1,,,,,,,,,
DATAFLOW,OECD.ELS.HD:DSD_HCQO@DF_PC(1.1),,I,DNK,,A,,ADMRDMAO,,10P5HB,,Y_GE15,,_T,,OBS,,2024,,8,,,,AGE_SEX_STANDARD,,,,1,,,,,,,,,
DATAFLOW,OECD.ELS.HD:DSD_HCQO@DF_PC(1.1),,I,ISR,,A,,ADMRDMAO,,10P5HB,,Y_GE15,,_T,,OBS,,2015,,12.8,,,,AGE_SEX_STANDARD,,,,1,,,,,,,,,
DATAFLOW,OECD.ELS.HD:DSD_HCQO@DF_PC(1.1),,I,ISR,,A,,ADMRDMAO,,10P5HB,,Y_GE15,,_T,,OBS,,2016,,13.6,,,,AGE_SEX_STANDARD,,,,1,,,,,,,,,
DATAFLOW,OECD.ELS.HD:DSD_HCQO@DF_PC(1.1),,I,ISR,,A,,ADMRDMAO,,10P5HB,,Y_GE15,,_T,,OBS,,2017,,12.7,,,,AGE_SEX_STANDARD,,,,1,,,,,,,,,
DATAFLOW,OECD.ELS.HD:DSD_HCQO@DF_PC(1.1),,I,ISR,,A,,ADMRDMAO,,10P5HB,,Y_GE15,,_T,,OBS,,2018,,14.2,,,,AGE_SEX_STANDARD,,,,1,,,,,,,,,
DATAFLOW,OECD.ELS.HD:DSD_HCQO@DF_PC(1.1),,I,ISR,,A,,ADMRDMAO,,10P5HB,,Y_GE15,,_T,,OBS,,2019,,16.6,,,,AGE_SEX_STANDARD,,,,1,,,,,,,,,
DATAFLOW,OECD.ELS.HD:DSD_HCQO@DF_PC(1.1),,I,ISR,,A,,ADMRDMAO,,10P5HB,,Y_GE15,,_T,,OBS,,2020,,15.2,,,,AGE_SEX_STANDARD,,,,1,,,,,,,,,
DATAFLOW,OECD.ELS.HD:DSD_HCQO@DF_PC(1.1),,I,ISR,,A,,ADMRDMAO,,10P5HB,,Y_GE15,,_T,,OBS,,2021,,16.2,,,,AGE_SEX_STANDARD,,,,1,,,,,,,,,
DATAFLOW,OECD.ELS.HD:DSD_HCQO@DF_PC(1.1),,I,ISR,,A,,ADMRDMAO,,10P5HB,,Y_GE15,,_T,,OBS,,2022,,16,,,,AGE_SEX_STANDARD,,,,1,,,,,,,,,
DATAFLOW,OECD.ELS.HD:DSD_HCQO@DF_PC(1.1),,I,ISR,,A,,ADMRDMAO,,10P5HB,,Y_GE15,,_T,,OBS,,2023,,16.9,,,,AGE_SEX_STANDARD,,,,1,,,,,,,,,
DATAFLOW,OECD.ELS.HD:DSD_HCQO@DF_PC(1.1),,I,AUT,,A,,ADMRDMAI,,10P5HB,,Y_GE15,,_T,,OBS,,2015,,7.7,,,,AGE_SEX_STANDARD,,,,1,,,,,,,,,
DATAFLOW,OECD.ELS.HD:DSD_HCQO@DF_PC(1.1),,I,AUT,,A,,ADMRDMAI,,10P5HB,,Y_GE15,,_T,,OBS,,2016,,6.9,,,,AGE_SEX_STANDARD,,,,1,,,,,,,,,
DATAFLOW,OECD.ELS.HD:DSD_HCQO@DF_PC(1.1),,I,AUT,,A,,ADMRDMAI,,10P5HB,,Y_GE15,,_T,,OBS,,2017,,8,,,,AGE_SEX_STANDARD,,,,1,,,,,,,,,
DATAFLOW,OECD.ELS.HD:DSD_HCQO@DF_PC(1.1),,I,AUT,,A,,ADMRDMAI,,10P5HB,,Y_GE15,,_T,,OBS,,2018,,7.6,,,,AGE_SEX_STANDARD,,,,1,,,,,,,,,
DATAFLOW,OECD.ELS.HD:DSD_HCQO@DF_PC(1.1),,I,AUT,,A,,ADMRDMAI,,10P5HB,,Y_GE15,,_T,,OBS,,2019,,6.6,,,,AGE_SEX_STANDARD,,,,1,,,,,,,,,
DATAFLOW,OECD.ELS.HD:DSD_HCQO@DF_PC(1.1),,I,AUT,,A,,ADMRDMAI,,10P5HB,,Y_GE15,,_T,,OBS,,2020,,6.5,,,,AGE_SEX_STANDARD,,,,1,,,,,,,,,
DATAFLOW,OECD.ELS.HD:DSD_HCQO@DF_PC(1.1),,I,AUT,,A,,ADMRDMAI,,10P5HB,,Y_GE15,,_T,,OBS,,2021,,5.9,,,,AGE_SEX_STANDARD,,,,1,,,,,,,,,
DATAFLOW,OECD.ELS.HD:DSD_HCQO@DF_PC(1.1),,I,AUT,,A,,ADMRDMAI,,10P5HB,,Y_GE15,,_T,,OBS,,2022,,6.8,,,,AGE_SEX_STANDARD,,,,1,,,,,,,,,
DATAFLOW,OECD.ELS.HD:DSD_HCQO@DF_PC(1.1),,I,AUT,,A,,ADMRDMAI,,10P5HB,,Y_GE15,,_T,,OBS,,2023,,6.9,,,,AGE_SEX_STANDARD,,,,1,,,,,,,,,
DATAFLOW,OECD.ELS.HD:DSD_HCQO@DF_PC(1.1),,I,DNK,,A,,ADMRDMAI,,10P5HB,,Y_GE15,,_T,,OBS,,2015,,14.1,,,,AGE_SEX_STANDARD,,,,1,,,,,,,,,
DATAFLOW,OECD.ELS.HD:DSD_HCQO@DF_PC(1.1),,I,DNK,,A,,ADMRDMAI,,10P5HB,,Y_GE15,,_T,,OBS,,2016,,14.2,,,,AGE_SEX_STANDARD,,,,1,,,,,,,,,
DATAFLOW,OECD.ELS.HD:DSD_HCQO@DF_PC(1.1),,I,DNK,,A,,ADMRDMAI,,10P5HB,,Y_GE15,,_T,,OBS,,2017,,13.7,,,,AGE_SEX_STANDARD,,,,1,,,,,,,,,
DATAFLOW,OECD.ELS.HD:DSD_HCQO@DF_PC(1.1),,I,DNK,,A,,ADMRDMAI,,10P5HB,,Y_GE15,,_T,,OBS,,2018,,12.6,,,,AGE_SEX_STANDARD,,,,1,,,,,,,,,
DATAFLOW,OECD.ELS.HD:DSD_HCQO@DF_PC(1.1),,I,DNK,,A,,ADMRDMAI,,10P5HB,,Y_GE15,,_T,,OBS,,2019,,11.5,,,,AGE_SEX_STANDARD,,,,1,,,,,,,,,
DATAFLOW,OECD.ELS.HD:DSD_HCQO@DF_PC(1.1),,I,DNK,,A,,ADMRDMAI,,10P5HB,,Y_GE15,,_T,,OBS,,2020,,10.8,,,,AGE_SEX_STANDARD,,,,1,,,,,,,,,
DATAFLOW,OECD.ELS.HD:DSD_HCQO@DF_PC(1.1),,I,DNK,,A,,ADMRDMAI,,10P5HB,,Y_GE15,,_T,,OBS,,2021,,10.3,,,,AGE_SEX_STANDARD,,,,1,,,,,,,,,
DATAFLOW,OECD.ELS.HD:DSD_HCQO@DF_PC(1.1),,I,DNK,,A,,ADMRDMAI,,10P5HB,,Y_GE15,,_T,,OBS,,2022,,11,,,,AGE_SEX_STANDARD,,,,1,,,,,,,,,
DATAFLOW,OECD.ELS.HD:DSD_HCQO@DF_PC(1.1),,I,DNK,,A,,ADMRDMAI,,10P5HB,,Y_GE15,,_T,,OBS,,2023,,9.5,,,,AGE_SEX_STANDARD,,,,1,,,,,,,,,
DATAFLOW,OECD.ELS.HD:DSD_HCQO@DF_PC(1.1),,I,DNK,,A,,ADMRDMAI,,10P5HB,,Y_GE15,,_T,,OBS,,2024,,9.3,,,,AGE_SEX_STANDARD,,,,1,,,,,,,,,
DATAFLOW,OECD.ELS.HD:DSD_HCQO@DF_PC(1.1),,I,SWE,,A,,ADMRDMAI,,10P5HB,,Y_GE15,,_T,,OBS,,2015,,9.1,,,,AGE_SEX_STANDARD,,,,1,,,,,,,,,
DATAFLOW,OECD.ELS.HD:DSD_HCQO@DF_PC(1.1),,I,SWE,,A,,ADMRDMAI,,10P5HB,,Y_GE15,,_T,,OBS,,2016,,8.6,,,,AGE_SEX_STANDARD,,,,1,,,,,,,,,
DATAFLOW,OECD.ELS.HD:DSD_HCQO@DF_PC(1.1),,I,SWE,,A,,ADMRDMAI,,10P5HB,,Y_GE15,,_T,,OBS,,2017,,8.9,,,,AGE_SEX_STANDARD,,,,1,,,,,,,,,
DATAFLOW,OECD.ELS.HD:DSD_HCQO@DF_PC(1.1),,I,SWE,,A,,ADMRDMAI,,10P5HB,,Y_GE15,,_T,,OBS,,2018,,9.4,,,,AGE_SEX_STANDARD,,,,1,,,,,,,,,
DATAFLOW,OECD.ELS.HD:DSD_HCQO@DF_PC(1.1),,I,SWE,,A,,ADMRDMAI,,10P5HB,,Y_GE15,,_T,,OBS,,2019,,8.1,,,,AGE_SEX_STANDARD,,,,1,,,,,,,,,
DATAFLOW,OECD.ELS.HD:DSD_HCQO@DF_PC(1.1),,I,SWE,,A,,ADMRDMAI,,10P5HB,,Y_GE15,,_T,,OBS,,2020,,7.5,,,,AGE_SEX_STANDARD,,,,1,,,,,,,,,
DATAFLOW,OECD.ELS.HD:DSD_HCQO@DF_PC(1.1),,I,SWE,,A,,ADMRDMAI,,10P5HB,,Y_GE15,,_T,,OBS,,2021,,7.7,,,,AGE_SEX_STANDARD,,,,1,,,,,,,,,
DATAFLOW,OECD.ELS.HD:DSD_HCQO@DF_PC(1.1),,I,SWE,,A,,ADMRDMAI,,10P5HB,,Y_GE15,,_T,,OBS,,2022,,7.9,,,,AGE_SEX_STANDARD,,,,1,,,,,,,,,
DATAFLOW,OECD.ELS.HD:DSD_HCQO@DF_PC(1.1),,I,SWE,,A,,ADMRDMAI,,10P5HB,,Y_GE15,,_T,,OBS,,2023,,7.5,,,,AGE_SEX_STANDARD,,,,1,,,,,,,,,
DATAFLOW,OECD.ELS.HD:DSD_HCQO@DF_PC(1.1),,I,KOR,,A,,ADMRDMAI,,10P5HB,,Y_GE15,,_T,,OBS,,2015,,2.6,,,,AGE_SEX_STANDARD,,,,1,,,,,,,,,
DATAFLOW,OECD.ELS.HD:DSD_HCQO@DF_PC(1.1),,I,KOR,,A,,ADMRDMAI,,10P5HB,,Y_GE15,,_T,,OBS,,2016,,2.4,,,,AGE_SEX_STANDARD,,,,1,,,,,,,,,
DATAFLOW,OECD.ELS.HD:DSD_HCQO@DF_PC(1.1),,I,KOR,,A,,ADMRDMAI,,10P5HB,,Y_GE15,,_T,,OBS,,2017,,2.3,,,,AGE_SEX_STANDARD,,,,1,,,,,,,,,
DATAFLOW,OECD.ELS.HD:DSD_HCQO@DF_PC(1.1),,I,KOR,,A,,ADMRDMAI,,10P5HB,,Y_GE15,,_T,,OBS,,2018,,2.6,,,,AGE_SEX_STANDARD,,,,1,,,,,,,,,
DATAFLOW,OECD.ELS.HD:DSD_HCQO@DF_PC(1.1),,I,KOR,,A,,ADMRDMAI,,10P5HB,,Y_GE15,,_T,,OBS,,2019,,2.3,,,,AGE_SEX_STANDARD,,,,1,,,,,,,,,
DATAFLOW,OECD.ELS.HD:DSD_HCQO@DF_PC(1.1),,I,KOR,,A,,ADMRDMAI,,10P5HB,,Y_GE15,,_T,,OBS,,2020,,2.4,,,,AGE_SEX_STANDARD,,,,1,,,,,,,,,
DATAFLOW,OECD.ELS.HD:DSD_HCQO@DF_PC(1.1),,I,KOR,,A,,ADMRDMAI,,10P5HB,,Y_GE15,,_T,,OBS,,2021,,2.6,,,,AGE_SEX_STANDARD,,,,1,,,,,,,,,
DATAFLOW,OECD.ELS.HD:DSD_HCQO@DF_PC(1.1),,I,KOR,,A,,ADMRDMAI,,10P5HB,,Y_GE15,,_T,,OBS,,2022,,2.8,,,,AGE_SEX_STANDARD,,,,1,,,,,,,,,
DATAFLOW,OECD.ELS.HD:DSD_HCQO@DF_PC(1.1),,I,KOR,,A,,ADMRDMAI,,10P5HB,,Y_GE15,,_T,,OBS,,2023,,2.6,,,,AGE_SEX_STANDARD,,,,1,,,,,,,,,
DATAFLOW,OECD.ELS.HD:DSD_HCQO@DF_PC(1.1),,I,CZE,,A,,ADMRDMAI,,10P5HB,,Y_GE15,,_T,,OBS,,2015,,17.5,,,,AGE_SEX_STANDARD,,,,1,,,,,,,,,
DATAFLOW,OECD.ELS.HD:DSD_HCQO@DF_PC(1.1),,I,CZE,,A,,ADMRDMAI,,10P5HB,,Y_GE15,,_T,,OBS,,2016,,17.3,,,,AGE_SEX_STANDARD,,,,1,,,,,,,,,
DATAFLOW,OECD.ELS.HD:DSD_HCQO@DF_PC(1.1),,I,CZE,,A,,ADMRDMAI,,10P5HB,,Y_GE15,,_T,,OBS,,2017,,18,,,,AGE_SEX_STANDARD,,,,1,,,,,,,,,
DATAFLOW,OECD.ELS.HD:DSD_HCQO@DF_PC(1.1),,I,CZE,,A,,ADMRDMAI,,10P5HB,,Y_GE15,,_T,,OBS,,2018,,16.7,,,,AGE_SEX_STANDARD,,,,1,,,,,,,,,
DATAFLOW,OECD.ELS.HD:DSD_HCQO@DF_PC(1.1),,I,CZE,,A,,ADMRDMAI,,10P5HB,,Y_GE15,,_T,,OBS,,2019,,17.4,,,,AGE_SEX_STANDARD,,,,1,,,,,,,,,
DATAFLOW,OECD.ELS.HD:DSD_HCQO@DF_PC(1.1),,I,CZE,,A,,ADMRDMAI,,10P5HB,,Y_GE15,,_T,,OBS,,2020,,17.4,,,,AGE_SEX_STANDARD,,,,1,,,,,,,,,
DATAFLOW,OECD.ELS.HD:DSD_HCQO@DF_PC(1.1),,I,CZE,,A,,ADMRDMAI,,10P5HB,,Y_GE15,,_T,,OBS,,2021,,16.6,,,,AGE_SEX_STANDARD,,,,1,,,,,,,,,
DATAFLOW,OECD.ELS.HD:DSD_HCQO@DF_PC(1.1),,I,CZE,,A,,ADMRDMAI,,10P5HB,,Y_GE15,,_T,,OBS,,2022,,16.8,,,,AGE_SEX_STANDARD,,,,1,,,,,,,,,
DATAFLOW,OECD.ELS.HD:DSD_HCQO@DF_PC(1.1),,I,CZE,,A,,ADMRDMAI,,10P5HB,,Y_GE15,,_T,,OBS,,2023,,17.9,,,,AGE_SEX_STANDARD,,,,1,,,,,,,,,
DATAFLOW,OECD.ELS.HD:DSD_HCQO@DF_PC(1.1),,I,FIN,,A,,ADMRDMAI,,10P5HB,,Y_GE15,,_T,,OBS,,2015,,6.6,,,,AGE_SEX_STANDARD,,,,1,,,,,,,,,
DATAFLOW,OECD.ELS.HD:DSD_HCQO@DF_PC(1.1),,I,FIN,,A,,ADMRDMAI,,10P5HB,,Y_GE15,,_T,,OBS,,2016,,7.1,,,,AGE_SEX_STANDARD,,,,1,,,,,,,,,
DATAFLOW,OECD.ELS.HD:DSD_HCQO@DF_PC(1.1),,I,FIN,,A,,ADMRDMAI,,10P5HB,,Y_GE15,,_T,,OBS,,2017,,5.6,,,,AGE_SEX_STANDARD,,,,1,,,,,,,,,
DATAFLOW,OECD.ELS.HD:DSD_HCQO@DF_PC(1.1),,I,FIN,,A,,ADMRDMAI,,10P5HB,,Y_GE15,,_T,,OBS,,2018,,4.9,,,,AGE_SEX_STANDARD,,,,1,,,,,,,,,
DATAFLOW,OECD.ELS.HD:DSD_HCQO@DF_PC(1.1),,I,FIN,,A,,ADMRDMAI,,10P5HB,,Y_GE15,,_T,,OBS,,2019,,6,,,,AGE_SEX_STANDARD,,,,1,,,,,,,,,
DATAFLOW,OECD.ELS.HD:DSD_HCQO@DF_PC(1.1),,I,FIN,,A,,ADMRDMAI,,10P5HB,,Y_GE15,,_T,,OBS,,2020,,5.2,,,,AGE_SEX_STANDARD,,,,1,,,,,,,,,
DATAFLOW,OECD.ELS.HD:DSD_HCQO@DF_PC(1.1),,I,FIN,,A,,ADMRDMAI,,10P5HB,,Y_GE15,,_T,,OBS,,2021,,5.4,,,,AGE_SEX_STANDARD,,,,1,,,,,,,,,
DATAFLOW,OECD.ELS.HD:DSD_HCQO@DF_PC(1.1),,I,FIN,,A,,ADMRDMAI,,10P5HB,,Y_GE15,,_T,,OBS,,2022,,6.5,,,,AGE_SEX_STANDARD,,,,1,,,,,,,,,
DATAFLOW,OECD.ELS.HD:DSD_HCQO@DF_PC(1.1),,I,FIN,,A,,ADMRDMAI,,10P5HB,,Y_GE15,,_T,,OBS,,2023,,6.5,,,,AGE_SEX_STANDARD,,,,1,,,,,,,,,
DATAFLOW,OECD.ELS.HD:DSD_HCQO@DF_PC(1.1),,I,LTU,,A,,ADMRDMAI,,10P5HB,,Y_GE15,,_T,,OBS,,2015,,7.7,,,,AGE_SEX_STANDARD,,,,1,,,,,,,,,
DATAFLOW,OECD.ELS.HD:DSD_HCQO@DF_PC(1.1),,I,LTU,,A,,ADMRDMAI,,10P5HB,,Y_GE15,,_T,,OBS,,2016,,6.4,,,,AGE_SEX_STANDARD,,,,1,,,,,,,,,
DATAFLOW,OECD.ELS.HD:DSD_HCQO@DF_PC(1.1),,I,LTU,,A,,ADMRDMAI,,10P5HB,,Y_GE15,,_T,,OBS,,2017,,7.2,,,,AGE_SEX_STANDARD,,,,1,,,,,,,,,
DATAFLOW,OECD.ELS.HD:DSD_HCQO@DF_PC(1.1),,I,LTU,,A,,ADMRDMAI,,10P5HB,,Y_GE15,,_T,,OBS,,2018,,7,,,,AGE_SEX_STANDARD,,,,1,,,,,,,,,
DATAFLOW,OECD.ELS.HD:DSD_HCQO@DF_PC(1.1),,I,LTU,,A,,ADMRDMAI,,10P5HB,,Y_GE15,,_T,,OBS,,2019,,7,,,,AGE_SEX_STANDARD,,,,1,,,,,,,,,
DATAFLOW,OECD.ELS.HD:DSD_HCQO@DF_PC(1.1),,I,LTU,,A,,ADMRDMAI,,10P5HB,,Y_GE15,,_T,,OBS,,2020,,7,,,,AGE_SEX_STANDARD,,,,1,,,,,,,,,
DATAFLOW,OECD.ELS.HD:DSD_HCQO@DF_PC(1.1),,I,LTU,,A,,ADMRDMAI,,10P5HB,,Y_GE15,,_T,,OBS,,2021,,7.1,,,,AGE_SEX_STANDARD,,,,1,,,,,,,,,
DATAFLOW,OECD.ELS.HD:DSD_HCQO@DF_PC(1.1),,I,LTU,,A,,ADMRDMAI,,10P5HB,,Y_GE15,,_T,,OBS,,2022,,7.5,,,,AGE_SEX_STANDARD,,,,1,,,,,,,,,
DATAFLOW,OECD.ELS.HD:DSD_HCQO@DF_PC(1.1),,I,LTU,,A,,ADMRDMAI,,10P5HB,,Y_GE15,,_T,,OBS,,2023,,8.6,,,,AGE_SEX_STANDARD,,,,1,,,,,,,,,
DATAFLOW,OECD.ELS.HD:DSD_HCQO@DF_PC(1.1),,I,LTU,,A,,ADMRDMAI,,10P5HB,,Y_GE15,,_T,,OBS,,2024,,8.7,,,,AGE_SEX_STANDARD,,,,1,,,,,,,,,
DATAFLOW,OECD.ELS.HD:DSD_HCQO@DF_PC(1.1),,I,LVA,,A,,ADMRDMAI,,10P5HB,,Y_GE15,,_T,,OBS,,2015,,6.4,,,,AGE_SEX_STANDARD,,,,1,,,,,,,,,
DATAFLOW,OECD.ELS.HD:DSD_HCQO@DF_PC(1.1),,I,LVA,,A,,ADMRDMAI,,10P5HB,,Y_GE15,,_T,,OBS,,2016,,7.7,,,,AGE_SEX_STANDARD,,,,1,,,,,,,,,
DATAFLOW,OECD.ELS.HD:DSD_HCQO@DF_PC(1.1),,I,LVA,,A,,ADMRDMAI,,10P5HB,,Y_GE15,,_T,,OBS,,2017,,7.1,,,,AGE_SEX_STANDARD,,,,1,,,,,,,,,
DATAFLOW,OECD.ELS.HD:DSD_HCQO@DF_PC(1.1),,I,LVA,,A,,ADMRDMAI,,10P5HB,,Y_GE15,,_T,,OBS,,2018,,8.7,,,,AGE_SEX_STANDARD,,,,1,,,,,,,,,
DATAFLOW,OECD.ELS.HD:DSD_HCQO@DF_PC(1.1),,I,LVA,,A,,ADMRDMAI,,10P5HB,,Y_GE15,,_T,,OBS,,2019,,7.2,,,,AGE_SEX_STANDARD,,,,1,,,,,,,,,
DATAFLOW,OECD.ELS.HD:DSD_HCQO@DF_PC(1.1),,I,LVA,,A,,ADMRDMAI,,10P5HB,,Y_GE15,,_T,,OBS,,2020,,7.9,,,,AGE_SEX_STANDARD,,,,1,,,,,,,,,
DATAFLOW,OECD.ELS.HD:DSD_HCQO@DF_PC(1.1),,I,LVA,,A,,ADMRDMAI,,10P5HB,,Y_GE15,,_T,,OBS,,2021,,9.2,,,,AGE_SEX_STANDARD,,,,1,,,,,,,,,
DATAFLOW,OECD.ELS.HD:DSD_HCQO@DF_PC(1.1),,I,IRL,,A,,ADMRDMAI,,10P5HB,,Y_GE15,,_T,,OBS,,2015,,3.6,,,,AGE_SEX_STANDARD,,,,1,,,,,,,,,
DATAFLOW,OECD.ELS.HD:DSD_HCQO@DF_PC(1.1),,I,IRL,,A,,ADMRDMAI,,10P5HB,,Y_GE15,,_T,,OBS,,2016,,4.1,,,,AGE_SEX_STANDARD,,,,1,,,,,,,,,
DATAFLOW,OECD.ELS.HD:DSD_HCQO@DF_PC(1.1),,I,IRL,,A,,ADMRDMAI,,10P5HB,,Y_GE15,,_T,,OBS,,2017,,3.9,,,,AGE_SEX_STANDARD,,,,1,,,,,,,,,
DATAFLOW,OECD.ELS.HD:DSD_HCQO@DF_PC(1.1),,I,IRL,,A,,ADMRDMAI,,10P5HB,,Y_GE15,,_T,,OBS,,2018,,3.9,,,,AGE_SEX_STANDARD,,,,1,,,,,,,,,
DATAFLOW,OECD.ELS.HD:DSD_HCQO@DF_PC(1.1),,I,IRL,,A,,ADMRDMAI,,10P5HB,,Y_GE15,,_T,,OBS,,2019,,3.7,,,,AGE_SEX_STANDARD,,,,1,,,,,,,,,
DATAFLOW,OECD.ELS.HD:DSD_HCQO@DF_PC(1.1),,I,IRL,,A,,ADMRDMAI,,10P5HB,,Y_GE15,,_T,,OBS,,2020,,3.8,,,,AGE_SEX_STANDARD,,,,1,,,,,,,,,
DATAFLOW,OECD.ELS.HD:DSD_HCQO@DF_PC(1.1),,I,IRL,,A,,ADMRDMAI,,10P5HB,,Y_GE15,,_T,,OBS,,2021,,3.5,,,,AGE_SEX_STANDARD,,,,1,,,,,,,,,
DATAFLOW,OECD.ELS.HD:DSD_HCQO@DF_PC(1.1),,I,NOR,,A,,ADMRDMAI,,10P5HB,,Y_GE15,,_T,,OBS,,2020,,5.6,,,,AGE_SEX_STANDARD,,,,1,,,,,,,,,
DATAFLOW,OECD.ELS.HD:DSD_HCQO@DF_PC(1.1),,I,NOR,,A,,ADMRDMAI,,10P5HB,,Y_GE15,,_T,,OBS,,2021,,5.1,,,,AGE_SEX_STANDARD,,,,1,,,,,,,,,
DATAFLOW,OECD.ELS.HD:DSD_HCQO@DF_PC(1.1),,I,NOR,,A,,ADMRDMAI,,10P5HB,,Y_GE15,,_T,,OBS,,2024,,6.5,,,,AGE_SEX_STANDARD,,,,1,,,,,,,,,
DATAFLOW,OECD.ELS.HD:DSD_HCQO@DF_PC(1.1),,I,SVN,,A,,ADMRDMAI,,10P5HB,,Y_GE15,,_T,,OBS,,2018,,12.9,,,,AGE_SEX_STANDARD,,,,1,,,,,,,,,
DATAFLOW,OECD.ELS.HD:DSD_HCQO@DF_PC(1.1),,I,SVN,,A,,ADMRDMAI,,10P5HB,,Y_GE15,,_T,,OBS,,2019,,13.5,,,,AGE_SEX_STANDARD,,,,1,,,,,,,,,
DATAFLOW,OECD.ELS.HD:DSD_HCQO@DF_PC(1.1),,I,SVN,,A,,ADMRDMAI,,10P5HB,,Y_GE15,,_T,,OBS,,2020,,12,,,,AGE_SEX_STANDARD,,,,1,,,,,,,,,
DATAFLOW,OECD.ELS.HD:DSD_HCQO@DF_PC(1.1),,I,SVN,,A,,ADMRDMAI,,10P5HB,,Y_GE15,,_T,,OBS,,2021,,13.3,,,,AGE_SEX_STANDARD,,,,1,,,,,,,,,
DATAFLOW,OECD.ELS.HD:DSD_HCQO@DF_PC(1.1),,I,ESP,,A,,ADMRDMAI,,10P5HB,,Y_GE15,,_T,,OBS,,2016,,5.9,,,,AGE_SEX_STANDARD,,,,1,,,,,,,,,
DATAFLOW,OECD.ELS.HD:DSD_HCQO@DF_PC(1.1),,I,ESP,,A,,ADMRDMAI,,10P5HB,,Y_GE15,,_T,,OBS,,2017,,6.2,,,,AGE_SEX_STANDARD,,,,1,,,,,,,,,
DATAFLOW,OECD.ELS.HD:DSD_HCQO@DF_PC(1.1),,I,ESP,,A,,ADMRDMAI,,10P5HB,,Y_GE15,,_T,,OBS,,2018,,6.7,,,,AGE_SEX_STANDARD,,,,1,,,,,,,,,
DATAFLOW,OECD.ELS.HD:DSD_HCQO@DF_PC(1.1),,I,ESP,,A,,ADMRDMAI,,10P5HB,,Y_GE15,,_T,,OBS,,2019,,6.7,,,,AGE_SEX_STANDARD,,,,1,,,,,,,,,
DATAFLOW,OECD.ELS.HD:DSD_HCQO@DF_PC(1.1),,I,ESP,,A,,ADMRDMAI,,10P5HB,,Y_GE15,,_T,,OBS,,2020,,6.5,,,,AGE_SEX_STANDARD,,,,1,,,,,,,,,
DATAFLOW,OECD.ELS.HD:DSD_HCQO@DF_PC(1.1),,I,ESP,,A,,ADMRDMAI,,10P5HB,,Y_GE15,,_T,,OBS,,2021,,6.7,,,,AGE_SEX_STANDARD,,,,1,,,,,,,,,
DATAFLOW,OECD.ELS.HD:DSD_HCQO@DF_PC(1.1),,I,ROU,,A,,ADMRDMAI,,10P5HB,,Y_GE15,,_T,,OBS,,2024,,4.2,,,,AGE_SEX_STANDARD,,,,1,,,,,,,,,
DATAFLOW,OECD.ELS.HD:DSD_HCQO@DF_PC(1.1),,I,CAN,,A,,ADMRDMAI,,10P5HB,,Y_GE15,,_T,,OBS,,2022,,7.6,,,,AGE_SEX_STANDARD,,,,1,,,,,,,,,
DATAFLOW,OECD.ELS.HD:DSD_HCQO@DF_PC(1.1),,I,EST,,A,,ADMRDMAI,,10P5HB,,Y_GE15,,_T,,OBS,,2022,,11.4,,,,AGE_SEX_STANDARD,,,,1,,,,,,,,,
DATAFLOW,OECD.ELS.HD:DSD_HCQO@DF_PC(1.1),,I,IRL,,A,,ADMRDMAI,,10P5HB,,Y_GE15,,_T,,OBS,,2022,,3.5,,,,AGE_SEX_STANDARD,,,,1,,,,,,,,,
DATAFLOW,OECD.ELS.HD:DSD_HCQO@DF_PC(1.1),,I,ITA,,A,,ADMRDMAI,,10P5HB,,Y_GE15,,_T,,OBS,,2022,,2.9,,,,AGE_SEX_STANDARD,,,,1,,,,,,,,,
DATAFLOW,OECD.ELS.HD:DSD_HCQO@DF_PC(1.1),,I,LVA,,A,,ADMRDMAI,,10P5HB,,Y_GE15,,_T,,OBS,,2022,,10.3,,,,AGE_SEX_STANDARD,,,,1,,,,,,,,,
DATAFLOW,OECD.ELS.HD:DSD_HCQO@DF_PC(1.1),,I,LUX,,A,,ADMRDMAI,,10P5HB,,Y_GE15,,_T,,OBS,,2022,,1.5,,,,AGE_SEX_STANDARD,,,,1,,,,,,,,,
DATAFLOW,OECD.ELS.HD:DSD_HCQO@DF_PC(1.1),,I,NOR,,A,,ADMRDMAI,,10P5HB,,Y_GE15,,_T,,OBS,,2022,,6.2,,,,AGE_SEX_STANDARD,,,,1,,,,,,,,,
DATAFLOW,OECD.ELS.HD:DSD_HCQO@DF_PC(1.1),,I,SVN,,A,,ADMRDMAI,,10P5HB,,Y_GE15,,_T,,OBS,,2022,,11.3,,,,AGE_SEX_STANDARD,,,,1,,,,,,,,,
DATAFLOW,OECD.ELS.HD:DSD_HCQO@DF_PC(1.1),,I,ESP,,A,,ADMRDMAI,,10P5HB,,Y_GE15,,_T,,OBS,,2022,,7,,,,AGE_SEX_STANDARD,,,,1,,,,,,,,,
DATAFLOW,OECD.ELS.HD:DSD_HCQO@DF_PC(1.1),,I,MLT,,A,,ADMRDMAI,,10P5HB,,Y_GE15,,_T,,OBS,,2022,,7.3,,,,AGE_SEX_STANDARD,,,,1,,,,,,,,,
DATAFLOW,OECD.ELS.HD:DSD_HCQO@DF_PC(1.1),,I,ROU,,A,,ADMRDMAI,,10P5HB,,Y_GE15,,_T,,OBS,,2022,,4.4,,,,AGE_SEX_STANDARD,,,,1,,,,,,,,,
DATAFLOW,OECD.ELS.HD:DSD_HCQO@DF_PC(1.1),,I,CAN,,A,,ADMRDMAI,,10P5HB,,Y_GE15,,_T,,OBS,,2023,,7.3,,,,AGE_SEX_STANDARD,,,,1,,,,,,,,,
DATAFLOW,OECD.ELS.HD:DSD_HCQO@DF_PC(1.1),,I,EST,,A,,ADMRDMAI,,10P5HB,,Y_GE15,,_T,,OBS,,2023,,11,,,,AGE_SEX_STANDARD,,,,1,,,,,,,,,
DATAFLOW,OECD.ELS.HD:DSD_HCQO@DF_PC(1.1),,I,DEU,,A,,ADMRDMAI,,10P5HB,,Y_GE15,,_T,,OBS,,2023,,8.6,,,,AGE_SEX_STANDARD,,,,1,,,,,,,,,
DATAFLOW,OECD.ELS.HD:DSD_HCQO@DF_PC(1.1),,I,IRL,,A,,ADMRDMAI,,10P5HB,,Y_GE15,,_T,,OBS,,2023,,3.8,,,,AGE_SEX_STANDARD,,,,1,,,,,,,,,
DATAFLOW,OECD.ELS.HD:DSD_HCQO@DF_PC(1.1),,I,ITA,,A,,ADMRDMAI,,10P5HB,,Y_GE15,,_T,,OBS,,2023,,2.7,,,,AGE_SEX_STANDARD,,,,1,,,,,,,,,
DATAFLOW,OECD.ELS.HD:DSD_HCQO@DF_PC(1.1),,I,LVA,,A,,ADMRDMAI,,10P5HB,,Y_GE15,,_T,,OBS,,2023,,9.4,,,,AGE_SEX_STANDARD,,,,1,,,,,,,,,
DATAFLOW,OECD.ELS.HD:DSD_HCQO@DF_PC(1.1),,I,LUX,,A,,ADMRDMAI,,10P5HB,,Y_GE15,,_T,,OBS,,2023,,1.6,,,,AGE_SEX_STANDARD,,,,1,,,,,,,,,
DATAFLOW,OECD.ELS.HD:DSD_HCQO@DF_PC(1.1),,I,NOR,,A,,ADMRDMAI,,10P5HB,,Y_GE15,,_T,,OBS,,2023,,6.5,,,,AGE_SEX_STANDARD,,,,1,,,,,,,,,
DATAFLOW,OECD.ELS.HD:DSD_HCQO@DF_PC(1.1),,I,SVN,,A,,ADMRDMAI,,10P5HB,,Y_GE15,,_T,,OBS,,2023,,13.2,,,,AGE_SEX_STANDARD,,,,1,,,,,,,,,
DATAFLOW,OECD.ELS.HD:DSD_HCQO@DF_PC(1.1),,I,ESP,,A,,ADMRDMAI,,10P5HB,,Y_GE15,,_T,,OBS,,2023,,6.7,,,,AGE_SEX_STANDARD,,,,1,,,,,,,,,
DATAFLOW,OECD.ELS.HD:DSD_HCQO@DF_PC(1.1),,I,MLT,,A,,ADMRDMAI,,10P5HB,,Y_GE15,,_T,,OBS,,2023,,8.6,,,,AGE_SEX_STANDARD,,,,1,,,,,,,,,
DATAFLOW,OECD.ELS.HD:DSD_HCQO@DF_PC(1.1),,I,ROU,,A,,ADMRDMAI,,10P5HB,,Y_GE15,,_T,,OBS,,2023,,4.3,,,,AGE_SEX_STANDARD,,,,1,,,,,,,,,
DATAFLOW,OECD.ELS.HD:DSD_HCQO@DF_PC(1.1),,I,ISR,,A,,ADMRDMAI,,10P5HB,,Y_GE15,,_T,,OBS,,2015,,17.9,,,,AGE_SEX_STANDARD,,,,1,,,,,,,,,
DATAFLOW,OECD.ELS.HD:DSD_HCQO@DF_PC(1.1),,I,ISR,,A,,ADMRDMAI,,10P5HB,,Y_GE15,,_T,,OBS,,2016,,17.8,,,,AGE_SEX_STANDARD,,,,1,,,,,,,,,
DATAFLOW,OECD.ELS.HD:DSD_HCQO@DF_PC(1.1),,I,ISR,,A,,ADMRDMAI,,10P5HB,,Y_GE15,,_T,,OBS,,2017,,18.7,,,,AGE_SEX_STANDARD,,,,1,,,,,,,,,
DATAFLOW,OECD.ELS.HD:DSD_HCQO@DF_PC(1.1),,I,ISR,,A,,ADMRDMAI,,10P5HB,,Y_GE15,,_T,,OBS,,2018,,16.9,,,,AGE_SEX_STANDARD,,,,1,,,,,,,,,
DATAFLOW,OECD.ELS.HD:DSD_HCQO@DF_PC(1.1),,I,ISR,,A,,ADMRDMAI,,10P5HB,,Y_GE15,,_T,,OBS,,2019,,18.4,,,,AGE_SEX_STANDARD,,,,1,,,,,,,,,
DATAFLOW,OECD.ELS.HD:DSD_HCQO@DF_PC(1.1),,I,ISR,,A,,ADMRDMAI,,10P5HB,,Y_GE15,,_T,,OBS,,2020,,16,,,,AGE_SEX_STANDARD,,,,1,,,,,,,,,
DATAFLOW,OECD.ELS.HD:DSD_HCQO@DF_PC(1.1),,I,ISR,,A,,ADMRDMAI,,10P5HB,,Y_GE15,,_T,,OBS,,2021,,16.8,,,,AGE_SEX_STANDARD,,,,1,,,,,,,,,
DATAFLOW,OECD.ELS.HD:DSD_HCQO@DF_PC(1.1),,I,ISR,,A,,ADMRDMAI,,10P5HB,,Y_GE15,,_T,,OBS,,2022,,17.6,,,,AGE_SEX_STANDARD,,,,1,,,,,,,,,
DATAFLOW,OECD.ELS.HD:DSD_HCQO@DF_PC(1.1),,I,ISR,,A,,ADMRDMAI,,10P5HB,,Y_GE15,,_T,,OBS,,2023,,16.6,,,,AGE_SEX_STANDARD,,,,1,,,,,,,,,
DATAFLOW,OECD.ELS.HD:DSD_HCQO@DF_PC(1.1),,I,BEL,,A,,ADMRASTH,,10P5HB,,Y_GE15,,_T,,OBS,,2016,,31.7,,,,AGE_SEX_STANDARD,,,,1,,,,,,,,0,
DATAFLOW,OECD.ELS.HD:DSD_HCQO@DF_PC(1.1),,I,BEL,,A,,ADMRASTH,,10P5HB,,Y_GE15,,_T,,OBS,,2017,,29.5,,,,AGE_SEX_STANDARD,,,,1,,,,,,,,0,
DATAFLOW,OECD.ELS.HD:DSD_HCQO@DF_PC(1.1),,I,BEL,,A,,ADMRASTH,,10P5HB,,Y_GE15,,_T,,OBS,,2018,,27.7,,,,AGE_SEX_STANDARD,,,,1,,,,,,,,0,
DATAFLOW,OECD.ELS.HD:DSD_HCQO@DF_PC(1.1),,I,BEL,,A,,ADMRASTH,,10P5HB,,Y_GE15,,_T,,OBS,,2019,,27.4,,,,AGE_SEX_STANDARD,,,,1,,,,,,,,0,
DATAFLOW,OECD.ELS.HD:DSD_HCQO@DF_PC(1.1),,I,BEL,,A,,ADMRASTH,,10P5HB,,Y_GE15,,_T,,OBS,,2020,,15.7,,,,AGE_SEX_STANDARD,,,,1,,,,,,,,0,
DATAFLOW,OECD.ELS.HD:DSD_HCQO@DF_PC(1.1),,I,BEL,,A,,ADMRASTH,,10P5HB,,Y_GE15,,_T,,OBS,,2021,,16.2,,,,AGE_SEX_STANDARD,,,,1,,,,,,,,0,
DATAFLOW,OECD.ELS.HD:DSD_HCQO@DF_PC(1.1),,I,CHL,,A,,ADMRASTH,,10P5HB,,Y_GE15,,_T,,OBS,,2015,,17.3,,,,AGE_SEX_STANDARD,,,,1,,,,,,,,0,
DATAFLOW,OECD.ELS.HD:DSD_HCQO@DF_PC(1.1),,I,CHL,,A,,ADMRASTH,,10P5HB,,Y_GE15,,_T,,OBS,,2016,,18.6,,,,AGE_SEX_STANDARD,,,,1,,,,,,,,0,
DATAFLOW,OECD.ELS.HD:DSD_HCQO@DF_PC(1.1),,I,CHL,,A,,ADMRASTH,,10P5HB,,Y_GE15,,_T,,OBS,,2017,,19.1,,,,AGE_SEX_STANDARD,,,,1,,,,,,,,0,
DATAFLOW,OECD.ELS.HD:DSD_HCQO@DF_PC(1.1),,I,CHL,,A,,ADMRASTH,,10P5HB,,Y_GE15,,_T,,OBS,,2018,,17.1,,,,AGE_SEX_STANDARD,,,,1,,,,,,,,0,
DATAFLOW,OECD.ELS.HD:DSD_HCQO@DF_PC(1.1),,I,CHL,,A,,ADMRASTH,,10P5HB,,Y_GE15,,_T,,OBS,,2019,,16.5,,,,AGE_SEX_STANDARD,,,,1,,,,,,,,0,
DATAFLOW,OECD.ELS.HD:DSD_HCQO@DF_PC(1.1),,I,CHL,,A,,ADMRASTH,,10P5HB,,Y_GE15,,_T,,OBS,,2020,,8.7,,,,AGE_SEX_STANDARD,,,,1,,,,,,,,0,
DATAFLOW,OECD.ELS.HD:DSD_HCQO@DF_PC(1.1),,I,CHL,,A,,ADMRASTH,,10P5HB,,Y_GE15,,_T,,OBS,,2021,,8.4,,,,AGE_SEX_STANDARD,,,,1,,,,,,,,0,
DATAFLOW,OECD.ELS.HD:DSD_HCQO@DF_PC(1.1),,I,COL,,A,,ADMRASTH,,10P5HB,,Y_GE15,,_T,,OBS,,2015,,13.7,,,,AGE_SEX_STANDARD,,,,1,,,,,,,,0,
DATAFLOW,OECD.ELS.HD:DSD_HCQO@DF_PC(1.1),,I,COL,,A,,ADMRASTH,,10P5HB,,Y_GE15,,_T,,OBS,,2016,,8.3,,,,AGE_SEX_STANDARD,,,,1,,,,,,,,0,
DATAFLOW,OECD.ELS.HD:DSD_HCQO@DF_PC(1.1),,I,COL,,A,,ADMRASTH,,10P5HB,,Y_GE15,,_T,,OBS,,2017,,12.1,,,,AGE_SEX_STANDARD,,,,1,,,,,,,,0,
DATAFLOW,OECD.ELS.HD:DSD_HCQO@DF_PC(1.1),,I,CRI,,A,,ADMRASTH,,10P5HB,,Y_GE15,,_T,,OBS,,2015,,27.3,,,,AGE_SEX_STANDARD,,,,1,,,,,,,,0,
DATAFLOW,OECD.ELS.HD:DSD_HCQO@DF_PC(1.1),,I,CRI,,A,,ADMRASTH,,10P5HB,,Y_GE15,,_T,,OBS,,2016,,30.1,,,,AGE_SEX_STANDARD,,,,1,,,,,,,,0,
DATAFLOW,OECD.ELS.HD:DSD_HCQO@DF_PC(1.1),,I,CRI,,A,,ADMRASTH,,10P5HB,,Y_GE15,,_T,,OBS,,2017,,27.8,,,,AGE_SEX_STANDARD,,,,1,,,,,,,,0,
DATAFLOW,OECD.ELS.HD:DSD_HCQO@DF_PC(1.1),,I,CRI,,A,,ADMRASTH,,10P5HB,,Y_GE15,,_T,,OBS,,2022,,13,,,,AGE_SEX_STANDARD,,,,1,,,,,,,,0,
DATAFLOW,OECD.ELS.HD:DSD_HCQO@DF_PC(1.1),,I,FRA,,A,,ADMRASTH,,10P5HB,,Y_GE15,,_T,,OBS,,2015,,29.8,,,,AGE_SEX_STANDARD,,,,1,,,,,,,,0,
DATAFLOW,OECD.ELS.HD:DSD_HCQO@DF_PC(1.1),,I,ISL,,A,,ADMRASTH,,10P5HB,,Y_GE15,,_T,,OBS,,2019,,5.9,,,,AGE_SEX_STANDARD,,,,1,,,,,,,,0,
DATAFLOW,OECD.ELS.HD:DSD_HCQO@DF_PC(1.1),,I,ITA,,A,,ADMRASTH,,10P5HB,,Y_GE15,,_T,,OBS,,2015,,9.9,,,,AGE_SEX_STANDARD,,,,1,,,,,,,,0,
DATAFLOW,OECD.ELS.HD:DSD_HCQO@DF_PC(1.1),,I,ITA,,A,,ADMRASTH,,10P5HB,,Y_GE15,,_T,,OBS,,2016,,9.9,,,,AGE_SEX_STANDARD,,,,1,,,,,,,,0,
DATAFLOW,OECD.ELS.HD:DSD_HCQO@DF_PC(1.1),,I,ITA,,A,,ADMRASTH,,10P5HB,,Y_GE15,,_T,,OBS,,2017,,9.7,,,,AGE_SEX_STANDARD,,,,1,,,,,,,,0,
DATAFLOW,OECD.ELS.HD:DSD_HCQO@DF_PC(1.1),,I,ITA,,A,,ADMRASTH,,10P5HB,,Y_GE15,,_T,,OBS,,2018,,9,,,,AGE_SEX_STANDARD,,,,1,,,,,,,,0,
DATAFLOW,OECD.ELS.HD:DSD_HCQO@DF_PC(1.1),,I,ITA,,A,,ADMRASTH,,10P5HB,,Y_GE15,,_T,,OBS,,2019,,9,,,,AGE_SEX_STANDARD,,,,1,,,,,,,,0,
DATAFLOW,OECD.ELS.HD:DSD_HCQO@DF_PC(1.1),,I,ITA,,A,,ADMRASTH,,10P5HB,,Y_GE15,,_T,,OBS,,2020,,4.5,,,,AGE_SEX_STANDARD,,,,1,,,,,,,,0,
DATAFLOW,OECD.ELS.HD:DSD_HCQO@DF_PC(1.1),,I,ITA,,A,,ADMRASTH,,10P5HB,,Y_GE15,,_T,,OBS,,2021,,4.8,,,,AGE_SEX_STANDARD,,,,1,,,,,,,,0,
DATAFLOW,OECD.ELS.HD:DSD_HCQO@DF_PC(1.1),,I,LUX,,A,,ADMRASTH,,10P5HB,,Y_GE15,,_T,,OBS,,2015,,23.4,,,,AGE_SEX_STANDARD,,,,1,,,,,,,,0,
DATAFLOW,OECD.ELS.HD:DSD_HCQO@DF_PC(1.1),,I,LUX,,A,,ADMRASTH,,10P5HB,,Y_GE15,,_T,,OBS,,2018,,16.3,,,,AGE_SEX_STANDARD,,,,1,,,,,,,,0,
DATAFLOW,OECD.ELS.HD:DSD_HCQO@DF_PC(1.1),,I,LUX,,A,,ADMRASTH,,10P5HB,,Y_GE15,,_T,,OBS,,2019,,11,,,,AGE_SEX_STANDARD,,,,1,,,,,,,,0,
DATAFLOW,OECD.ELS.HD:DSD_HCQO@DF_PC(1.1),,I,LUX,,A,,ADMRASTH,,10P5HB,,Y_GE15,,_T,,OBS,,2020,,5.1,,,,AGE_SEX_STANDARD,,,,1,,,,,,,,0,
DATAFLOW,OECD.ELS.HD:DSD_HCQO@DF_PC(1.1),,I,LUX,,A,,ADMRASTH,,10P5HB,,Y_GE15,,_T,,OBS,,2021,,8.7,,,,AGE_SEX_STANDARD,,,,1,,,,,,,,0,
DATAFLOW,OECD.ELS.HD:DSD_HCQO@DF_PC(1.1),,I,MEX,,A,,ADMRASTH,,10P5HB,,Y_GE15,,_T,,OBS,,2015,,9.4,,,,AGE_SEX_STANDARD,,,,1,,,,,,,,0,
DATAFLOW,OECD.ELS.HD:DSD_HCQO@DF_PC(1.1),,I,MEX,,A,,ADMRASTH,,10P5HB,,Y_GE15,,_T,,OBS,,2016,,9.3,,,,AGE_SEX_STANDARD,,,,1,,,,,,,,0,
DATAFLOW,OECD.ELS.HD:DSD_HCQO@DF_PC(1.1),,I,MEX,,A,,ADMRASTH,,10P5HB,,Y_GE15,,_T,,OBS,,2017,,8.6,,,,AGE_SEX_STANDARD,,,,1,,,,,,,,0,
DATAFLOW,OECD.ELS.HD:DSD_HCQO@DF_PC(1.1),,I,MEX,,A,,ADMRASTH,,10P5HB,,Y_GE15,,_T,,OBS,,2018,,7.3,,,,AGE_SEX_STANDARD,,,,1,,,,,,,,0,
DATAFLOW,OECD.ELS.HD:DSD_HCQO@DF_PC(1.1),,I,MEX,,A,,ADMRASTH,,10P5HB,,Y_GE15,,_T,,OBS,,2019,,7.3,,,,AGE_SEX_STANDARD,,,,1,,,,,,,,0,
DATAFLOW,OECD.ELS.HD:DSD_HCQO@DF_PC(1.1),,I,MEX,,A,,ADMRASTH,,10P5HB,,Y_GE15,,_T,,OBS,,2020,,2.8,,,,AGE_SEX_STANDARD,,,,1,,,,,,,,0,
DATAFLOW,OECD.ELS.HD:DSD_HCQO@DF_PC(1.1),,I,MEX,,A,,ADMRASTH,,10P5HB,,Y_GE15,,_T,,OBS,,2021,,2.2,,,,AGE_SEX_STANDARD,,,,1,,,,,,,,0,
DATAFLOW,OECD.ELS.HD:DSD_HCQO@DF_PC(1.1),,I,NLD,,A,,ADMRASTH,,10P5HB,,Y_GE15,,_T,,OBS,,2015,,35.6,,,,AGE_SEX_STANDARD,,,,1,,,,,,,,0,
DATAFLOW,OECD.ELS.HD:DSD_HCQO@DF_PC(1.1),,I,NLD,,A,,ADMRASTH,,10P5HB,,Y_GE15,,_T,,OBS,,2016,,37.3,,,,AGE_SEX_STANDARD,,,,1,,,,,,,,0,
DATAFLOW,OECD.ELS.HD:DSD_HCQO@DF_PC(1.1),,I,NLD,,A,,ADMRASTH,,10P5HB,,Y_GE15,,_T,,OBS,,2017,,36.8,,,,AGE_SEX_STANDARD,,,,1,,,,,,,,0,
DATAFLOW,OECD.ELS.HD:DSD_HCQO@DF_PC(1.1),,I,NLD,,A,,ADMRASTH,,10P5HB,,Y_GE15,,_T,,OBS,,2018,,33.4,,,,AGE_SEX_STANDARD,,,,1,,,,,,,,0,
DATAFLOW,OECD.ELS.HD:DSD_HCQO@DF_PC(1.1),,I,NLD,,A,,ADMRASTH,,10P5HB,,Y_GE15,,_T,,OBS,,2019,,33.4,,,,AGE_SEX_STANDARD,,,,1,,,,,,,,0,
DATAFLOW,OECD.ELS.HD:DSD_HCQO@DF_PC(1.1),,I,NLD,,A,,ADMRASTH,,10P5HB,,Y_GE15,,_T,,OBS,,2020,,20.3,,,,AGE_SEX_STANDARD,,,,1,,,,,,,,0,
DATAFLOW,OECD.ELS.HD:DSD_HCQO@DF_PC(1.1),,I,NLD,,A,,ADMRASTH,,10P5HB,,Y_GE15,,_T,,OBS,,2021,,17.7,,,,AGE_SEX_STANDARD,,,,1,,,,,,,,0,
DATAFLOW,OECD.ELS.HD:DSD_HCQO@DF_PC(1.1),,I,NOR,,A,,ADMRASTH,,10P5HB,,Y_GE15,,_T,,OBS,,2015,,30.9,,,,AGE_SEX_STANDARD,,,,1,,,,,,,,0,
DATAFLOW,OECD.ELS.HD:DSD_HCQO@DF_PC(1.1),,I,NOR,,A,,ADMRASTH,,10P5HB,,Y_GE15,,_T,,OBS,,2016,,26.3,,,,AGE_SEX_STANDARD,,,,1,,,,,,,,0,
DATAFLOW,OECD.ELS.HD:DSD_HCQO@DF_PC(1.1),,I,NOR,,A,,ADMRASTH,,10P5HB,,Y_GE15,,_T,,OBS,,2017,,25,,,,AGE_SEX_STANDARD,,,,1,,,,,,,,0,
DATAFLOW,OECD.ELS.HD:DSD_HCQO@DF_PC(1.1),,I,NOR,,A,,ADMRASTH,,10P5HB,,Y_GE15,,_T,,OBS,,2018,,22.6,,,,AGE_SEX_STANDARD,,,,1,,,,,,,,0,
DATAFLOW,OECD.ELS.HD:DSD_HCQO@DF_PC(1.1),,I,NOR,,A,,ADMRASTH,,10P5HB,,Y_GE15,,_T,,OBS,,2019,,21.5,,,,AGE_SEX_STANDARD,,,,1,,,,,,,,0,
DATAFLOW,OECD.ELS.HD:DSD_HCQO@DF_PC(1.1),,I,NOR,,A,,ADMRASTH,,10P5HB,,Y_GE15,,_T,,OBS,,2020,,19.6,,,,AGE_SEX_STANDARD,,,,1,,,,,,,,0,
DATAFLOW,OECD.ELS.HD:DSD_HCQO@DF_PC(1.1),,I,POL,,A,,ADMRASTH,,10P5HB,,Y_GE15,,_T,,OBS,,2015,,88.3,,,,AGE_SEX_STANDARD,,,,1,,,,,,,,0,
DATAFLOW,OECD.ELS.HD:DSD_HCQO@DF_PC(1.1),,I,POL,,A,,ADMRASTH,,10P5HB,,Y_GE15,,_T,,OBS,,2016,,89.2,,,,AGE_SEX_STANDARD,,,,1,,,,,,,,0,
DATAFLOW,OECD.ELS.HD:DSD_HCQO@DF_PC(1.1),,I,POL,,A,,ADMRASTH,,10P5HB,,Y_GE15,,_T,,OBS,,2017,,87,,,,AGE_SEX_STANDARD,,,,1,,,,,,,,0,
DATAFLOW,OECD.ELS.HD:DSD_HCQO@DF_PC(1.1),,I,POL,,A,,ADMRASTH,,10P5HB,,Y_GE15,,_T,,OBS,,2018,,80.1,,,,AGE_SEX_STANDARD,,,,1,,,,,,,,0,
DATAFLOW,OECD.ELS.HD:DSD_HCQO@DF_PC(1.1),,I,POL,,A,,ADMRASTH,,10P5HB,,Y_GE15,,_T,,OBS,,2019,,72.5,,,,AGE_SEX_STANDARD,,,,1,,,,,,,,0,
DATAFLOW,OECD.ELS.HD:DSD_HCQO@DF_PC(1.1),,I,PRT,,A,,ADMRASTH,,10P5HB,,Y_GE15,,_T,,OBS,,2015,,16.9,,,,AGE_SEX_STANDARD,,,,1,,,,,,,,0,
DATAFLOW,OECD.ELS.HD:DSD_HCQO@DF_PC(1.1),,I,PRT,,A,,ADMRASTH,,10P5HB,,Y_GE15,,_T,,OBS,,2016,,16.2,,,,AGE_SEX_STANDARD,,,,1,,,,,,,,0,
DATAFLOW,OECD.ELS.HD:DSD_HCQO@DF_PC(1.1),,I,PRT,,A,,ADMRASTH,,10P5HB,,Y_GE15,,_T,,OBS,,2017,,13.2,,,,AGE_SEX_STANDARD,,,,1,,,,,,,,0,
DATAFLOW,OECD.ELS.HD:DSD_HCQO@DF_PC(1.1),,I,PRT,,A,,ADMRASTH,,10P5HB,,Y_GE15,,_T,,OBS,,2018,,12.9,,,,AGE_SEX_STANDARD,,,,1,,,,,,,,0,
DATAFLOW,OECD.ELS.HD:DSD_HCQO@DF_PC(1.1),,I,PRT,,A,,ADMRASTH,,10P5HB,,Y_GE15,,_T,,OBS,,2019,,13.3,,,,AGE_SEX_STANDARD,,,,1,,,,,,,,0,
DATAFLOW,OECD.ELS.HD:DSD_HCQO@DF_PC(1.1),,I,PRT,,A,,ADMRASTH,,10P5HB,,Y_GE15,,_T,,OBS,,2020,,10,,,,AGE_SEX_STANDARD,,,,1,,,,,,,,0,
DATAFLOW,OECD.ELS.HD:DSD_HCQO@DF_PC(1.1),,I,PRT,,A,,ADMRASTH,,10P5HB,,Y_GE15,,_T,,OBS,,2021,,9.3,,,,AGE_SEX_STANDARD,,,,1,,,,,,,,0,
DATAFLOW,OECD.ELS.HD:DSD_HCQO@DF_PC(1.1),,I,SVK,,A,,ADMRASTH,,10P5HB,,Y_GE15,,_T,,OBS,,2015,,96.4,,,,AGE_SEX_STANDARD,,,,1,,,,,,,,0,
DATAFLOW,OECD.ELS.HD:DSD_HCQO@DF_PC(1.1),,I,SVK,,A,,ADMRASTH,,10P5HB,,Y_GE15,,_T,,OBS,,2016,,86.7,,,,AGE_SEX_STANDARD,,,,1,,,,,,,,0,
DATAFLOW,OECD.ELS.HD:DSD_HCQO@DF_PC(1.1),,I,SVK,,A,,ADMRASTH,,10P5HB,,Y_GE15,,_T,,OBS,,2017,,85.6,,,,AGE_SEX_STANDARD,,,,1,,,,,,,,0,
DATAFLOW,OECD.ELS.HD:DSD_HCQO@DF_PC(1.1),,I,SVK,,A,,ADMRASTH,,10P5HB,,Y_GE15,,_T,,OBS,,2018,,78.3,,,,AGE_SEX_STANDARD,,,,1,,,,,,,,0,
DATAFLOW,OECD.ELS.HD:DSD_HCQO@DF_PC(1.1),,I,SVK,,A,,ADMRASTH,,10P5HB,,Y_GE15,,_T,,OBS,,2019,,75.9,,,,AGE_SEX_STANDARD,,,,1,,,,,,,,0,
DATAFLOW,OECD.ELS.HD:DSD_HCQO@DF_PC(1.1),,I,SVK,,A,,ADMRASTH,,10P5HB,,Y_GE15,,_T,,OBS,,2020,,47.4,,,,AGE_SEX_STANDARD,,,,1,,,,,,,,0,
DATAFLOW,OECD.ELS.HD:DSD_HCQO@DF_PC(1.1),,I,SVK,,A,,ADMRASTH,,10P5HB,,Y_GE15,,_T,,OBS,,2021,,32.5,,,,AGE_SEX_STANDARD,,,,1,,,,,,,,0,
DATAFLOW,OECD.ELS.HD:DSD_HCQO@DF_PC(1.1),,I,TUR,,A,,ADMRASTH,,10P5HB,,Y_GE15,,_T,,OBS,,2015,,99.6,,,,AGE_SEX_STANDARD,,,,1,,,,,,,,0,
DATAFLOW,OECD.ELS.HD:DSD_HCQO@DF_PC(1.1),,I,TUR,,A,,ADMRASTH,,10P5HB,,Y_GE15,,_T,,OBS,,2016,,96.7,,,,AGE_SEX_STANDARD,,,,1,,,,,,,,0,
DATAFLOW,OECD.ELS.HD:DSD_HCQO@DF_PC(1.1),,I,TUR,,A,,ADMRASTH,,10P5HB,,Y_GE15,,_T,,OBS,,2017,,94.5,,,,AGE_SEX_STANDARD,,,,1,,,,,,,,0,
DATAFLOW,OECD.ELS.HD:DSD_HCQO@DF_PC(1.1),,I,USA,,A,,ADMRASTH,,10P5HB,,Y_GE15,,_T,,OBS,,2017,,38.5,,,,AGE_SEX_STANDARD,,,,1,,,,,,,,0,
DATAFLOW,OECD.ELS.HD:DSD_HCQO@DF_PC(1.1),,I,USA,,A,,ADMRASTH,,10P5HB,,Y_GE15,,_T,,OBS,,2018,,37.5,,,,AGE_SEX_STANDARD,,,,1,,,,,,,,0,
DATAFLOW,OECD.ELS.HD:DSD_HCQO@DF_PC(1.1),,I,USA,,A,,ADMRASTH,,10P5HB,,Y_GE15,,_T,,OBS,,2019,,37.3,,,,AGE_SEX_STANDARD,,,,1,,,,,,,,0,
DATAFLOW,OECD.ELS.HD:DSD_HCQO@DF_PC(1.1),,I,USA,,A,,ADMRASTH,,10P5HB,,Y_GE15,,_T,,OBS,,2020,,23.4,,,,AGE_SEX_STANDARD,,,,1,,,,,,,,0,
DATAFLOW,OECD.ELS.HD:DSD_HCQO@DF_PC(1.1),,I,ROU,,A,,ADMRASTH,,10P5HB,,Y_GE15,,_T,,OBS,,2015,,41.5,,,,AGE_SEX_STANDARD,,,,1,,,,,,,,0,
DATAFLOW,OECD.ELS.HD:DSD_HCQO@DF_PC(1.1),,I,ROU,,A,,ADMRASTH,,10P5HB,,Y_GE15,,_T,,OBS,,2016,,36.1,,,,AGE_SEX_STANDARD,,,,1,,,,,,,,0,
DATAFLOW,OECD.ELS.HD:DSD_HCQO@DF_PC(1.1),,I,ROU,,A,,ADMRASTH,,10P5HB,,Y_GE15,,_T,,OBS,,2017,,33,,,,AGE_SEX_STANDARD,,,,1,,,,,,,,0,
DATAFLOW,OECD.ELS.HD:DSD_HCQO@DF_PC(1.1),,I,ROU,,A,,ADMRASTH,,10P5HB,,Y_GE15,,_T,,OBS,,2018,,31.4,,,,AGE_SEX_STANDARD,,,,1,,,,,,,,0,
DATAFLOW,OECD.ELS.HD:DSD_HCQO@DF_PC(1.1),,I,ROU,,A,,ADMRASTH,,10P5HB,,Y_GE15,,_T,,OBS,,2019,,28.2,,,,AGE_SEX_STANDARD,,,,1,,,,,,,,0,
DATAFLOW,OECD.ELS.HD:DSD_HCQO@DF_PC(1.1),,I,ROU,,A,,ADMRASTH,,10P5HB,,Y_GE15,,_T,,OBS,,2020,,12.7,,,,AGE_SEX_STANDARD,,,,1,,,,,,,,0,
DATAFLOW,OECD.ELS.HD:DSD_HCQO@DF_PC(1.1),,I,ROU,,A,,ADMRASTH,,10P5HB,,Y_GE15,,_T,,OBS,,2021,,9.2,,,,AGE_SEX_STANDARD,,,,1,,,,,,,,0,
DATAFLOW,OECD.ELS.HD:DSD_HCQO@DF_PC(1.1),,I,SGP,,A,,ADMRASTH,,10P5HB,,Y_GE15,,_T,,OBS,,2015,,107,,,,AGE_SEX_STANDARD,,,,1,,,,,,,,0,
DATAFLOW,OECD.ELS.HD:DSD_HCQO@DF_PC(1.1),,I,SGP,,A,,ADMRASTH,,10P5HB,,Y_GE15,,_T,,OBS,,2016,,107.6,,,,AGE_SEX_STANDARD,,,,1,,,,,,,,0,
DATAFLOW,OECD.ELS.HD:DSD_HCQO@DF_PC(1.1),,I,BEL,,A,,ADMRCOPD,,10P5HB,,Y_GE15,,_T,,OBS,,2016,,272.1,,,,AGE_SEX_STANDARD,,,,1,,,,,,,,0,
DATAFLOW,OECD.ELS.HD:DSD_HCQO@DF_PC(1.1),,I,BEL,,A,,ADMRCOPD,,10P5HB,,Y_GE15,,_T,,OBS,,2017,,280.7,,,,AGE_SEX_STANDARD,,,,1,,,,,,,,0,
DATAFLOW,OECD.ELS.HD:DSD_HCQO@DF_PC(1.1),,I,BEL,,A,,ADMRCOPD,,10P5HB,,Y_GE15,,_T,,OBS,,2018,,295.6,,,,AGE_SEX_STANDARD,,,,1,,,,,,,,0,
DATAFLOW,OECD.ELS.HD:DSD_HCQO@DF_PC(1.1),,I,BEL,,A,,ADMRCOPD,,10P5HB,,Y_GE15,,_T,,OBS,,2019,,294.9,,,,AGE_SEX_STANDARD,,,,1,,,,,,,,0,
DATAFLOW,OECD.ELS.HD:DSD_HCQO@DF_PC(1.1),,I,BEL,,A,,ADMRCOPD,,10P5HB,,Y_GE15,,_T,,OBS,,2020,,190,,,,AGE_SEX_STANDARD,,,,1,,,,,,,,0,
DATAFLOW,OECD.ELS.HD:DSD_HCQO@DF_PC(1.1),,I,BEL,,A,,ADMRCOPD,,10P5HB,,Y_GE15,,_T,,OBS,,2021,,178.4,,,,AGE_SEX_STANDARD,,,,1,,,,,,,,0,
DATAFLOW,OECD.ELS.HD:DSD_HCQO@DF_PC(1.1),,I,CHL,,A,,ADMRCOPD,,10P5HB,,Y_GE15,,_T,,OBS,,2015,,85.6,,,,AGE_SEX_STANDARD,,,,1,,,,,,,,0,
DATAFLOW,OECD.ELS.HD:DSD_HCQO@DF_PC(1.1),,I,CHL,,A,,ADMRCOPD,,10P5HB,,Y_GE15,,_T,,OBS,,2016,,83.3,,,,AGE_SEX_STANDARD,,,,1,,,,,,,,0,
DATAFLOW,OECD.ELS.HD:DSD_HCQO@DF_PC(1.1),,I,CHL,,A,,ADMRCOPD,,10P5HB,,Y_GE15,,_T,,OBS,,2017,,85,,,,AGE_SEX_STANDARD,,,,1,,,,,,,,0,
DATAFLOW,OECD.ELS.HD:DSD_HCQO@DF_PC(1.1),,I,CHL,,A,,ADMRCOPD,,10P5HB,,Y_GE15,,_T,,OBS,,2018,,76.7,,,,AGE_SEX_STANDARD,,,,1,,,,,,,,0,
DATAFLOW,OECD.ELS.HD:DSD_HCQO@DF_PC(1.1),,I,CHL,,A,,ADMRCOPD,,10P5HB,,Y_GE15,,_T,,OBS,,2019,,70.8,,,,AGE_SEX_STANDARD,,,,1,,,,,,,,0,
DATAFLOW,OECD.ELS.HD:DSD_HCQO@DF_PC(1.1),,I,CHL,,A,,ADMRCOPD,,10P5HB,,Y_GE15,,_T,,OBS,,2020,,35.4,,,,AGE_SEX_STANDARD,,,,1,,,,,,,,0,
DATAFLOW,OECD.ELS.HD:DSD_HCQO@DF_PC(1.1),,I,CHL,,A,,ADMRCOPD,,10P5HB,,Y_GE15,,_T,,OBS,,2021,,31.4,,,,AGE_SEX_STANDARD,,,,1,,,,,,,,0,
DATAFLOW,OECD.ELS.HD:DSD_HCQO@DF_PC(1.1),,I,COL,,A,,ADMRCOPD,,10P5HB,,Y_GE15,,_T,,OBS,,2015,,107.3,,,,AGE_SEX_STANDARD,,,,1,,,,,,,,0,
DATAFLOW,OECD.ELS.HD:DSD_HCQO@DF_PC(1.1),,I,COL,,A,,ADMRCOPD,,10P5HB,,Y_GE15,,_T,,OBS,,2016,,58.2,,,,AGE_SEX_STANDARD,,,,1,,,,,,,,0,
DATAFLOW,OECD.ELS.HD:DSD_HCQO@DF_PC(1.1),,I,COL,,A,,ADMRCOPD,,10P5HB,,Y_GE15,,_T,,OBS,,2017,,119.6,,,,AGE_SEX_STANDARD,,,,1,,,,,,,,0,
DATAFLOW,OECD.ELS.HD:DSD_HCQO@DF_PC(1.1),,I,CRI,,A,,ADMRCOPD,,10P5HB,,Y_GE15,,_T,,OBS,,2015,,104.2,,,,AGE_SEX_STANDARD,,,,1,,,,,,,,0,
DATAFLOW,OECD.ELS.HD:DSD_HCQO@DF_PC(1.1),,I,CRI,,A,,ADMRCOPD,,10P5HB,,Y_GE15,,_T,,OBS,,2016,,108.3,,,,AGE_SEX_STANDARD,,,,1,,,,,,,,0,
DATAFLOW,OECD.ELS.HD:DSD_HCQO@DF_PC(1.1),,I,CRI,,A,,ADMRCOPD,,10P5HB,,Y_GE15,,_T,,OBS,,2017,,106.3,,,,AGE_SEX_STANDARD,,,,1,,,,,,,,0,
DATAFLOW,OECD.ELS.HD:DSD_HCQO@DF_PC(1.1),,I,CRI,,A,,ADMRCOPD,,10P5HB,,Y_GE15,,_T,,OBS,,2022,,2.2,,,,AGE_SEX_STANDARD,,,,1,,,,,,,,0,
DATAFLOW,OECD.ELS.HD:DSD_HCQO@DF_PC(1.1),,I,FRA,,A,,ADMRCOPD,,10P5HB,,Y_GE15,,_T,,OBS,,2015,,128.8,,,,AGE_SEX_STANDARD,,,,1,,,,,,,,0,
DATAFLOW,OECD.ELS.HD:DSD_HCQO@DF_PC(1.1),,I,ITA,,A,,ADMRCOPD,,10P5HB,,Y_GE15,,_T,,OBS,,2015,,58.8,,,,AGE_SEX_STANDARD,,,,1,,,,,,,,0,
DATAFLOW,OECD.ELS.HD:DSD_HCQO@DF_PC(1.1),,I,ITA,,A,,ADMRCOPD,,10P5HB,,Y_GE15,,_T,,OBS,,2016,,52.2,,,,AGE_SEX_STANDARD,,,,1,,,,,,,,0,
DATAFLOW,OECD.ELS.HD:DSD_HCQO@DF_PC(1.1),,I,ITA,,A,,ADMRCOPD,,10P5HB,,Y_GE15,,_T,,OBS,,2017,,58.6,,,,AGE_SEX_STANDARD,,,,1,,,,,,,,0,
DATAFLOW,OECD.ELS.HD:DSD_HCQO@DF_PC(1.1),,I,ITA,,A,,ADMRCOPD,,10P5HB,,Y_GE15,,_T,,OBS,,2018,,40.8,,,,AGE_SEX_STANDARD,,,,1,,,,,,,,0,
DATAFLOW,OECD.ELS.HD:DSD_HCQO@DF_PC(1.1),,I,ITA,,A,,ADMRCOPD,,10P5HB,,Y_GE15,,_T,,OBS,,2019,,41.9,,,,AGE_SEX_STANDARD,,,,1,,,,,,,,0,
DATAFLOW,OECD.ELS.HD:DSD_HCQO@DF_PC(1.1),,I,ITA,,A,,ADMRCOPD,,10P5HB,,Y_GE15,,_T,,OBS,,2020,,19.7,,,,AGE_SEX_STANDARD,,,,1,,,,,,,,0,
DATAFLOW,OECD.ELS.HD:DSD_HCQO@DF_PC(1.1),,I,ITA,,A,,ADMRCOPD,,10P5HB,,Y_GE15,,_T,,OBS,,2021,,18.1,,,,AGE_SEX_STANDARD,,,,1,,,,,,,,0,
DATAFLOW,OECD.ELS.HD:DSD_HCQO@DF_PC(1.1),,I,LUX,,A,,ADMRCOPD,,10P5HB,,Y_GE15,,_T,,OBS,,2015,,194,,,,AGE_SEX_STANDARD,,,,1,,,,,,,,0,
DATAFLOW,OECD.ELS.HD:DSD_HCQO@DF_PC(1.1),,I,LUX,,A,,ADMRCOPD,,10P5HB,,Y_GE15,,_T,,OBS,,2018,,216.7,,,,AGE_SEX_STANDARD,,,,1,,,,,,,,0,
DATAFLOW,OECD.ELS.HD:DSD_HCQO@DF_PC(1.1),,I,LUX,,A,,ADMRCOPD,,10P5HB,,Y_GE15,,_T,,OBS,,2019,,215,,,,AGE_SEX_STANDARD,,,,1,,,,,,,,0,
DATAFLOW,OECD.ELS.HD:DSD_HCQO@DF_PC(1.1),,I,LUX,,A,,ADMRCOPD,,10P5HB,,Y_GE15,,_T,,OBS,,2020,,95.4,,,,AGE_SEX_STANDARD,,,,1,,,,,,,,0,
DATAFLOW,OECD.ELS.HD:DSD_HCQO@DF_PC(1.1),,I,LUX,,A,,ADMRCOPD,,10P5HB,,Y_GE15,,_T,,OBS,,2021,,129.5,,,,AGE_SEX_STANDARD,,,,1,,,,,,,,0,
DATAFLOW,OECD.ELS.HD:DSD_HCQO@DF_PC(1.1),,I,MEX,,A,,ADMRCOPD,,10P5HB,,Y_GE15,,_T,,OBS,,2015,,92.8,,,,AGE_SEX_STANDARD,,,,1,,,,,,,,0,
DATAFLOW,OECD.ELS.HD:DSD_HCQO@DF_PC(1.1),,I,MEX,,A,,ADMRCOPD,,10P5HB,,Y_GE15,,_T,,OBS,,2016,,91.7,,,,AGE_SEX_STANDARD,,,,1,,,,,,,,0,
DATAFLOW,OECD.ELS.HD:DSD_HCQO@DF_PC(1.1),,I,MEX,,A,,ADMRCOPD,,10P5HB,,Y_GE15,,_T,,OBS,,2017,,86.5,,,,AGE_SEX_STANDARD,,,,1,,,,,,,,0,
DATAFLOW,OECD.ELS.HD:DSD_HCQO@DF_PC(1.1),,I,MEX,,A,,ADMRCOPD,,10P5HB,,Y_GE15,,_T,,OBS,,2018,,78.8,,,,AGE_SEX_STANDARD,,,,1,,,,,,,,0,
DATAFLOW,OECD.ELS.HD:DSD_HCQO@DF_PC(1.1),,I,MEX,,A,,ADMRCOPD,,10P5HB,,Y_GE15,,_T,,OBS,,2019,,73.1,,,,AGE_SEX_STANDARD,,,,1,,,,,,,,0,
DATAFLOW,OECD.ELS.HD:DSD_HCQO@DF_PC(1.1),,I,MEX,,A,,ADMRCOPD,,10P5HB,,Y_GE15,,_T,,OBS,,2020,,28.1,,,,AGE_SEX_STANDARD,,,,1,,,,,,,,0,
DATAFLOW,OECD.ELS.HD:DSD_HCQO@DF_PC(1.1),,I,MEX,,A,,ADMRCOPD,,10P5HB,,Y_GE15,,_T,,OBS,,2021,,16.1,,,,AGE_SEX_STANDARD,,,,1,,,,,,,,0,
DATAFLOW,OECD.ELS.HD:DSD_HCQO@DF_PC(1.1),,I,NLD,,A,,ADMRCOPD,,10P5HB,,Y_GE15,,_T,,OBS,,2015,,226.9,,,,AGE_SEX_STANDARD,,,,1,,,,,,,,0,
DATAFLOW,OECD.ELS.HD:DSD_HCQO@DF_PC(1.1),,I,NLD,,A,,ADMRCOPD,,10P5HB,,Y_GE15,,_T,,OBS,,2016,,213.4,,,,AGE_SEX_STANDARD,,,,1,,,,,,,,0,
DATAFLOW,OECD.ELS.HD:DSD_HCQO@DF_PC(1.1),,I,NLD,,A,,ADMRCOPD,,10P5HB,,Y_GE15,,_T,,OBS,,2017,,200.3,,,,AGE_SEX_STANDARD,,,,1,,,,,,,,0,
DATAFLOW,OECD.ELS.HD:DSD_HCQO@DF_PC(1.1),,I,NLD,,A,,ADMRCOPD,,10P5HB,,Y_GE15,,_T,,OBS,,2018,,192.7,,,,AGE_SEX_STANDARD,,,,1,,,,,,,,0,
DATAFLOW,OECD.ELS.HD:DSD_HCQO@DF_PC(1.1),,I,NLD,,A,,ADMRCOPD,,10P5HB,,Y_GE15,,_T,,OBS,,2019,,188.9,,,,AGE_SEX_STANDARD,,,,1,,,,,,,,0,
DATAFLOW,OECD.ELS.HD:DSD_HCQO@DF_PC(1.1),,I,NLD,,A,,ADMRCOPD,,10P5HB,,Y_GE15,,_T,,OBS,,2020,,117.5,,,,AGE_SEX_STANDARD,,,,1,,,,,,,,0,
DATAFLOW,OECD.ELS.HD:DSD_HCQO@DF_PC(1.1),,I,NLD,,A,,ADMRCOPD,,10P5HB,,Y_GE15,,_T,,OBS,,2021,,107.3,,,,AGE_SEX_STANDARD,,,,1,,,,,,,,0,
DATAFLOW,OECD.ELS.HD:DSD_HCQO@DF_PC(1.1),,I,NOR,,A,,ADMRCOPD,,10P5HB,,Y_GE15,,_T,,OBS,,2015,,248.1,,,,AGE_SEX_STANDARD,,,,1,,,,,,,,0,
DATAFLOW,OECD.ELS.HD:DSD_HCQO@DF_PC(1.1),,I,NOR,,A,,ADMRCOPD,,10P5HB,,Y_GE15,,_T,,OBS,,2016,,249.6,,,,AGE_SEX_STANDARD,,,,1,,,,,,,,0,
DATAFLOW,OECD.ELS.HD:DSD_HCQO@DF_PC(1.1),,I,NOR,,A,,ADMRCOPD,,10P5HB,,Y_GE15,,_T,,OBS,,2017,,236,,,,AGE_SEX_STANDARD,,,,1,,,,,,,,0,
DATAFLOW,OECD.ELS.HD:DSD_HCQO@DF_PC(1.1),,I,NOR,,A,,ADMRCOPD,,10P5HB,,Y_GE15,,_T,,OBS,,2018,,232.3,,,,AGE_SEX_STANDARD,,,,1,,,,,,,,0,
DATAFLOW,OECD.ELS.HD:DSD_HCQO@DF_PC(1.1),,I,NOR,,A,,ADMRCOPD,,10P5HB,,Y_GE15,,_T,,OBS,,2019,,237.6,,,,AGE_SEX_STANDARD,,,,1,,,,,,,,0,
DATAFLOW,OECD.ELS.HD:DSD_HCQO@DF_PC(1.1),,I,NOR,,A,,ADMRCOPD,,10P5HB,,Y_GE15,,_T,,OBS,,2020,,187.9,,,,AGE_SEX_STANDARD,,,,1,,,,,,,,0,
DATAFLOW,OECD.ELS.HD:DSD_HCQO@DF_PC(1.1),,I,POL,,A,,ADMRCOPD,,10P5HB,,Y_GE15,,_T,,OBS,,2015,,169.6,,,,AGE_SEX_STANDARD,,,,1,,,,,,,,0,
DATAFLOW,OECD.ELS.HD:DSD_HCQO@DF_PC(1.1),,I,POL,,A,,ADMRCOPD,,10P5HB,,Y_GE15,,_T,,OBS,,2016,,161.4,,,,AGE_SEX_STANDARD,,,,1,,,,,,,,0,
DATAFLOW,OECD.ELS.HD:DSD_HCQO@DF_PC(1.1),,I,POL,,A,,ADMRCOPD,,10P5HB,,Y_GE15,,_T,,OBS,,2017,,149.9,,,,AGE_SEX_STANDARD,,,,1,,,,,,,,0,
DATAFLOW,OECD.ELS.HD:DSD_HCQO@DF_PC(1.1),,I,POL,,A,,ADMRCOPD,,10P5HB,,Y_GE15,,_T,,OBS,,2018,,130.5,,,,AGE_SEX_STANDARD,,,,1,,,,,,,,0,
DATAFLOW,OECD.ELS.HD:DSD_HCQO@DF_PC(1.1),,I,POL,,A,,ADMRCOPD,,10P5HB,,Y_GE15,,_T,,OBS,,2019,,116.8,,,,AGE_SEX_STANDARD,,,,1,,,,,,,,0,
DATAFLOW,OECD.ELS.HD:DSD_HCQO@DF_PC(1.1),,I,PRT,,A,,ADMRCOPD,,10P5HB,,Y_GE15,,_T,,OBS,,2015,,61.8,,,,AGE_SEX_STANDARD,,,,1,,,,,,,,0,
DATAFLOW,OECD.ELS.HD:DSD_HCQO@DF_PC(1.1),,I,PRT,,A,,ADMRCOPD,,10P5HB,,Y_GE15,,_T,,OBS,,2016,,62.4,,,,AGE_SEX_STANDARD,,,,1,,,,,,,,0,
DATAFLOW,OECD.ELS.HD:DSD_HCQO@DF_PC(1.1),,I,PRT,,A,,ADMRCOPD,,10P5HB,,Y_GE15,,_T,,OBS,,2017,,82.4,,,,AGE_SEX_STANDARD,,,,1,,,,,,,,0,
DATAFLOW,OECD.ELS.HD:DSD_HCQO@DF_PC(1.1),,I,PRT,,A,,ADMRCOPD,,10P5HB,,Y_GE15,,_T,,OBS,,2018,,88.5,,,,AGE_SEX_STANDARD,,,,1,,,,,,,,0,
DATAFLOW,OECD.ELS.HD:DSD_HCQO@DF_PC(1.1),,I,PRT,,A,,ADMRCOPD,,10P5HB,,Y_GE15,,_T,,OBS,,2019,,84.6,,,,AGE_SEX_STANDARD,,,,1,,,,,,,,0,
DATAFLOW,OECD.ELS.HD:DSD_HCQO@DF_PC(1.1),,I,PRT,,A,,ADMRCOPD,,10P5HB,,Y_GE15,,_T,,OBS,,2020,,53.8,,,,AGE_SEX_STANDARD,,,,1,,,,,,,,0,
DATAFLOW,OECD.ELS.HD:DSD_HCQO@DF_PC(1.1),,I,PRT,,A,,ADMRCOPD,,10P5HB,,Y_GE15,,_T,,OBS,,2021,,44.5,,,,AGE_SEX_STANDARD,,,,1,,,,,,,,0,
DATAFLOW,OECD.ELS.HD:DSD_HCQO@DF_PC(1.1),,I,SVK,,A,,ADMRCOPD,,10P5HB,,Y_GE15,,_T,,OBS,,2015,,155.1,,,,AGE_SEX_STANDARD,,,,1,,,,,,,,0,
DATAFLOW,OECD.ELS.HD:DSD_HCQO@DF_PC(1.1),,I,SVK,,A,,ADMRCOPD,,10P5HB,,Y_GE15,,_T,,OBS,,2016,,132.4,,,,AGE_SEX_STANDARD,,,,1,,,,,,,,0,
DATAFLOW,OECD.ELS.HD:DSD_HCQO@DF_PC(1.1),,I,SVK,,A,,ADMRCOPD,,10P5HB,,Y_GE15,,_T,,OBS,,2017,,135.4,,,,AGE_SEX_STANDARD,,,,1,,,,,,,,0,
DATAFLOW,OECD.ELS.HD:DSD_HCQO@DF_PC(1.1),,I,SVK,,A,,ADMRCOPD,,10P5HB,,Y_GE15,,_T,,OBS,,2018,,122.5,,,,AGE_SEX_STANDARD,,,,1,,,,,,,,0,
DATAFLOW,OECD.ELS.HD:DSD_HCQO@DF_PC(1.1),,I,SVK,,A,,ADMRCOPD,,10P5HB,,Y_GE15,,_T,,OBS,,2019,,117.3,,,,AGE_SEX_STANDARD,,,,1,,,,,,,,0,
DATAFLOW,OECD.ELS.HD:DSD_HCQO@DF_PC(1.1),,I,SVK,,A,,ADMRCOPD,,10P5HB,,Y_GE15,,_T,,OBS,,2020,,73.8,,,,AGE_SEX_STANDARD,,,,1,,,,,,,,0,
DATAFLOW,OECD.ELS.HD:DSD_HCQO@DF_PC(1.1),,I,SVK,,A,,ADMRCOPD,,10P5HB,,Y_GE15,,_T,,OBS,,2021,,48.4,,,,AGE_SEX_STANDARD,,,,1,,,,,,,,0,
DATAFLOW,OECD.ELS.HD:DSD_HCQO@DF_PC(1.1),,I,TUR,,A,,ADMRCOPD,,10P5HB,,Y_GE15,,_T,,OBS,,2015,,343.3,,,,AGE_SEX_STANDARD,,,,1,,,,,,,,0,
DATAFLOW,OECD.ELS.HD:DSD_HCQO@DF_PC(1.1),,I,TUR,,A,,ADMRCOPD,,10P5HB,,Y_GE15,,_T,,OBS,,2016,,373.6,,,,AGE_SEX_STANDARD,,,,1,,,,,,,,0,
DATAFLOW,OECD.ELS.HD:DSD_HCQO@DF_PC(1.1),,I,TUR,,A,,ADMRCOPD,,10P5HB,,Y_GE15,,_T,,OBS,,2017,,362.3,,,,AGE_SEX_STANDARD,,,,1,,,,,,,,0,
DATAFLOW,OECD.ELS.HD:DSD_HCQO@DF_PC(1.1),,I,USA,,A,,ADMRCOPD,,10P5HB,,Y_GE15,,_T,,OBS,,2017,,283,,,,AGE_SEX_STANDARD,,,,1,,,,,,,,0,
DATAFLOW,OECD.ELS.HD:DSD_HCQO@DF_PC(1.1),,I,USA,,A,,ADMRCOPD,,10P5HB,,Y_GE15,,_T,,OBS,,2018,,207.2,,,,AGE_SEX_STANDARD,,,,1,,,,,,,,0,
DATAFLOW,OECD.ELS.HD:DSD_HCQO@DF_PC(1.1),,I,USA,,A,,ADMRCOPD,,10P5HB,,Y_GE15,,_T,,OBS,,2019,,186.8,,,,AGE_SEX_STANDARD,,,,1,,,,,,,,0,
DATAFLOW,OECD.ELS.HD:DSD_HCQO@DF_PC(1.1),,I,USA,,A,,ADMRCOPD,,10P5HB,,Y_GE15,,_T,,OBS,,2020,,113.7,,,,AGE_SEX_STANDARD,,,,1,,,,,,,,0,
DATAFLOW,OECD.ELS.HD:DSD_HCQO@DF_PC(1.1),,I,ROU,,A,,ADMRCOPD,,10P5HB,,Y_GE15,,_T,,OBS,,2015,,447.8,,,,AGE_SEX_STANDARD,,,,1,,,,,,,,0,
DATAFLOW,OECD.ELS.HD:DSD_HCQO@DF_PC(1.1),,I,ROU,,A,,ADMRCOPD,,10P5HB,,Y_GE15,,_T,,OBS,,2016,,411.3,,,,AGE_SEX_STANDARD,,,,1,,,,,,,,0,
DATAFLOW,OECD.ELS.HD:DSD_HCQO@DF_PC(1.1),,I,ROU,,A,,ADMRCOPD,,10P5HB,,Y_GE15,,_T,,OBS,,2017,,414.2,,,,AGE_SEX_STANDARD,,,,1,,,,,,,,0,
DATAFLOW,OECD.ELS.HD:DSD_HCQO@DF_PC(1.1),,I,ROU,,A,,ADMRCOPD,,10P5HB,,Y_GE15,,_T,,OBS,,2018,,388.9,,,,AGE_SEX_STANDARD,,,,1,,,,,,,,0,
DATAFLOW,OECD.ELS.HD:DSD_HCQO@DF_PC(1.1),,I,ROU,,A,,ADMRCOPD,,10P5HB,,Y_GE15,,_T,,OBS,,2019,,355.4,,,,AGE_SEX_STANDARD,,,,1,,,,,,,,0,
DATAFLOW,OECD.ELS.HD:DSD_HCQO@DF_PC(1.1),,I,ROU,,A,,ADMRCOPD,,10P5HB,,Y_GE15,,_T,,OBS,,2020,,143.2,,,,AGE_SEX_STANDARD,,,,1,,,,,,,,0,
DATAFLOW,OECD.ELS.HD:DSD_HCQO@DF_PC(1.1),,I,ROU,,A,,ADMRCOPD,,10P5HB,,Y_GE15,,_T,,OBS,,2021,,100.2,,,,AGE_SEX_STANDARD,,,,1,,,,,,,,0,
DATAFLOW,OECD.ELS.HD:DSD_HCQO@DF_PC(1.1),,I,SGP,,A,,ADMRCOPD,,10P5HB,,Y_GE15,,_T,,OBS,,2015,,189.7,,,,AGE_SEX_STANDARD,,,,1,,,,,,,,0,
DATAFLOW,OECD.ELS.HD:DSD_HCQO@DF_PC(1.1),,I,SGP,,A,,ADMRCOPD,,10P5HB,,Y_GE15,,_T,,OBS,,2016,,185.8,,,,AGE_SEX_STANDARD,,,,1,,,,,,,,0,
DATAFLOW,OECD.ELS.HD:DSD_HCQO@DF_PC(1.1),,I,BEL,,A,,ASCOCOMP,,10P5HB,,Y_GE15,,_T,,OBS,,2017,,310.2,,,,AGE_SEX_STANDARD,,,,1,,,,,,,,0,
DATAFLOW,OECD.ELS.HD:DSD_HCQO@DF_PC(1.1),,I,BEL,,A,,ASCOCOMP,,10P5HB,,Y_GE15,,_T,,OBS,,2018,,323.3,,,,AGE_SEX_STANDARD,,,,1,,,,,,,,0,
DATAFLOW,OECD.ELS.HD:DSD_HCQO@DF_PC(1.1),,I,BEL,,A,,ASCOCOMP,,10P5HB,,Y_GE15,,_T,,OBS,,2019,,322.3,,,,AGE_SEX_STANDARD,,,,1,,,,,,,,0,
DATAFLOW,OECD.ELS.HD:DSD_HCQO@DF_PC(1.1),,I,BEL,,A,,ASCOCOMP,,10P5HB,,Y_GE15,,_T,,OBS,,2020,,205.7,,,,AGE_SEX_STANDARD,,,,1,,,,,,,,0,
DATAFLOW,OECD.ELS.HD:DSD_HCQO@DF_PC(1.1),,I,CHL,,A,,ASCOCOMP,,10P5HB,,Y_GE15,,_T,,OBS,,2015,,102.9,,,,AGE_SEX_STANDARD,,,,1,,,,,,,,0,
DATAFLOW,OECD.ELS.HD:DSD_HCQO@DF_PC(1.1),,I,CHL,,A,,ASCOCOMP,,10P5HB,,Y_GE15,,_T,,OBS,,2016,,101.9,,,,AGE_SEX_STANDARD,,,,1,,,,,,,,0,
DATAFLOW,OECD.ELS.HD:DSD_HCQO@DF_PC(1.1),,I,CHL,,A,,ASCOCOMP,,10P5HB,,Y_GE15,,_T,,OBS,,2017,,104.1,,,,AGE_SEX_STANDARD,,,,1,,,,,,,,0,
DATAFLOW,OECD.ELS.HD:DSD_HCQO@DF_PC(1.1),,I,CHL,,A,,ASCOCOMP,,10P5HB,,Y_GE15,,_T,,OBS,,2018,,93.8,,,,AGE_SEX_STANDARD,,,,1,,,,,,,,0,
DATAFLOW,OECD.ELS.HD:DSD_HCQO@DF_PC(1.1),,I,CHL,,A,,ASCOCOMP,,10P5HB,,Y_GE15,,_T,,OBS,,2019,,87.3,,,,AGE_SEX_STANDARD,,,,1,,,,,,,,0,
DATAFLOW,OECD.ELS.HD:DSD_HCQO@DF_PC(1.1),,I,COL,,A,,ASCOCOMP,,10P5HB,,Y_GE15,,_T,,OBS,,2015,,121,,,,AGE_SEX_STANDARD,,,,1,,,,,,,,0,
DATAFLOW,OECD.ELS.HD:DSD_HCQO@DF_PC(1.1),,I,COL,,A,,ASCOCOMP,,10P5HB,,Y_GE15,,_T,,OBS,,2016,,66.5,,,,AGE_SEX_STANDARD,,,,1,,,,,,,,0,
DATAFLOW,OECD.ELS.HD:DSD_HCQO@DF_PC(1.1),,I,COL,,A,,ASCOCOMP,,10P5HB,,Y_GE15,,_T,,OBS,,2017,,131.7,,,,AGE_SEX_STANDARD,,,,1,,,,,,,,0,
DATAFLOW,OECD.ELS.HD:DSD_HCQO@DF_PC(1.1),,I,CRI,,A,,ASCOCOMP,,10P5HB,,Y_GE15,,_T,,OBS,,2015,,131.5,,,,AGE_SEX_STANDARD,,,,1,,,,,,,,0,
DATAFLOW,OECD.ELS.HD:DSD_HCQO@DF_PC(1.1),,I,CRI,,A,,ASCOCOMP,,10P5HB,,Y_GE15,,_T,,OBS,,2016,,138.3,,,,AGE_SEX_STANDARD,,,,1,,,,,,,,0,
DATAFLOW,OECD.ELS.HD:DSD_HCQO@DF_PC(1.1),,I,CRI,,A,,ASCOCOMP,,10P5HB,,Y_GE15,,_T,,OBS,,2017,,134.1,,,,AGE_SEX_STANDARD,,,,1,,,,,,,,0,
DATAFLOW,OECD.ELS.HD:DSD_HCQO@DF_PC(1.1),,I,CRI,,A,,ASCOCOMP,,10P5HB,,Y_GE15,,_T,,OBS,,2022,,15.2,,,,AGE_SEX_STANDARD,,,,1,,,,,,,,0,
DATAFLOW,OECD.ELS.HD:DSD_HCQO@DF_PC(1.1),,I,FRA,,A,,ASCOCOMP,,10P5HB,,Y_GE15,,_T,,OBS,,2015,,158.6,,,,AGE_SEX_STANDARD,,,,1,,,,,,,,0,
DATAFLOW,OECD.ELS.HD:DSD_HCQO@DF_PC(1.1),,I,ITA,,A,,ASCOCOMP,,10P5HB,,Y_GE15,,_T,,OBS,,2015,,68.7,,,,AGE_SEX_STANDARD,,,,1,,,,,,,,0,
DATAFLOW,OECD.ELS.HD:DSD_HCQO@DF_PC(1.1),,I,ITA,,A,,ASCOCOMP,,10P5HB,,Y_GE15,,_T,,OBS,,2016,,62.1,,,,AGE_SEX_STANDARD,,,,1,,,,,,,,0,
DATAFLOW,OECD.ELS.HD:DSD_HCQO@DF_PC(1.1),,I,ITA,,A,,ASCOCOMP,,10P5HB,,Y_GE15,,_T,,OBS,,2017,,68.2,,,,AGE_SEX_STANDARD,,,,1,,,,,,,,0,
DATAFLOW,OECD.ELS.HD:DSD_HCQO@DF_PC(1.1),,I,ITA,,A,,ASCOCOMP,,10P5HB,,Y_GE15,,_T,,OBS,,2018,,49.8,,,,AGE_SEX_STANDARD,,,,1,,,,,,,,0,
DATAFLOW,OECD.ELS.HD:DSD_HCQO@DF_PC(1.1),,I,ITA,,A,,ASCOCOMP,,10P5HB,,Y_GE15,,_T,,OBS,,2019,,50.8,,,,AGE_SEX_STANDARD,,,,1,,,,,,,,0,
DATAFLOW,OECD.ELS.HD:DSD_HCQO@DF_PC(1.1),,I,ITA,,A,,ASCOCOMP,,10P5HB,,Y_GE15,,_T,,OBS,,2020,,24.2,,,,AGE_SEX_STANDARD,,,,1,,,,,,,,0,
DATAFLOW,OECD.ELS.HD:DSD_HCQO@DF_PC(1.1),,I,ITA,,A,,ASCOCOMP,,10P5HB,,Y_GE15,,_T,,OBS,,2021,,23,,,,AGE_SEX_STANDARD,,,,1,,,,,,,,0,
DATAFLOW,OECD.ELS.HD:DSD_HCQO@DF_PC(1.1),,I,LUX,,A,,ASCOCOMP,,10P5HB,,Y_GE15,,_T,,OBS,,2015,,217.4,,,,AGE_SEX_STANDARD,,,,1,,,,,,,,0,
DATAFLOW,OECD.ELS.HD:DSD_HCQO@DF_PC(1.1),,I,LUX,,A,,ASCOCOMP,,10P5HB,,Y_GE15,,_T,,OBS,,2018,,233,,,,AGE_SEX_STANDARD,,,,1,,,,,,,,0,
DATAFLOW,OECD.ELS.HD:DSD_HCQO@DF_PC(1.1),,I,LUX,,A,,ASCOCOMP,,10P5HB,,Y_GE15,,_T,,OBS,,2019,,226,,,,AGE_SEX_STANDARD,,,,1,,,,,,,,0,
DATAFLOW,OECD.ELS.HD:DSD_HCQO@DF_PC(1.1),,I,LUX,,A,,ASCOCOMP,,10P5HB,,Y_GE15,,_T,,OBS,,2020,,100.5,,,,AGE_SEX_STANDARD,,,,1,,,,,,,,0,
DATAFLOW,OECD.ELS.HD:DSD_HCQO@DF_PC(1.1),,I,LUX,,A,,ASCOCOMP,,10P5HB,,Y_GE15,,_T,,OBS,,2021,,138.2,,,,AGE_SEX_STANDARD,,,,1,,,,,,,,0,
DATAFLOW,OECD.ELS.HD:DSD_HCQO@DF_PC(1.1),,I,MEX,,A,,ASCOCOMP,,10P5HB,,Y_GE15,,_T,,OBS,,2015,,102.2,,,,AGE_SEX_STANDARD,,,,1,,,,,,,,0,
DATAFLOW,OECD.ELS.HD:DSD_HCQO@DF_PC(1.1),,I,MEX,,A,,ASCOCOMP,,10P5HB,,Y_GE15,,_T,,OBS,,2016,,100.9,,,,AGE_SEX_STANDARD,,,,1,,,,,,,,0,
DATAFLOW,OECD.ELS.HD:DSD_HCQO@DF_PC(1.1),,I,MEX,,A,,ASCOCOMP,,10P5HB,,Y_GE15,,_T,,OBS,,2017,,95.1,,,,AGE_SEX_STANDARD,,,,1,,,,,,,,0,
DATAFLOW,OECD.ELS.HD:DSD_HCQO@DF_PC(1.1),,I,MEX,,A,,ASCOCOMP,,10P5HB,,Y_GE15,,_T,,OBS,,2018,,86.1,,,,AGE_SEX_STANDARD,,,,1,,,,,,,,0,
DATAFLOW,OECD.ELS.HD:DSD_HCQO@DF_PC(1.1),,I,MEX,,A,,ASCOCOMP,,10P5HB,,Y_GE15,,_T,,OBS,,2019,,80.4,,,,AGE_SEX_STANDARD,,,,1,,,,,,,,0,
DATAFLOW,OECD.ELS.HD:DSD_HCQO@DF_PC(1.1),,I,MEX,,A,,ASCOCOMP,,10P5HB,,Y_GE15,,_T,,OBS,,2020,,30.9,,,,AGE_SEX_STANDARD,,,,1,,,,,,,,0,
DATAFLOW,OECD.ELS.HD:DSD_HCQO@DF_PC(1.1),,I,MEX,,A,,ASCOCOMP,,10P5HB,,Y_GE15,,_T,,OBS,,2021,,18.3,,,,AGE_SEX_STANDARD,,,,1,,,,,,,,0,
DATAFLOW,OECD.ELS.HD:DSD_HCQO@DF_PC(1.1),,I,NLD,,A,,ASCOCOMP,,10P5HB,,Y_GE15,,_T,,OBS,,2015,,262.6,,,,AGE_SEX_STANDARD,,,,1,,,,,,,,0,
DATAFLOW,OECD.ELS.HD:DSD_HCQO@DF_PC(1.1),,I,NLD,,A,,ASCOCOMP,,10P5HB,,Y_GE15,,_T,,OBS,,2016,,250.7,,,,AGE_SEX_STANDARD,,,,1,,,,,,,,0,
DATAFLOW,OECD.ELS.HD:DSD_HCQO@DF_PC(1.1),,I,NLD,,A,,ASCOCOMP,,10P5HB,,Y_GE15,,_T,,OBS,,2017,,237.1,,,,AGE_SEX_STANDARD,,,,1,,,,,,,,0,
DATAFLOW,OECD.ELS.HD:DSD_HCQO@DF_PC(1.1),,I,NLD,,A,,ASCOCOMP,,10P5HB,,Y_GE15,,_T,,OBS,,2018,,226.1,,,,AGE_SEX_STANDARD,,,,1,,,,,,,,0,
DATAFLOW,OECD.ELS.HD:DSD_HCQO@DF_PC(1.1),,I,NLD,,A,,ASCOCOMP,,10P5HB,,Y_GE15,,_T,,OBS,,2019,,222.3,,,,AGE_SEX_STANDARD,,,,1,,,,,,,,0,
DATAFLOW,OECD.ELS.HD:DSD_HCQO@DF_PC(1.1),,I,NLD,,A,,ASCOCOMP,,10P5HB,,Y_GE15,,_T,,OBS,,2020,,137.8,,,,AGE_SEX_STANDARD,,,,1,,,,,,,,0,
DATAFLOW,OECD.ELS.HD:DSD_HCQO@DF_PC(1.1),,I,NLD,,A,,ASCOCOMP,,10P5HB,,Y_GE15,,_T,,OBS,,2021,,125,,,,AGE_SEX_STANDARD,,,,1,,,,,,,,0,
DATAFLOW,OECD.ELS.HD:DSD_HCQO@DF_PC(1.1),,I,NOR,,A,,ASCOCOMP,,10P5HB,,Y_GE15,,_T,,OBS,,2015,,279,,,,AGE_SEX_STANDARD,,,,1,,,,,,,,0,
DATAFLOW,OECD.ELS.HD:DSD_HCQO@DF_PC(1.1),,I,NOR,,A,,ASCOCOMP,,10P5HB,,Y_GE15,,_T,,OBS,,2016,,275.9,,,,AGE_SEX_STANDARD,,,,1,,,,,,,,0,
DATAFLOW,OECD.ELS.HD:DSD_HCQO@DF_PC(1.1),,I,NOR,,A,,ASCOCOMP,,10P5HB,,Y_GE15,,_T,,OBS,,2017,,261,,,,AGE_SEX_STANDARD,,,,1,,,,,,,,0,
DATAFLOW,OECD.ELS.HD:DSD_HCQO@DF_PC(1.1),,I,NOR,,A,,ASCOCOMP,,10P5HB,,Y_GE15,,_T,,OBS,,2018,,254.9,,,,AGE_SEX_STANDARD,,,,1,,,,,,,,0,
DATAFLOW,OECD.ELS.HD:DSD_HCQO@DF_PC(1.1),,I,NOR,,A,,ASCOCOMP,,10P5HB,,Y_GE15,,_T,,OBS,,2019,,259.1,,,,AGE_SEX_STANDARD,,,,1,,,,,,,,0,
DATAFLOW,OECD.ELS.HD:DSD_HCQO@DF_PC(1.1),,I,NOR,,A,,ASCOCOMP,,10P5HB,,Y_GE15,,_T,,OBS,,2020,,207.5,,,,AGE_SEX_STANDARD,,,,1,,,,,,,,0,
DATAFLOW,OECD.ELS.HD:DSD_HCQO@DF_PC(1.1),,I,POL,,A,,ASCOCOMP,,10P5HB,,Y_GE15,,_T,,OBS,,2015,,257.9,,,,AGE_SEX_STANDARD,,,,1,,,,,,,,0,
DATAFLOW,OECD.ELS.HD:DSD_HCQO@DF_PC(1.1),,I,POL,,A,,ASCOCOMP,,10P5HB,,Y_GE15,,_T,,OBS,,2016,,250.6,,,,AGE_SEX_STANDARD,,,,1,,,,,,,,0,
DATAFLOW,OECD.ELS.HD:DSD_HCQO@DF_PC(1.1),,I,POL,,A,,ASCOCOMP,,10P5HB,,Y_GE15,,_T,,OBS,,2017,,236.9,,,,AGE_SEX_STANDARD,,,,1,,,,,,,,0,
DATAFLOW,OECD.ELS.HD:DSD_HCQO@DF_PC(1.1),,I,POL,,A,,ASCOCOMP,,10P5HB,,Y_GE15,,_T,,OBS,,2018,,210.7,,,,AGE_SEX_STANDARD,,,,1,,,,,,,,0,
DATAFLOW,OECD.ELS.HD:DSD_HCQO@DF_PC(1.1),,I,POL,,A,,ASCOCOMP,,10P5HB,,Y_GE15,,_T,,OBS,,2019,,189.3,,,,AGE_SEX_STANDARD,,,,1,,,,,,,,0,
DATAFLOW,OECD.ELS.HD:DSD_HCQO@DF_PC(1.1),,I,PRT,,A,,ASCOCOMP,,10P5HB,,Y_GE15,,_T,,OBS,,2015,,78.7,,,,AGE_SEX_STANDARD,,,,1,,,,,,,,0,
DATAFLOW,OECD.ELS.HD:DSD_HCQO@DF_PC(1.1),,I,PRT,,A,,ASCOCOMP,,10P5HB,,Y_GE15,,_T,,OBS,,2016,,78.6,,,,AGE_SEX_STANDARD,,,,1,,,,,,,,0,
DATAFLOW,OECD.ELS.HD:DSD_HCQO@DF_PC(1.1),,I,PRT,,A,,ASCOCOMP,,10P5HB,,Y_GE15,,_T,,OBS,,2017,,95.6,,,,AGE_SEX_STANDARD,,,,1,,,,,,,,0,
DATAFLOW,OECD.ELS.HD:DSD_HCQO@DF_PC(1.1),,I,PRT,,A,,ASCOCOMP,,10P5HB,,Y_GE15,,_T,,OBS,,2018,,101.4,,,,AGE_SEX_STANDARD,,,,1,,,,,,,,0,
DATAFLOW,OECD.ELS.HD:DSD_HCQO@DF_PC(1.1),,I,PRT,,A,,ASCOCOMP,,10P5HB,,Y_GE15,,_T,,OBS,,2019,,97.9,,,,AGE_SEX_STANDARD,,,,1,,,,,,,,0,
DATAFLOW,OECD.ELS.HD:DSD_HCQO@DF_PC(1.1),,I,PRT,,A,,ASCOCOMP,,10P5HB,,Y_GE15,,_T,,OBS,,2020,,63.8,,,,AGE_SEX_STANDARD,,,,1,,,,,,,,0,
DATAFLOW,OECD.ELS.HD:DSD_HCQO@DF_PC(1.1),,I,PRT,,A,,ASCOCOMP,,10P5HB,,Y_GE15,,_T,,OBS,,2021,,53.8,,,,AGE_SEX_STANDARD,,,,1,,,,,,,,0,
DATAFLOW,OECD.ELS.HD:DSD_HCQO@DF_PC(1.1),,I,SVK,,A,,ASCOCOMP,,10P5HB,,Y_GE15,,_T,,OBS,,2015,,251.5,,,,AGE_SEX_STANDARD,,,,1,,,,,,,,0,
DATAFLOW,OECD.ELS.HD:DSD_HCQO@DF_PC(1.1),,I,SVK,,A,,ASCOCOMP,,10P5HB,,Y_GE15,,_T,,OBS,,2016,,219.1,,,,AGE_SEX_STANDARD,,,,1,,,,,,,,0,
DATAFLOW,OECD.ELS.HD:DSD_HCQO@DF_PC(1.1),,I,SVK,,A,,ASCOCOMP,,10P5HB,,Y_GE15,,_T,,OBS,,2017,,221,,,,AGE_SEX_STANDARD,,,,1,,,,,,,,0,
DATAFLOW,OECD.ELS.HD:DSD_HCQO@DF_PC(1.1),,I,SVK,,A,,ASCOCOMP,,10P5HB,,Y_GE15,,_T,,OBS,,2018,,200.9,,,,AGE_SEX_STANDARD,,,,1,,,,,,,,0,
DATAFLOW,OECD.ELS.HD:DSD_HCQO@DF_PC(1.1),,I,SVK,,A,,ASCOCOMP,,10P5HB,,Y_GE15,,_T,,OBS,,2019,,193.2,,,,AGE_SEX_STANDARD,,,,1,,,,,,,,0,
DATAFLOW,OECD.ELS.HD:DSD_HCQO@DF_PC(1.1),,I,SVK,,A,,ASCOCOMP,,10P5HB,,Y_GE15,,_T,,OBS,,2020,,121.2,,,,AGE_SEX_STANDARD,,,,1,,,,,,,,0,
DATAFLOW,OECD.ELS.HD:DSD_HCQO@DF_PC(1.1),,I,SVK,,A,,ASCOCOMP,,10P5HB,,Y_GE15,,_T,,OBS,,2021,,80.9,,,,AGE_SEX_STANDARD,,,,1,,,,,,,,0,
DATAFLOW,OECD.ELS.HD:DSD_HCQO@DF_PC(1.1),,I,TUR,,A,,ASCOCOMP,,10P5HB,,Y_GE15,,_T,,OBS,,2015,,443,,,,AGE_SEX_STANDARD,,,,1,,,,,,,,0,
DATAFLOW,OECD.ELS.HD:DSD_HCQO@DF_PC(1.1),,I,TUR,,A,,ASCOCOMP,,10P5HB,,Y_GE15,,_T,,OBS,,2016,,470.3,,,,AGE_SEX_STANDARD,,,,1,,,,,,,,0,
DATAFLOW,OECD.ELS.HD:DSD_HCQO@DF_PC(1.1),,I,TUR,,A,,ASCOCOMP,,10P5HB,,Y_GE15,,_T,,OBS,,2017,,456.8,,,,AGE_SEX_STANDARD,,,,1,,,,,,,,0,
DATAFLOW,OECD.ELS.HD:DSD_HCQO@DF_PC(1.1),,I,USA,,A,,ASCOCOMP,,10P5HB,,Y_GE15,,_T,,OBS,,2017,,321.5,,,,AGE_SEX_STANDARD,,,,1,,,,,,,,0,
DATAFLOW,OECD.ELS.HD:DSD_HCQO@DF_PC(1.1),,I,USA,,A,,ASCOCOMP,,10P5HB,,Y_GE15,,_T,,OBS,,2018,,244.7,,,,AGE_SEX_STANDARD,,,,1,,,,,,,,0,
DATAFLOW,OECD.ELS.HD:DSD_HCQO@DF_PC(1.1),,I,USA,,A,,ASCOCOMP,,10P5HB,,Y_GE15,,_T,,OBS,,2019,,224.1,,,,AGE_SEX_STANDARD,,,,1,,,,,,,,0,
DATAFLOW,OECD.ELS.HD:DSD_HCQO@DF_PC(1.1),,I,USA,,A,,ASCOCOMP,,10P5HB,,Y_GE15,,_T,,OBS,,2020,,137,,,,AGE_SEX_STANDARD,,,,1,,,,,,,,0,
DATAFLOW,OECD.ELS.HD:DSD_HCQO@DF_PC(1.1),,I,ROU,,A,,ASCOCOMP,,10P5HB,,Y_GE15,,_T,,OBS,,2015,,489.4,,,,AGE_SEX_STANDARD,,,,1,,,,,,,,0,
DATAFLOW,OECD.ELS.HD:DSD_HCQO@DF_PC(1.1),,I,ROU,,A,,ASCOCOMP,,10P5HB,,Y_GE15,,_T,,OBS,,2016,,447.4,,,,AGE_SEX_STANDARD,,,,1,,,,,,,,0,
DATAFLOW,OECD.ELS.HD:DSD_HCQO@DF_PC(1.1),,I,ROU,,A,,ASCOCOMP,,10P5HB,,Y_GE15,,_T,,OBS,,2017,,447.2,,,,AGE_SEX_STANDARD,,,,1,,,,,,,,0,
DATAFLOW,OECD.ELS.HD:DSD_HCQO@DF_PC(1.1),,I,ROU,,A,,ASCOCOMP,,10P5HB,,Y_GE15,,_T,,OBS,,2018,,420.4,,,,AGE_SEX_STANDARD,,,,1,,,,,,,,0,
DATAFLOW,OECD.ELS.HD:DSD_HCQO@DF_PC(1.1),,I,ROU,,A,,ASCOCOMP,,10P5HB,,Y_GE15,,_T,,OBS,,2019,,383.6,,,,AGE_SEX_STANDARD,,,,1,,,,,,,,0,
DATAFLOW,OECD.ELS.HD:DSD_HCQO@DF_PC(1.1),,I,ROU,,A,,ASCOCOMP,,10P5HB,,Y_GE15,,_T,,OBS,,2020,,155.9,,,,AGE_SEX_STANDARD,,,,1,,,,,,,,0,
DATAFLOW,OECD.ELS.HD:DSD_HCQO@DF_PC(1.1),,I,ROU,,A,,ASCOCOMP,,10P5HB,,Y_GE15,,_T,,OBS,,2021,,109.4,,,,AGE_SEX_STANDARD,,,,1,,,,,,,,0,
DATAFLOW,OECD.ELS.HD:DSD_HCQO@DF_PC(1.1),,I,SGP,,A,,ASCOCOMP,,10P5HB,,Y_GE15,,_T,,OBS,,2015,,296.7,,,,AGE_SEX_STANDARD,,,,1,,,,,,,,0,
DATAFLOW,OECD.ELS.HD:DSD_HCQO@DF_PC(1.1),,I,SGP,,A,,ASCOCOMP,,10P5HB,,Y_GE15,,_T,,OBS,,2016,,293.4,,,,AGE_SEX_STANDARD,,,,1,,,,,,,,0,
DATAFLOW,OECD.ELS.HD:DSD_HCQO@DF_PC(1.1),,I,BEL,,A,,ADMRCHFL,,10P5HB,,Y_GE15,,_T,,OBS,,2016,,139.4,,,,AGE_SEX_STANDARD,,,,1,,,,,,,,0,
DATAFLOW,OECD.ELS.HD:DSD_HCQO@DF_PC(1.1),,I,BEL,,A,,ADMRCHFL,,10P5HB,,Y_GE15,,_T,,OBS,,2017,,160.6,,,,AGE_SEX_STANDARD,,,,1,,,,,,,,0,
DATAFLOW,OECD.ELS.HD:DSD_HCQO@DF_PC(1.1),,I,BEL,,A,,ADMRCHFL,,10P5HB,,Y_GE15,,_T,,OBS,,2018,,163.1,,,,AGE_SEX_STANDARD,,,,1,,,,,,,,0,
DATAFLOW,OECD.ELS.HD:DSD_HCQO@DF_PC(1.1),,I,BEL,,A,,ADMRCHFL,,10P5HB,,Y_GE15,,_T,,OBS,,2019,,170.8,,,,AGE_SEX_STANDARD,,,,1,,,,,,,,0,
DATAFLOW,OECD.ELS.HD:DSD_HCQO@DF_PC(1.1),,I,BEL,,A,,ADMRCHFL,,10P5HB,,Y_GE15,,_T,,OBS,,2020,,132.5,,,,AGE_SEX_STANDARD,,,,1,,,,,,,,0,
DATAFLOW,OECD.ELS.HD:DSD_HCQO@DF_PC(1.1),,I,BEL,,A,,ADMRCHFL,,10P5HB,,Y_GE15,,_T,,OBS,,2021,,141.5,,,,AGE_SEX_STANDARD,,,,1,,,,,,,,0,
DATAFLOW,OECD.ELS.HD:DSD_HCQO@DF_PC(1.1),,I,CHL,,A,,ADMRCHFL,,10P5HB,,Y_GE15,,_T,,OBS,,2015,,110.3,,,,AGE_SEX_STANDARD,,,,1,,,,,,,,0,
DATAFLOW,OECD.ELS.HD:DSD_HCQO@DF_PC(1.1),,I,CHL,,A,,ADMRCHFL,,10P5HB,,Y_GE15,,_T,,OBS,,2016,,102,,,,AGE_SEX_STANDARD,,,,1,,,,,,,,0,
DATAFLOW,OECD.ELS.HD:DSD_HCQO@DF_PC(1.1),,I,CHL,,A,,ADMRCHFL,,10P5HB,,Y_GE15,,_T,,OBS,,2017,,102.7,,,,AGE_SEX_STANDARD,,,,1,,,,,,,,0,
DATAFLOW,OECD.ELS.HD:DSD_HCQO@DF_PC(1.1),,I,CHL,,A,,ADMRCHFL,,10P5HB,,Y_GE15,,_T,,OBS,,2018,,99.4,,,,AGE_SEX_STANDARD,,,,1,,,,,,,,0,
DATAFLOW,OECD.ELS.HD:DSD_HCQO@DF_PC(1.1),,I,CHL,,A,,ADMRCHFL,,10P5HB,,Y_GE15,,_T,,OBS,,2019,,94.3,,,,AGE_SEX_STANDARD,,,,1,,,,,,,,0,
DATAFLOW,OECD.ELS.HD:DSD_HCQO@DF_PC(1.1),,I,CHL,,A,,ADMRCHFL,,10P5HB,,Y_GE15,,_T,,OBS,,2020,,80.9,,,,AGE_SEX_STANDARD,,,,1,,,,,,,,0,
DATAFLOW,OECD.ELS.HD:DSD_HCQO@DF_PC(1.1),,I,CHL,,A,,ADMRCHFL,,10P5HB,,Y_GE15,,_T,,OBS,,2021,,83.4,,,,AGE_SEX_STANDARD,,,,1,,,,,,,,0,
DATAFLOW,OECD.ELS.HD:DSD_HCQO@DF_PC(1.1),,I,COL,,A,,ADMRCHFL,,10P5HB,,Y_GE15,,_T,,OBS,,2015,,52.7,,,,AGE_SEX_STANDARD,,,,1,,,,,,,,0,
DATAFLOW,OECD.ELS.HD:DSD_HCQO@DF_PC(1.1),,I,COL,,A,,ADMRCHFL,,10P5HB,,Y_GE15,,_T,,OBS,,2016,,30.1,,,,AGE_SEX_STANDARD,,,,1,,,,,,,,0,
DATAFLOW,OECD.ELS.HD:DSD_HCQO@DF_PC(1.1),,I,COL,,A,,ADMRCHFL,,10P5HB,,Y_GE15,,_T,,OBS,,2017,,60.5,,,,AGE_SEX_STANDARD,,,,1,,,,,,,,0,
DATAFLOW,OECD.ELS.HD:DSD_HCQO@DF_PC(1.1),,I,CRI,,A,,ADMRCHFL,,10P5HB,,Y_GE15,,_T,,OBS,,2015,,50.4,,,,AGE_SEX_STANDARD,,,,1,,,,,,,,0,
DATAFLOW,OECD.ELS.HD:DSD_HCQO@DF_PC(1.1),,I,CRI,,A,,ADMRCHFL,,10P5HB,,Y_GE15,,_T,,OBS,,2016,,44.6,,,,AGE_SEX_STANDARD,,,,1,,,,,,,,0,
DATAFLOW,OECD.ELS.HD:DSD_HCQO@DF_PC(1.1),,I,CRI,,A,,ADMRCHFL,,10P5HB,,Y_GE15,,_T,,OBS,,2017,,41.6,,,,AGE_SEX_STANDARD,,,,1,,,,,,,,0,
DATAFLOW,OECD.ELS.HD:DSD_HCQO@DF_PC(1.1),,I,CRI,,A,,ADMRCHFL,,10P5HB,,Y_GE15,,_T,,OBS,,2022,,43.7,,,,AGE_SEX_STANDARD,,,,1,,,,,,,,0,
DATAFLOW,OECD.ELS.HD:DSD_HCQO@DF_PC(1.1),,I,FRA,,A,,ADMRCHFL,,10P5HB,,Y_GE15,,_T,,OBS,,2015,,287,,,,AGE_SEX_STANDARD,,,,1,,,,,,,,0,
DATAFLOW,OECD.ELS.HD:DSD_HCQO@DF_PC(1.1),,I,ITA,,A,,ADMRCHFL,,10P5HB,,Y_GE15,,_T,,OBS,,2015,,248.8,,,,AGE_SEX_STANDARD,,,,1,,,,,,,,0,
DATAFLOW,OECD.ELS.HD:DSD_HCQO@DF_PC(1.1),,I,ITA,,A,,ADMRCHFL,,10P5HB,,Y_GE15,,_T,,OBS,,2016,,242.3,,,,AGE_SEX_STANDARD,,,,1,,,,,,,,0,
DATAFLOW,OECD.ELS.HD:DSD_HCQO@DF_PC(1.1),,I,ITA,,A,,ADMRCHFL,,10P5HB,,Y_GE15,,_T,,OBS,,2017,,270.6,,,,AGE_SEX_STANDARD,,,,1,,,,,,,,0,
DATAFLOW,OECD.ELS.HD:DSD_HCQO@DF_PC(1.1),,I,ITA,,A,,ADMRCHFL,,10P5HB,,Y_GE15,,_T,,OBS,,2018,,216.7,,,,AGE_SEX_STANDARD,,,,1,,,,,,,,0,
DATAFLOW,OECD.ELS.HD:DSD_HCQO@DF_PC(1.1),,I,ITA,,A,,ADMRCHFL,,10P5HB,,Y_GE15,,_T,,OBS,,2019,,220.2,,,,AGE_SEX_STANDARD,,,,1,,,,,,,,0,
DATAFLOW,OECD.ELS.HD:DSD_HCQO@DF_PC(1.1),,I,ITA,,A,,ADMRCHFL,,10P5HB,,Y_GE15,,_T,,OBS,,2020,,157.7,,,,AGE_SEX_STANDARD,,,,1,,,,,,,,0,
DATAFLOW,OECD.ELS.HD:DSD_HCQO@DF_PC(1.1),,I,ITA,,A,,ADMRCHFL,,10P5HB,,Y_GE15,,_T,,OBS,,2021,,160.1,,,,AGE_SEX_STANDARD,,,,1,,,,,,,,0,
DATAFLOW,OECD.ELS.HD:DSD_HCQO@DF_PC(1.1),,I,LUX,,A,,ADMRCHFL,,10P5HB,,Y_GE15,,_T,,OBS,,2018,,217.2,,,,AGE_SEX_STANDARD,,,,1,,,,,,,,0,
DATAFLOW,OECD.ELS.HD:DSD_HCQO@DF_PC(1.1),,I,LUX,,A,,ADMRCHFL,,10P5HB,,Y_GE15,,_T,,OBS,,2019,,248.3,,,,AGE_SEX_STANDARD,,,,1,,,,,,,,0,
DATAFLOW,OECD.ELS.HD:DSD_HCQO@DF_PC(1.1),,I,LUX,,A,,ADMRCHFL,,10P5HB,,Y_GE15,,_T,,OBS,,2020,,106.6,,,,AGE_SEX_STANDARD,,,,1,,,,,,,,0,
DATAFLOW,OECD.ELS.HD:DSD_HCQO@DF_PC(1.1),,I,LUX,,A,,ADMRCHFL,,10P5HB,,Y_GE15,,_T,,OBS,,2021,,217.1,,,,AGE_SEX_STANDARD,,,,1,,,,,,,,0,
DATAFLOW,OECD.ELS.HD:DSD_HCQO@DF_PC(1.1),,I,MEX,,A,,ADMRCHFL,,10P5HB,,Y_GE15,,_T,,OBS,,2015,,65.3,,,,AGE_SEX_STANDARD,,,,1,,,,,,,,0,
DATAFLOW,OECD.ELS.HD:DSD_HCQO@DF_PC(1.1),,I,MEX,,A,,ADMRCHFL,,10P5HB,,Y_GE15,,_T,,OBS,,2016,,65.2,,,,AGE_SEX_STANDARD,,,,1,,,,,,,,0,
DATAFLOW,OECD.ELS.HD:DSD_HCQO@DF_PC(1.1),,I,MEX,,A,,ADMRCHFL,,10P5HB,,Y_GE15,,_T,,OBS,,2017,,63.9,,,,AGE_SEX_STANDARD,,,,1,,,,,,,,0,
DATAFLOW,OECD.ELS.HD:DSD_HCQO@DF_PC(1.1),,I,MEX,,A,,ADMRCHFL,,10P5HB,,Y_GE15,,_T,,OBS,,2018,,61.1,,,,AGE_SEX_STANDARD,,,,1,,,,,,,,0,
DATAFLOW,OECD.ELS.HD:DSD_HCQO@DF_PC(1.1),,I,MEX,,A,,ADMRCHFL,,10P5HB,,Y_GE15,,_T,,OBS,,2019,,58.2,,,,AGE_SEX_STANDARD,,,,1,,,,,,,,0,
DATAFLOW,OECD.ELS.HD:DSD_HCQO@DF_PC(1.1),,I,MEX,,A,,ADMRCHFL,,10P5HB,,Y_GE15,,_T,,OBS,,2020,,32.5,,,,AGE_SEX_STANDARD,,,,1,,,,,,,,0,
DATAFLOW,OECD.ELS.HD:DSD_HCQO@DF_PC(1.1),,I,MEX,,A,,ADMRCHFL,,10P5HB,,Y_GE15,,_T,,OBS,,2021,,34.9,,,,AGE_SEX_STANDARD,,,,1,,,,,,,,0,
DATAFLOW,OECD.ELS.HD:DSD_HCQO@DF_PC(1.1),,I,NLD,,A,,ADMRCHFL,,10P5HB,,Y_GE15,,_T,,OBS,,2015,,167.7,,,,AGE_SEX_STANDARD,,,,1,,,,,,,,0,
DATAFLOW,OECD.ELS.HD:DSD_HCQO@DF_PC(1.1),,I,NLD,,A,,ADMRCHFL,,10P5HB,,Y_GE15,,_T,,OBS,,2016,,163.9,,,,AGE_SEX_STANDARD,,,,1,,,,,,,,0,
DATAFLOW,OECD.ELS.HD:DSD_HCQO@DF_PC(1.1),,I,NLD,,A,,ADMRCHFL,,10P5HB,,Y_GE15,,_T,,OBS,,2017,,161.1,,,,AGE_SEX_STANDARD,,,,1,,,,,,,,0,
DATAFLOW,OECD.ELS.HD:DSD_HCQO@DF_PC(1.1),,I,NLD,,A,,ADMRCHFL,,10P5HB,,Y_GE15,,_T,,OBS,,2018,,154.1,,,,AGE_SEX_STANDARD,,,,1,,,,,,,,0,
DATAFLOW,OECD.ELS.HD:DSD_HCQO@DF_PC(1.1),,I,NLD,,A,,ADMRCHFL,,10P5HB,,Y_GE15,,_T,,OBS,,2019,,161.7,,,,AGE_SEX_STANDARD,,,,1,,,,,,,,0,
DATAFLOW,OECD.ELS.HD:DSD_HCQO@DF_PC(1.1),,I,NLD,,A,,ADMRCHFL,,10P5HB,,Y_GE15,,_T,,OBS,,2020,,142.6,,,,AGE_SEX_STANDARD,,,,1,,,,,,,,0,
DATAFLOW,OECD.ELS.HD:DSD_HCQO@DF_PC(1.1),,I,NLD,,A,,ADMRCHFL,,10P5HB,,Y_GE15,,_T,,OBS,,2021,,147.8,,,,AGE_SEX_STANDARD,,,,1,,,,,,,,0,
DATAFLOW,OECD.ELS.HD:DSD_HCQO@DF_PC(1.1),,I,NOR,,A,,ADMRCHFL,,10P5HB,,Y_GE15,,_T,,OBS,,2015,,172,,,,AGE_SEX_STANDARD,,,,1,,,,,,,,0,
DATAFLOW,OECD.ELS.HD:DSD_HCQO@DF_PC(1.1),,I,NOR,,A,,ADMRCHFL,,10P5HB,,Y_GE15,,_T,,OBS,,2016,,182,,,,AGE_SEX_STANDARD,,,,1,,,,,,,,0,
DATAFLOW,OECD.ELS.HD:DSD_HCQO@DF_PC(1.1),,I,NOR,,A,,ADMRCHFL,,10P5HB,,Y_GE15,,_T,,OBS,,2017,,184.6,,,,AGE_SEX_STANDARD,,,,1,,,,,,,,0,
DATAFLOW,OECD.ELS.HD:DSD_HCQO@DF_PC(1.1),,I,NOR,,A,,ADMRCHFL,,10P5HB,,Y_GE15,,_T,,OBS,,2018,,176.4,,,,AGE_SEX_STANDARD,,,,1,,,,,,,,0,
DATAFLOW,OECD.ELS.HD:DSD_HCQO@DF_PC(1.1),,I,NOR,,A,,ADMRCHFL,,10P5HB,,Y_GE15,,_T,,OBS,,2019,,178.7,,,,AGE_SEX_STANDARD,,,,1,,,,,,,,0,
DATAFLOW,OECD.ELS.HD:DSD_HCQO@DF_PC(1.1),,I,NOR,,A,,ADMRCHFL,,10P5HB,,Y_GE15,,_T,,OBS,,2020,,183,,,,AGE_SEX_STANDARD,,,,1,,,,,,,,0,
DATAFLOW,OECD.ELS.HD:DSD_HCQO@DF_PC(1.1),,I,POL,,A,,ADMRCHFL,,10P5HB,,Y_GE15,,_T,,OBS,,2015,,523.9,,,,AGE_SEX_STANDARD,,,,1,,,,,,,,0,
DATAFLOW,OECD.ELS.HD:DSD_HCQO@DF_PC(1.1),,I,POL,,A,,ADMRCHFL,,10P5HB,,Y_GE15,,_T,,OBS,,2016,,549.5,,,,AGE_SEX_STANDARD,,,,1,,,,,,,,0,
DATAFLOW,OECD.ELS.HD:DSD_HCQO@DF_PC(1.1),,I,POL,,A,,ADMRCHFL,,10P5HB,,Y_GE15,,_T,,OBS,,2017,,659.5,,,,AGE_SEX_STANDARD,,,,1,,,,,,,,0,
DATAFLOW,OECD.ELS.HD:DSD_HCQO@DF_PC(1.1),,I,POL,,A,,ADMRCHFL,,10P5HB,,Y_GE15,,_T,,OBS,,2018,,662.1,,,,AGE_SEX_STANDARD,,,,1,,,,,,,,0,
DATAFLOW,OECD.ELS.HD:DSD_HCQO@DF_PC(1.1),,I,POL,,A,,ADMRCHFL,,10P5HB,,Y_GE15,,_T,,OBS,,2019,,660.8,,,,AGE_SEX_STANDARD,,,,1,,,,,,,,0,
DATAFLOW,OECD.ELS.HD:DSD_HCQO@DF_PC(1.1),,I,PRT,,A,,ADMRCHFL,,10P5HB,,Y_GE15,,_T,,OBS,,2015,,179.8,,,,AGE_SEX_STANDARD,,,,1,,,,,,,,0,
DATAFLOW,OECD.ELS.HD:DSD_HCQO@DF_PC(1.1),,I,PRT,,A,,ADMRCHFL,,10P5HB,,Y_GE15,,_T,,OBS,,2016,,179,,,,AGE_SEX_STANDARD,,,,1,,,,,,,,0,
DATAFLOW,OECD.ELS.HD:DSD_HCQO@DF_PC(1.1),,I,PRT,,A,,ADMRCHFL,,10P5HB,,Y_GE15,,_T,,OBS,,2017,,118.9,,,,AGE_SEX_STANDARD,,,,1,,,,,,,,0,
DATAFLOW,OECD.ELS.HD:DSD_HCQO@DF_PC(1.1),,I,PRT,,A,,ADMRCHFL,,10P5HB,,Y_GE15,,_T,,OBS,,2018,,104.3,,,,AGE_SEX_STANDARD,,,,1,,,,,,,,0,
DATAFLOW,OECD.ELS.HD:DSD_HCQO@DF_PC(1.1),,I,PRT,,A,,ADMRCHFL,,10P5HB,,Y_GE15,,_T,,OBS,,2019,,93.9,,,,AGE_SEX_STANDARD,,,,1,,,,,,,,0,
DATAFLOW,OECD.ELS.HD:DSD_HCQO@DF_PC(1.1),,I,PRT,,A,,ADMRCHFL,,10P5HB,,Y_GE15,,_T,,OBS,,2020,,161,,,,AGE_SEX_STANDARD,,,,1,,,,,,,,0,
DATAFLOW,OECD.ELS.HD:DSD_HCQO@DF_PC(1.1),,I,PRT,,A,,ADMRCHFL,,10P5HB,,Y_GE15,,_T,,OBS,,2021,,158.8,,,,AGE_SEX_STANDARD,,,,1,,,,,,,,0,
DATAFLOW,OECD.ELS.HD:DSD_HCQO@DF_PC(1.1),,I,SVK,,A,,ADMRCHFL,,10P5HB,,Y_GE15,,_T,,OBS,,2015,,447,,,,AGE_SEX_STANDARD,,,,1,,,,,,,,0,
DATAFLOW,OECD.ELS.HD:DSD_HCQO@DF_PC(1.1),,I,SVK,,A,,ADMRCHFL,,10P5HB,,Y_GE15,,_T,,OBS,,2016,,460.4,,,,AGE_SEX_STANDARD,,,,1,,,,,,,,0,
DATAFLOW,OECD.ELS.HD:DSD_HCQO@DF_PC(1.1),,I,SVK,,A,,ADMRCHFL,,10P5HB,,Y_GE15,,_T,,OBS,,2017,,514.4,,,,AGE_SEX_STANDARD,,,,1,,,,,,,,0,
DATAFLOW,OECD.ELS.HD:DSD_HCQO@DF_PC(1.1),,I,SVK,,A,,ADMRCHFL,,10P5HB,,Y_GE15,,_T,,OBS,,2018,,512.9,,,,AGE_SEX_STANDARD,,,,1,,,,,,,,0,
DATAFLOW,OECD.ELS.HD:DSD_HCQO@DF_PC(1.1),,I,SVK,,A,,ADMRCHFL,,10P5HB,,Y_GE15,,_T,,OBS,,2019,,526.1,,,,AGE_SEX_STANDARD,,,,1,,,,,,,,0,
DATAFLOW,OECD.ELS.HD:DSD_HCQO@DF_PC(1.1),,I,SVK,,A,,ADMRCHFL,,10P5HB,,Y_GE15,,_T,,OBS,,2020,,425.6,,,,AGE_SEX_STANDARD,,,,1,,,,,,,,0,
DATAFLOW,OECD.ELS.HD:DSD_HCQO@DF_PC(1.1),,I,SVK,,A,,ADMRCHFL,,10P5HB,,Y_GE15,,_T,,OBS,,2021,,364.1,,,,AGE_SEX_STANDARD,,,,1,,,,,,,,0,
DATAFLOW,OECD.ELS.HD:DSD_HCQO@DF_PC(1.1),,I,TUR,,A,,ADMRCHFL,,10P5HB,,Y_GE15,,_T,,OBS,,2015,,135,,,,AGE_SEX_STANDARD,,,,1,,,,,,,,0,
DATAFLOW,OECD.ELS.HD:DSD_HCQO@DF_PC(1.1),,I,USA,,A,,ADMRCHFL,,10P5HB,,Y_GE15,,_T,,OBS,,2017,,427.2,,,,AGE_SEX_STANDARD,,,,1,,,,,,,,0,
DATAFLOW,OECD.ELS.HD:DSD_HCQO@DF_PC(1.1),,I,USA,,A,,ADMRCHFL,,10P5HB,,Y_GE15,,_T,,OBS,,2018,,439.2,,,,AGE_SEX_STANDARD,,,,1,,,,,,,,0,
DATAFLOW,OECD.ELS.HD:DSD_HCQO@DF_PC(1.1),,I,USA,,A,,ADMRCHFL,,10P5HB,,Y_GE15,,_T,,OBS,,2019,,427.8,,,,AGE_SEX_STANDARD,,,,1,,,,,,,,0,
DATAFLOW,OECD.ELS.HD:DSD_HCQO@DF_PC(1.1),,I,USA,,A,,ADMRCHFL,,10P5HB,,Y_GE15,,_T,,OBS,,2020,,356.8,,,,AGE_SEX_STANDARD,,,,1,,,,,,,,0,
DATAFLOW,OECD.ELS.HD:DSD_HCQO@DF_PC(1.1),,I,ROU,,A,,ADMRCHFL,,10P5HB,,Y_GE15,,_T,,OBS,,2015,,402.3,,,,AGE_SEX_STANDARD,,,,1,,,,,,,,0,
DATAFLOW,OECD.ELS.HD:DSD_HCQO@DF_PC(1.1),,I,ROU,,A,,ADMRCHFL,,10P5HB,,Y_GE15,,_T,,OBS,,2016,,346.2,,,,AGE_SEX_STANDARD,,,,1,,,,,,,,0,
DATAFLOW,OECD.ELS.HD:DSD_HCQO@DF_PC(1.1),,I,ROU,,A,,ADMRCHFL,,10P5HB,,Y_GE15,,_T,,OBS,,2017,,300.9,,,,AGE_SEX_STANDARD,,,,1,,,,,,,,0,
DATAFLOW,OECD.ELS.HD:DSD_HCQO@DF_PC(1.1),,I,ROU,,A,,ADMRCHFL,,10P5HB,,Y_GE15,,_T,,OBS,,2018,,262,,,,AGE_SEX_STANDARD,,,,1,,,,,,,,0,
DATAFLOW,OECD.ELS.HD:DSD_HCQO@DF_PC(1.1),,I,ROU,,A,,ADMRCHFL,,10P5HB,,Y_GE15,,_T,,OBS,,2019,,242.7,,,,AGE_SEX_STANDARD,,,,1,,,,,,,,0,
DATAFLOW,OECD.ELS.HD:DSD_HCQO@DF_PC(1.1),,I,ROU,,A,,ADMRCHFL,,10P5HB,,Y_GE15,,_T,,OBS,,2020,,102.8,,,,AGE_SEX_STANDARD,,,,1,,,,,,,,0,
DATAFLOW,OECD.ELS.HD:DSD_HCQO@DF_PC(1.1),,I,ROU,,A,,ADMRCHFL,,10P5HB,,Y_GE15,,_T,,OBS,,2021,,81.7,,,,AGE_SEX_STANDARD,,,,1,,,,,,,,0,
DATAFLOW,OECD.ELS.HD:DSD_HCQO@DF_PC(1.1),,I,SGP,,A,,ADMRCHFL,,10P5HB,,Y_GE15,,_T,,OBS,,2015,,270.7,,,,AGE_SEX_STANDARD,,,,1,,,,,,,,0,
DATAFLOW,OECD.ELS.HD:DSD_HCQO@DF_PC(1.1),,I,SGP,,A,,ADMRCHFL,,10P5HB,,Y_GE15,,_T,,OBS,,2016,,234.2,,,,AGE_SEX_STANDARD,,,,1,,,,,,,,0,
DATAFLOW,OECD.ELS.HD:DSD_HCQO@DF_PC(1.1),,I,BEL,,A,,ADMRDBUC,,10P5HB,,Y_GE15,,_T,,OBS,,2016,,151.4,,,,AGE_SEX_STANDARD,,,,1,,,,,,,,0,
DATAFLOW,OECD.ELS.HD:DSD_HCQO@DF_PC(1.1),,I,BEL,,A,,ADMRDBUC,,10P5HB,,Y_GE15,,_T,,OBS,,2017,,144.5,,,,AGE_SEX_STANDARD,,,,1,,,,,,,,0,
DATAFLOW,OECD.ELS.HD:DSD_HCQO@DF_PC(1.1),,I,BEL,,A,,ADMRDBUC,,10P5HB,,Y_GE15,,_T,,OBS,,2018,,143.2,,,,AGE_SEX_STANDARD,,,,1,,,,,,,,0,
DATAFLOW,OECD.ELS.HD:DSD_HCQO@DF_PC(1.1),,I,BEL,,A,,ADMRDBUC,,10P5HB,,Y_GE15,,_T,,OBS,,2019,,138.3,,,,AGE_SEX_STANDARD,,,,1,,,,,,,,0,
DATAFLOW,OECD.ELS.HD:DSD_HCQO@DF_PC(1.1),,I,BEL,,A,,ADMRDBUC,,10P5HB,,Y_GE15,,_T,,OBS,,2020,,127.6,,,,AGE_SEX_STANDARD,,,,1,,,,,,,,0,
DATAFLOW,OECD.ELS.HD:DSD_HCQO@DF_PC(1.1),,I,BEL,,A,,ADMRDBUC,,10P5HB,,Y_GE15,,_T,,OBS,,2021,,136.4,,,,AGE_SEX_STANDARD,,,,1,,,,,,,,0,
DATAFLOW,OECD.ELS.HD:DSD_HCQO@DF_PC(1.1),,I,CHL,,A,,ADMRDBUC,,10P5HB,,Y_GE15,,_T,,OBS,,2015,,136.6,,,,AGE_SEX_STANDARD,,,,1,,,,,,,,0,
DATAFLOW,OECD.ELS.HD:DSD_HCQO@DF_PC(1.1),,I,CHL,,A,,ADMRDBUC,,10P5HB,,Y_GE15,,_T,,OBS,,2016,,126.9,,,,AGE_SEX_STANDARD,,,,1,,,,,,,,0,
DATAFLOW,OECD.ELS.HD:DSD_HCQO@DF_PC(1.1),,I,CHL,,A,,ADMRDBUC,,10P5HB,,Y_GE15,,_T,,OBS,,2017,,124.6,,,,AGE_SEX_STANDARD,,,,1,,,,,,,,0,
DATAFLOW,OECD.ELS.HD:DSD_HCQO@DF_PC(1.1),,I,CHL,,A,,ADMRDBUC,,10P5HB,,Y_GE15,,_T,,OBS,,2018,,120.3,,,,AGE_SEX_STANDARD,,,,1,,,,,,,,0,
DATAFLOW,OECD.ELS.HD:DSD_HCQO@DF_PC(1.1),,I,CHL,,A,,ADMRDBUC,,10P5HB,,Y_GE15,,_T,,OBS,,2019,,116.7,,,,AGE_SEX_STANDARD,,,,1,,,,,,,,0,
DATAFLOW,OECD.ELS.HD:DSD_HCQO@DF_PC(1.1),,I,CHL,,A,,ADMRDBUC,,10P5HB,,Y_GE15,,_T,,OBS,,2020,,100.8,,,,AGE_SEX_STANDARD,,,,1,,,,,,,,0,
DATAFLOW,OECD.ELS.HD:DSD_HCQO@DF_PC(1.1),,I,CHL,,A,,ADMRDBUC,,10P5HB,,Y_GE15,,_T,,OBS,,2021,,96.9,,,,AGE_SEX_STANDARD,,,,1,,,,,,,,0,
DATAFLOW,OECD.ELS.HD:DSD_HCQO@DF_PC(1.1),,I,COL,,A,,ADMRDBUC,,10P5HB,,Y_GE15,,_T,,OBS,,2015,,65.9,,,,AGE_SEX_STANDARD,,,,1,,,,,,,,0,
DATAFLOW,OECD.ELS.HD:DSD_HCQO@DF_PC(1.1),,I,COL,,A,,ADMRDBUC,,10P5HB,,Y_GE15,,_T,,OBS,,2016,,36.2,,,,AGE_SEX_STANDARD,,,,1,,,,,,,,0,
DATAFLOW,OECD.ELS.HD:DSD_HCQO@DF_PC(1.1),,I,COL,,A,,ADMRDBUC,,10P5HB,,Y_GE15,,_T,,OBS,,2017,,62.1,,,,AGE_SEX_STANDARD,,,,1,,,,,,,,0,
DATAFLOW,OECD.ELS.HD:DSD_HCQO@DF_PC(1.1),,I,CRI,,A,,ADMRDBUC,,10P5HB,,Y_GE15,,_T,,OBS,,2015,,115,,,,AGE_SEX_STANDARD,,,,1,,,,,,,,0,
DATAFLOW,OECD.ELS.HD:DSD_HCQO@DF_PC(1.1),,I,CRI,,A,,ADMRDBUC,,10P5HB,,Y_GE15,,_T,,OBS,,2016,,115.5,,,,AGE_SEX_STANDARD,,,,1,,,,,,,,0,
DATAFLOW,OECD.ELS.HD:DSD_HCQO@DF_PC(1.1),,I,CRI,,A,,ADMRDBUC,,10P5HB,,Y_GE15,,_T,,OBS,,2017,,102,,,,AGE_SEX_STANDARD,,,,1,,,,,,,,0,
DATAFLOW,OECD.ELS.HD:DSD_HCQO@DF_PC(1.1),,I,CRI,,A,,ADMRDBUC,,10P5HB,,Y_GE15,,_T,,OBS,,2022,,101.9,,,,AGE_SEX_STANDARD,,,,1,,,,,,,,0,
DATAFLOW,OECD.ELS.HD:DSD_HCQO@DF_PC(1.1),,I,FRA,,A,,ADMRDBUC,,10P5HB,,Y_GE15,,_T,,OBS,,2015,,155.6,,,,AGE_SEX_STANDARD,,,,1,,,,,,,,0,
DATAFLOW,OECD.ELS.HD:DSD_HCQO@DF_PC(1.1),,I,ITA,,A,,ADMRDBUC,,10P5HB,,Y_GE15,,_T,,OBS,,2015,,54,,,,AGE_SEX_STANDARD,,,,1,,,,,,,,0,
DATAFLOW,OECD.ELS.HD:DSD_HCQO@DF_PC(1.1),,I,ITA,,A,,ADMRDBUC,,10P5HB,,Y_GE15,,_T,,OBS,,2016,,50.8,,,,AGE_SEX_STANDARD,,,,1,,,,,,,,0,
DATAFLOW,OECD.ELS.HD:DSD_HCQO@DF_PC(1.1),,I,ITA,,A,,ADMRDBUC,,10P5HB,,Y_GE15,,_T,,OBS,,2017,,45.6,,,,AGE_SEX_STANDARD,,,,1,,,,,,,,0,
DATAFLOW,OECD.ELS.HD:DSD_HCQO@DF_PC(1.1),,I,ITA,,A,,ADMRDBUC,,10P5HB,,Y_GE15,,_T,,OBS,,2018,,45.1,,,,AGE_SEX_STANDARD,,,,1,,,,,,,,0,
DATAFLOW,OECD.ELS.HD:DSD_HCQO@DF_PC(1.1),,I,ITA,,A,,ADMRDBUC,,10P5HB,,Y_GE15,,_T,,OBS,,2019,,42.6,,,,AGE_SEX_STANDARD,,,,1,,,,,,,,0,
DATAFLOW,OECD.ELS.HD:DSD_HCQO@DF_PC(1.1),,I,ITA,,A,,ADMRDBUC,,10P5HB,,Y_GE15,,_T,,OBS,,2020,,31.1,,,,AGE_SEX_STANDARD,,,,1,,,,,,,,0,
DATAFLOW,OECD.ELS.HD:DSD_HCQO@DF_PC(1.1),,I,ITA,,A,,ADMRDBUC,,10P5HB,,Y_GE15,,_T,,OBS,,2021,,31,,,,AGE_SEX_STANDARD,,,,1,,,,,,,,0,
DATAFLOW,OECD.ELS.HD:DSD_HCQO@DF_PC(1.1),,I,LUX,,A,,ADMRDBUC,,10P5HB,,Y_GE15,,_T,,OBS,,2015,,162.6,,,,AGE_SEX_STANDARD,,,,1,,,,,,,,0,
DATAFLOW,OECD.ELS.HD:DSD_HCQO@DF_PC(1.1),,I,LUX,,A,,ADMRDBUC,,10P5HB,,Y_GE15,,_T,,OBS,,2018,,134.8,,,,AGE_SEX_STANDARD,,,,1,,,,,,,,0,
DATAFLOW,OECD.ELS.HD:DSD_HCQO@DF_PC(1.1),,I,LUX,,A,,ADMRDBUC,,10P5HB,,Y_GE15,,_T,,OBS,,2019,,147.9,,,,AGE_SEX_STANDARD,,,,1,,,,,,,,0,
DATAFLOW,OECD.ELS.HD:DSD_HCQO@DF_PC(1.1),,I,LUX,,A,,ADMRDBUC,,10P5HB,,Y_GE15,,_T,,OBS,,2020,,73.7,,,,AGE_SEX_STANDARD,,,,1,,,,,,,,0,
DATAFLOW,OECD.ELS.HD:DSD_HCQO@DF_PC(1.1),,I,LUX,,A,,ADMRDBUC,,10P5HB,,Y_GE15,,_T,,OBS,,2021,,146.8,,,,AGE_SEX_STANDARD,,,,1,,,,,,,,0,
DATAFLOW,OECD.ELS.HD:DSD_HCQO@DF_PC(1.1),,I,MEX,,A,,ADMRDBUC,,10P5HB,,Y_GE15,,_T,,OBS,,2015,,301.9,,,,AGE_SEX_STANDARD,,,,1,,,,,,,,0,
DATAFLOW,OECD.ELS.HD:DSD_HCQO@DF_PC(1.1),,I,MEX,,A,,ADMRDBUC,,10P5HB,,Y_GE15,,_T,,OBS,,2016,,289.6,,,,AGE_SEX_STANDARD,,,,1,,,,,,,,0,
DATAFLOW,OECD.ELS.HD:DSD_HCQO@DF_PC(1.1),,I,MEX,,A,,ADMRDBUC,,10P5HB,,Y_GE15,,_T,,OBS,,2017,,275.6,,,,AGE_SEX_STANDARD,,,,1,,,,,,,,0,
DATAFLOW,OECD.ELS.HD:DSD_HCQO@DF_PC(1.1),,I,MEX,,A,,ADMRDBUC,,10P5HB,,Y_GE15,,_T,,OBS,,2018,,258,,,,AGE_SEX_STANDARD,,,,1,,,,,,,,0,
DATAFLOW,OECD.ELS.HD:DSD_HCQO@DF_PC(1.1),,I,MEX,,A,,ADMRDBUC,,10P5HB,,Y_GE15,,_T,,OBS,,2019,,231.3,,,,AGE_SEX_STANDARD,,,,1,,,,,,,,0,
DATAFLOW,OECD.ELS.HD:DSD_HCQO@DF_PC(1.1),,I,MEX,,A,,ADMRDBUC,,10P5HB,,Y_GE15,,_T,,OBS,,2020,,143.2,,,,AGE_SEX_STANDARD,,,,1,,,,,,,,0,
DATAFLOW,OECD.ELS.HD:DSD_HCQO@DF_PC(1.1),,I,MEX,,A,,ADMRDBUC,,10P5HB,,Y_GE15,,_T,,OBS,,2021,,142.2,,,,AGE_SEX_STANDARD,,,,1,,,,,,,,0,
DATAFLOW,OECD.ELS.HD:DSD_HCQO@DF_PC(1.1),,I,NLD,,A,,ADMRDBUC,,10P5HB,,Y_GE15,,_T,,OBS,,2015,,63,,,,AGE_SEX_STANDARD,,,,1,,,,,,,,0,
DATAFLOW,OECD.ELS.HD:DSD_HCQO@DF_PC(1.1),,I,NLD,,A,,ADMRDBUC,,10P5HB,,Y_GE15,,_T,,OBS,,2016,,60.6,,,,AGE_SEX_STANDARD,,,,1,,,,,,,,0,
DATAFLOW,OECD.ELS.HD:DSD_HCQO@DF_PC(1.1),,I,NLD,,A,,ADMRDBUC,,10P5HB,,Y_GE15,,_T,,OBS,,2017,,59.7,,,,AGE_SEX_STANDARD,,,,1,,,,,,,,0,
DATAFLOW,OECD.ELS.HD:DSD_HCQO@DF_PC(1.1),,I,NLD,,A,,ADMRDBUC,,10P5HB,,Y_GE15,,_T,,OBS,,2018,,55.1,,,,AGE_SEX_STANDARD,,,,1,,,,,,,,0,
DATAFLOW,OECD.ELS.HD:DSD_HCQO@DF_PC(1.1),,I,NLD,,A,,ADMRDBUC,,10P5HB,,Y_GE15,,_T,,OBS,,2019,,52.9,,,,AGE_SEX_STANDARD,,,,1,,,,,,,,0,
DATAFLOW,OECD.ELS.HD:DSD_HCQO@DF_PC(1.1),,I,NLD,,A,,ADMRDBUC,,10P5HB,,Y_GE15,,_T,,OBS,,2020,,47,,,,AGE_SEX_STANDARD,,,,1,,,,,,,,0,
DATAFLOW,OECD.ELS.HD:DSD_HCQO@DF_PC(1.1),,I,NLD,,A,,ADMRDBUC,,10P5HB,,Y_GE15,,_T,,OBS,,2021,,45.1,,,,AGE_SEX_STANDARD,,,,1,,,,,,,,0,
DATAFLOW,OECD.ELS.HD:DSD_HCQO@DF_PC(1.1),,I,NOR,,A,,ADMRDBUC,,10P5HB,,Y_GE15,,_T,,OBS,,2015,,74.8,,,,AGE_SEX_STANDARD,,,,1,,,,,,,,0,
DATAFLOW,OECD.ELS.HD:DSD_HCQO@DF_PC(1.1),,I,NOR,,A,,ADMRDBUC,,10P5HB,,Y_GE15,,_T,,OBS,,2016,,76.7,,,,AGE_SEX_STANDARD,,,,1,,,,,,,,0,
DATAFLOW,OECD.ELS.HD:DSD_HCQO@DF_PC(1.1),,I,NOR,,A,,ADMRDBUC,,10P5HB,,Y_GE15,,_T,,OBS,,2017,,78.5,,,,AGE_SEX_STANDARD,,,,1,,,,,,,,0,
DATAFLOW,OECD.ELS.HD:DSD_HCQO@DF_PC(1.1),,I,NOR,,A,,ADMRDBUC,,10P5HB,,Y_GE15,,_T,,OBS,,2018,,73.3,,,,AGE_SEX_STANDARD,,,,1,,,,,,,,0,
DATAFLOW,OECD.ELS.HD:DSD_HCQO@DF_PC(1.1),,I,NOR,,A,,ADMRDBUC,,10P5HB,,Y_GE15,,_T,,OBS,,2019,,71.3,,,,AGE_SEX_STANDARD,,,,1,,,,,,,,0,
DATAFLOW,OECD.ELS.HD:DSD_HCQO@DF_PC(1.1),,I,NOR,,A,,ADMRDBUC,,10P5HB,,Y_GE15,,_T,,OBS,,2020,,68.6,,,,AGE_SEX_STANDARD,,,,1,,,,,,,,0,
DATAFLOW,OECD.ELS.HD:DSD_HCQO@DF_PC(1.1),,I,POL,,A,,ADMRDBUC,,10P5HB,,Y_GE15,,_T,,OBS,,2015,,215.2,,,,AGE_SEX_STANDARD,,,,1,,,,,,,,0,
DATAFLOW,OECD.ELS.HD:DSD_HCQO@DF_PC(1.1),,I,POL,,A,,ADMRDBUC,,10P5HB,,Y_GE15,,_T,,OBS,,2016,,219.4,,,,AGE_SEX_STANDARD,,,,1,,,,,,,,0,
DATAFLOW,OECD.ELS.HD:DSD_HCQO@DF_PC(1.1),,I,POL,,A,,ADMRDBUC,,10P5HB,,Y_GE15,,_T,,OBS,,2017,,208.6,,,,AGE_SEX_STANDARD,,,,1,,,,,,,,0,
DATAFLOW,OECD.ELS.HD:DSD_HCQO@DF_PC(1.1),,I,POL,,A,,ADMRDBUC,,10P5HB,,Y_GE15,,_T,,OBS,,2018,,197.9,,,,AGE_SEX_STANDARD,,,,1,,,,,,,,0,
DATAFLOW,OECD.ELS.HD:DSD_HCQO@DF_PC(1.1),,I,POL,,A,,ADMRDBUC,,10P5HB,,Y_GE15,,_T,,OBS,,2019,,190,,,,AGE_SEX_STANDARD,,,,1,,,,,,,,0,
DATAFLOW,OECD.ELS.HD:DSD_HCQO@DF_PC(1.1),,I,PRT,,A,,ADMRDBUC,,10P5HB,,Y_GE15,,_T,,OBS,,2015,,72,,,,AGE_SEX_STANDARD,,,,1,,,,,,,,0,
DATAFLOW,OECD.ELS.HD:DSD_HCQO@DF_PC(1.1),,I,PRT,,A,,ADMRDBUC,,10P5HB,,Y_GE15,,_T,,OBS,,2016,,65.1,,,,AGE_SEX_STANDARD,,,,1,,,,,,,,0,
DATAFLOW,OECD.ELS.HD:DSD_HCQO@DF_PC(1.1),,I,PRT,,A,,ADMRDBUC,,10P5HB,,Y_GE15,,_T,,OBS,,2017,,64.3,,,,AGE_SEX_STANDARD,,,,1,,,,,,,,0,
DATAFLOW,OECD.ELS.HD:DSD_HCQO@DF_PC(1.1),,I,PRT,,A,,ADMRDBUC,,10P5HB,,Y_GE15,,_T,,OBS,,2018,,58.6,,,,AGE_SEX_STANDARD,,,,1,,,,,,,,0,
DATAFLOW,OECD.ELS.HD:DSD_HCQO@DF_PC(1.1),,I,PRT,,A,,ADMRDBUC,,10P5HB,,Y_GE15,,_T,,OBS,,2019,,59.7,,,,AGE_SEX_STANDARD,,,,1,,,,,,,,0,
DATAFLOW,OECD.ELS.HD:DSD_HCQO@DF_PC(1.1),,I,PRT,,A,,ADMRDBUC,,10P5HB,,Y_GE15,,_T,,OBS,,2020,,54.1,,,,AGE_SEX_STANDARD,,,,1,,,,,,,,0,
DATAFLOW,OECD.ELS.HD:DSD_HCQO@DF_PC(1.1),,I,PRT,,A,,ADMRDBUC,,10P5HB,,Y_GE15,,_T,,OBS,,2021,,53.4,,,,AGE_SEX_STANDARD,,,,1,,,,,,,,0,
DATAFLOW,OECD.ELS.HD:DSD_HCQO@DF_PC(1.1),,I,SVK,,A,,ADMRDBUC,,10P5HB,,Y_GE15,,_T,,OBS,,2015,,212.9,,,,AGE_SEX_STANDARD,,,,1,,,,,,,,0,
DATAFLOW,OECD.ELS.HD:DSD_HCQO@DF_PC(1.1),,I,SVK,,A,,ADMRDBUC,,10P5HB,,Y_GE15,,_T,,OBS,,2016,,215.5,,,,AGE_SEX_STANDARD,,,,1,,,,,,,,0,
DATAFLOW,OECD.ELS.HD:DSD_HCQO@DF_PC(1.1),,I,SVK,,A,,ADMRDBUC,,10P5HB,,Y_GE15,,_T,,OBS,,2017,,229,,,,AGE_SEX_STANDARD,,,,1,,,,,,,,0,
DATAFLOW,OECD.ELS.HD:DSD_HCQO@DF_PC(1.1),,I,SVK,,A,,ADMRDBUC,,10P5HB,,Y_GE15,,_T,,OBS,,2018,,224.3,,,,AGE_SEX_STANDARD,,,,1,,,,,,,,0,
DATAFLOW,OECD.ELS.HD:DSD_HCQO@DF_PC(1.1),,I,SVK,,A,,ADMRDBUC,,10P5HB,,Y_GE15,,_T,,OBS,,2019,,213.6,,,,AGE_SEX_STANDARD,,,,1,,,,,,,,0,
DATAFLOW,OECD.ELS.HD:DSD_HCQO@DF_PC(1.1),,I,SVK,,A,,ADMRDBUC,,10P5HB,,Y_GE15,,_T,,OBS,,2020,,188.1,,,,AGE_SEX_STANDARD,,,,1,,,,,,,,0,
DATAFLOW,OECD.ELS.HD:DSD_HCQO@DF_PC(1.1),,I,SVK,,A,,ADMRDBUC,,10P5HB,,Y_GE15,,_T,,OBS,,2021,,169.6,,,,AGE_SEX_STANDARD,,,,1,,,,,,,,0,
DATAFLOW,OECD.ELS.HD:DSD_HCQO@DF_PC(1.1),,I,TUR,,A,,ADMRDBUC,,10P5HB,,Y_GE15,,_T,,OBS,,2015,,235.4,,,,AGE_SEX_STANDARD,,,,1,,,,,,,,0,
DATAFLOW,OECD.ELS.HD:DSD_HCQO@DF_PC(1.1),,I,TUR,,A,,ADMRDBUC,,10P5HB,,Y_GE15,,_T,,OBS,,2016,,256.7,,,,AGE_SEX_STANDARD,,,,1,,,,,,,,0,
DATAFLOW,OECD.ELS.HD:DSD_HCQO@DF_PC(1.1),,I,TUR,,A,,ADMRDBUC,,10P5HB,,Y_GE15,,_T,,OBS,,2017,,236.1,,,,AGE_SEX_STANDARD,,,,1,,,,,,,,0,
DATAFLOW,OECD.ELS.HD:DSD_HCQO@DF_PC(1.1),,I,USA,,A,,ADMRDBUC,,10P5HB,,Y_GE15,,_T,,OBS,,2017,,204.8,,,,AGE_SEX_STANDARD,,,,1,,,,,,,,0,
DATAFLOW,OECD.ELS.HD:DSD_HCQO@DF_PC(1.1),,I,USA,,A,,ADMRDBUC,,10P5HB,,Y_GE15,,_T,,OBS,,2018,,231.3,,,,AGE_SEX_STANDARD,,,,1,,,,,,,,0,
DATAFLOW,OECD.ELS.HD:DSD_HCQO@DF_PC(1.1),,I,USA,,A,,ADMRDBUC,,10P5HB,,Y_GE15,,_T,,OBS,,2019,,248.5,,,,AGE_SEX_STANDARD,,,,1,,,,,,,,0,
DATAFLOW,OECD.ELS.HD:DSD_HCQO@DF_PC(1.1),,I,USA,,A,,ADMRDBUC,,10P5HB,,Y_GE15,,_T,,OBS,,2020,,230.9,,,,AGE_SEX_STANDARD,,,,1,,,,,,,,0,
DATAFLOW,OECD.ELS.HD:DSD_HCQO@DF_PC(1.1),,I,ROU,,A,,ADMRDBUC,,10P5HB,,Y_GE15,,_T,,OBS,,2015,,353.2,,,,AGE_SEX_STANDARD,,,,1,,,,,,,,0,
DATAFLOW,OECD.ELS.HD:DSD_HCQO@DF_PC(1.1),,I,ROU,,A,,ADMRDBUC,,10P5HB,,Y_GE15,,_T,,OBS,,2016,,353.2,,,,AGE_SEX_STANDARD,,,,1,,,,,,,,0,
DATAFLOW,OECD.ELS.HD:DSD_HCQO@DF_PC(1.1),,I,ROU,,A,,ADMRDBUC,,10P5HB,,Y_GE15,,_T,,OBS,,2017,,357,,,,AGE_SEX_STANDARD,,,,1,,,,,,,,0,
DATAFLOW,OECD.ELS.HD:DSD_HCQO@DF_PC(1.1),,I,ROU,,A,,ADMRDBUC,,10P5HB,,Y_GE15,,_T,,OBS,,2018,,355.9,,,,AGE_SEX_STANDARD,,,,1,,,,,,,,0,
DATAFLOW,OECD.ELS.HD:DSD_HCQO@DF_PC(1.1),,I,ROU,,A,,ADMRDBUC,,10P5HB,,Y_GE15,,_T,,OBS,,2019,,351.6,,,,AGE_SEX_STANDARD,,,,1,,,,,,,,0,
DATAFLOW,OECD.ELS.HD:DSD_HCQO@DF_PC(1.1),,I,ROU,,A,,ADMRDBUC,,10P5HB,,Y_GE15,,_T,,OBS,,2020,,158.8,,,,AGE_SEX_STANDARD,,,,1,,,,,,,,0,
DATAFLOW,OECD.ELS.HD:DSD_HCQO@DF_PC(1.1),,I,ROU,,A,,ADMRDBUC,,10P5HB,,Y_GE15,,_T,,OBS,,2021,,147.9,,,,AGE_SEX_STANDARD,,,,1,,,,,,,,0,
DATAFLOW,OECD.ELS.HD:DSD_HCQO@DF_PC(1.1),,I,SGP,,A,,ADMRDBUC,,10P5HB,,Y_GE15,,_T,,OBS,,2015,,440.2,,,,AGE_SEX_STANDARD,,,,1,,,,,,,,0,
DATAFLOW,OECD.ELS.HD:DSD_HCQO@DF_PC(1.1),,I,SGP,,A,,ADMRDBUC,,10P5HB,,Y_GE15,,_T,,OBS,,2016,,450.9,,,,AGE_SEX_STANDARD,,,,1,,,,,,,,0,
DATAFLOW,OECD.ELS.HD:DSD_HCQO@DF_PC(1.1),,I,USA,,A,,ADMRCHFL,,10P5HB,,Y_GE15,,_T,,OBS,,2016,,396.7,,,,AGE_SEX_STANDARD,,,,1,,B,,,,,,0,
DATAFLOW,OECD.ELS.HD:DSD_HCQO@DF_PC(1.1),,I,USA,,A,,ADMRASTH,,10P5HB,,Y_GE15,,_T,,OBS,,2016,,39.5,,,,AGE_SEX_STANDARD,,,,1,,B,,,,,,0,
DATAFLOW,OECD.ELS.HD:DSD_HCQO@DF_PC(1.1),,I,USA,,A,,ASCOCOMP,,10P5HB,,Y_GE15,,_T,,OBS,,2016,,283.8,,,,AGE_SEX_STANDARD,,,,1,,B,,,,,,0,
DATAFLOW,OECD.ELS.HD:DSD_HCQO@DF_PC(1.1),,I,USA,,A,,ADMRCOPD,,10P5HB,,Y_GE15,,_T,,OBS,,2016,,244.2,,,,AGE_SEX_STANDARD,,,,1,,B,,,,,,0,
DATAFLOW,OECD.ELS.HD:DSD_HCQO@DF_PC(1.1),,I,USA,,A,,ADMRDBUC,,10P5HB,,Y_GE15,,_T,,OBS,,2016,,173.2,,,,AGE_SEX_STANDARD,,,,1,,B,,,,,,0,
DATAFLOW,OECD.ELS.HD:DSD_HCQO@DF_PC(1.1),,I,LUX,,A,,ADMRASTH,,10P5HB,,Y_GE15,,_T,,OBS,,2022,,10.7,,,,AGE_SEX_STANDARD,,,,1,,,,,,,,0,
DATAFLOW,OECD.ELS.HD:DSD_HCQO@DF_PC(1.1),,I,LUX,,A,,ADMRDMAO,,10P5HB,,Y_GE15,,_T,,OBS,,2022,,13.3,,,,AGE_SEX_STANDARD,,,,1,,,,,,,,,
DATAFLOW,OECD.ELS.HD:DSD_HCQO@DF_PC(1.1),,I,LUX,,A,,ASCOCOMP,,10P5HB,,Y_GE15,,_T,,OBS,,2022,,169.5,,,,AGE_SEX_STANDARD,,,,1,,,,,,,,0,
DATAFLOW,OECD.ELS.HD:DSD_HCQO@DF_PC(1.1),,I,LUX,,A,,ASCOCOMP,,10P5HB,,Y_GE15,,_T,,OBS,,2023,,192.4,,,,AGE_SEX_STANDARD,,,,1,,,,,,,,0,
DATAFLOW,OECD.ELS.HD:DSD_HCQO@DF_PC(1.1),,I,LUX,,A,,ADMRDMAO,,10P5HB,,Y_GE15,,_T,,OBS,,2023,,9.3,,,,AGE_SEX_STANDARD,,,,1,,,,,,,,,
DATAFLOW,OECD.ELS.HD:DSD_HCQO@DF_PC(1.1),,I,LUX,,A,,ADMRASTH,,10P5HB,,Y_GE15,,_T,,OBS,,2023,,10.9,,,,AGE_SEX_STANDARD,,,,1,,,,,,,,0,
DATAFLOW,OECD.ELS.HD:DSD_HCQO@DF_PC(1.1),,I,LUX,,A,,ADMRCOPD,,10P5HB,,Y_GE15,,_T,,OBS,,2023,,181.5,,,,AGE_SEX_STANDARD,,,,1,,,,,,,,0,
DATAFLOW,OECD.ELS.HD:DSD_HCQO@DF_PC(1.1),,I,PRT,,A,,ASCOCOMP,,10P5HB,,Y_GE15,,_T,,OBS,,2022,,65.1,,,,AGE_SEX_STANDARD,,,,1,,,,,,,,0,
DATAFLOW,OECD.ELS.HD:DSD_HCQO@DF_PC(1.1),,I,PRT,,A,,ADMRCOPD,,10P5HB,,Y_GE15,,_T,,OBS,,2022,,54.5,,,,AGE_SEX_STANDARD,,,,1,,,,,,,,0,
DATAFLOW,OECD.ELS.HD:DSD_HCQO@DF_PC(1.1),,I,PRT,,A,,ADMRCHFL,,10P5HB,,Y_GE15,,_T,,OBS,,2022,,136.4,,,,AGE_SEX_STANDARD,,,,1,,,,,,,,0,
DATAFLOW,OECD.ELS.HD:DSD_HCQO@DF_PC(1.1),,I,PRT,,A,,ADMRDBUC,,10P5HB,,Y_GE15,,_T,,OBS,,2022,,54.7,,,,AGE_SEX_STANDARD,,,,1,,,,,,,,0,
DATAFLOW,OECD.ELS.HD:DSD_HCQO@DF_PC(1.1),,I,PRT,,A,,ADMRASTH,,10P5HB,,Y_GE15,,_T,,OBS,,2022,,10.6,,,,AGE_SEX_STANDARD,,,,1,,,,,,,,0,
DATAFLOW,OECD.ELS.HD:DSD_HCQO@DF_PC(1.1),,I,PRT,,A,,ADMRDMAO,,10P5HB,,Y_GE15,,_T,,OBS,,2022,,3.7,,,,AGE_SEX_STANDARD,,,,1,,,,,,,,,
DATAFLOW,OECD.ELS.HD:DSD_HCQO@DF_PC(1.1),,I,PRT,,A,,ADMRDMAI,,10P5HB,,Y_GE15,,_T,,OBS,,2022,,8.2,,,,AGE_SEX_STANDARD,,,,1,,,,,,,,,
DATAFLOW,OECD.ELS.HD:DSD_HCQO@DF_PC(1.1),,I,PRT,,A,,ADMRDMAI,,10P5HB,,Y_GE15,,_T,,OBS,,2023,,7.9,,,,AGE_SEX_STANDARD,,,,1,,,,,,,,,
DATAFLOW,OECD.ELS.HD:DSD_HCQO@DF_PC(1.1),,I,PRT,,A,,ADMRDMAO,,10P5HB,,Y_GE15,,_T,,OBS,,2023,,2.9,,,,AGE_SEX_STANDARD,,,,1,,,,,,,,,
DATAFLOW,OECD.ELS.HD:DSD_HCQO@DF_PC(1.1),,I,PRT,,A,,ADMRASTH,,10P5HB,,Y_GE15,,_T,,OBS,,2023,,10.7,,,,AGE_SEX_STANDARD,,,,1,,,,,,,,0,
DATAFLOW,OECD.ELS.HD:DSD_HCQO@DF_PC(1.1),,I,PRT,,A,,ADMRDBUC,,10P5HB,,Y_GE15,,_T,,OBS,,2023,,48.5,,,,AGE_SEX_STANDARD,,,,1,,,,,,,,0,
DATAFLOW,OECD.ELS.HD:DSD_HCQO@DF_PC(1.1),,I,PRT,,A,,ADMRCHFL,,10P5HB,,Y_GE15,,_T,,OBS,,2023,,118.1,,,,AGE_SEX_STANDARD,,,,1,,,,,,,,0,
DATAFLOW,OECD.ELS.HD:DSD_HCQO@DF_PC(1.1),,I,PRT,,A,,ADMRCOPD,,10P5HB,,Y_GE15,,_T,,OBS,,2023,,58.5,,,,AGE_SEX_STANDARD,,,,1,,,,,,,,0,
DATAFLOW,OECD.ELS.HD:DSD_HCQO@DF_PC(1.1),,I,PRT,,A,,ASCOCOMP,,10P5HB,,Y_GE15,,_T,,OBS,,2023,,69.2,,,,AGE_SEX_STANDARD,,,,1,,,,,,,,0,
DATAFLOW,OECD.ELS.HD:DSD_HCQO@DF_PC(1.1),,I,BEL,,A,,ADMRDBUC,,10P5HB,,Y_GE15,,_T,,OBS,,2015,,0,,,,AGE_SEX_STANDARD,,,,1,,,,,,,,0,
DATAFLOW,OECD.ELS.HD:DSD_HCQO@DF_PC(1.1),,I,BEL,,A,,ADMRASTH,,10P5HB,,Y_GE15,,_T,,OBS,,2015,,0,,,,AGE_SEX_STANDARD,,,,1,,,,,,,,0,
DATAFLOW,OECD.ELS.HD:DSD_HCQO@DF_PC(1.1),,I,BEL,,A,,ASCOCOMP,,10P5HB,,Y_GE15,,_T,,OBS,,2015,,0,,,,AGE_SEX_STANDARD,,,,1,,,,,,,,0,
DATAFLOW,OECD.ELS.HD:DSD_HCQO@DF_PC(1.1),,I,BEL,,A,,ADMRCOPD,,10P5HB,,Y_GE15,,_T,,OBS,,2015,,0,,,,AGE_SEX_STANDARD,,,,1,,,,,,,,0,
DATAFLOW,OECD.ELS.HD:DSD_HCQO@DF_PC(1.1),,I,BEL,,A,,ADMRCHFL,,10P5HB,,Y_GE15,,_T,,OBS,,2015,,0,,,,AGE_SEX_STANDARD,,,,1,,,,,,,,0,
DATAFLOW,OECD.ELS.HD:DSD_HCQO@DF_PC(1.1),,I,BEL,,A,,ASCOCOMP,,10P5HB,,Y_GE15,,_T,,OBS,,2016,,303.8,,,,AGE_SEX_STANDARD,,,,1,,,,,,,,0,
DATAFLOW,OECD.ELS.HD:DSD_HCQO@DF_PC(1.1),,I,BEL,,A,,ADMRDMAO,,10P5HB,,Y_GE15,,_T,,OBS,,2018,,21.3,,,,AGE_SEX_STANDARD,,,,1,,,,,,,,,
DATAFLOW,OECD.ELS.HD:DSD_HCQO@DF_PC(1.1),,I,BEL,,A,,ADMRDMAI,,10P5HB,,Y_GE15,,_T,,OBS,,2018,,4.8,,,,AGE_SEX_STANDARD,,,,1,,,,,,,,,
DATAFLOW,OECD.ELS.HD:DSD_HCQO@DF_PC(1.1),,I,BEL,,A,,ADMRDMAI,,10P5HB,,Y_GE15,,_T,,OBS,,2019,,4.6,,,,AGE_SEX_STANDARD,,,,1,,,,,,,,,
DATAFLOW,OECD.ELS.HD:DSD_HCQO@DF_PC(1.1),,I,BEL,,A,,ADMRDMAO,,10P5HB,,Y_GE15,,_T,,OBS,,2019,,20.8,,,,AGE_SEX_STANDARD,,,,1,,,,,,,,,
DATAFLOW,OECD.ELS.HD:DSD_HCQO@DF_PC(1.1),,I,BEL,,A,,ADMRDMAO,,10P5HB,,Y_GE15,,_T,,OBS,,2020,,18.9,,,,AGE_SEX_STANDARD,,,,1,,,,,,,,,
DATAFLOW,OECD.ELS.HD:DSD_HCQO@DF_PC(1.1),,I,BEL,,A,,ADMRDMAI,,10P5HB,,Y_GE15,,_T,,OBS,,2020,,4.6,,,,AGE_SEX_STANDARD,,,,1,,,,,,,,,
DATAFLOW,OECD.ELS.HD:DSD_HCQO@DF_PC(1.1),,I,BEL,,A,,ASCOCOMP,,10P5HB,,Y_GE15,,_T,,OBS,,2021,,194.6,,,,AGE_SEX_STANDARD,,,,1,,,,,,,,0,
DATAFLOW,OECD.ELS.HD:DSD_HCQO@DF_PC(1.1),,I,BEL,,A,,ADMRDMAI,,10P5HB,,Y_GE15,,_T,,OBS,,2021,,4.2,,,,AGE_SEX_STANDARD,,,,1,,,,,,,,,
DATAFLOW,OECD.ELS.HD:DSD_HCQO@DF_PC(1.1),,I,BEL,,A,,ADMRDMAO,,10P5HB,,Y_GE15,,_T,,OBS,,2021,,18.9,,,,AGE_SEX_STANDARD,,,,1,,,,,,,,,
DATAFLOW,OECD.ELS.HD:DSD_HCQO@DF_PC(1.1),,I,BEL,,A,,ADMRDMAO,,10P5HB,,Y_GE15,,_T,,OBS,,2022,,20.3,,,,AGE_SEX_STANDARD,,,,1,,,,,,,,,
DATAFLOW,OECD.ELS.HD:DSD_HCQO@DF_PC(1.1),,I,BEL,,A,,ADMRDMAI,,10P5HB,,Y_GE15,,_T,,OBS,,2022,,4.3,,,,AGE_SEX_STANDARD,,,,1,,,,,,,,,
DATAFLOW,OECD.ELS.HD:DSD_HCQO@DF_PC(1.1),,I,BEL,,A,,ADMRCHFL,,10P5HB,,Y_GE15,,_T,,OBS,,2022,,142.5,,,,AGE_SEX_STANDARD,,,,1,,,,,,,,0,
DATAFLOW,OECD.ELS.HD:DSD_HCQO@DF_PC(1.1),,I,BEL,,A,,ADMRCOPD,,10P5HB,,Y_GE15,,_T,,OBS,,2022,,206.9,,,,AGE_SEX_STANDARD,,,,1,,,,,,,,0,
DATAFLOW,OECD.ELS.HD:DSD_HCQO@DF_PC(1.1),,I,BEL,,A,,ASCOCOMP,,10P5HB,,Y_GE15,,_T,,OBS,,2022,,224.6,,,,AGE_SEX_STANDARD,,,,1,,,,,,,,0,
DATAFLOW,OECD.ELS.HD:DSD_HCQO@DF_PC(1.1),,I,BEL,,A,,ADMRASTH,,10P5HB,,Y_GE15,,_T,,OBS,,2022,,17.7,,,,AGE_SEX_STANDARD,,,,1,,,,,,,,0,
DATAFLOW,OECD.ELS.HD:DSD_HCQO@DF_PC(1.1),,I,BEL,,A,,ADMRDBUC,,10P5HB,,Y_GE15,,_T,,OBS,,2022,,146.3,,,,AGE_SEX_STANDARD,,,,1,,,,,,,,0,
DATAFLOW,OECD.ELS.HD:DSD_HCQO@DF_PC(1.1),,I,BEL,,A,,ADMRDBUC,,10P5HB,,Y_GE15,,_T,,OBS,,2023,,152.4,,,,AGE_SEX_STANDARD,,,,1,,,,,,,,0,
DATAFLOW,OECD.ELS.HD:DSD_HCQO@DF_PC(1.1),,I,BEL,,A,,ADMRASTH,,10P5HB,,Y_GE15,,_T,,OBS,,2023,,20,,,,AGE_SEX_STANDARD,,,,1,,,,,,,,0,
DATAFLOW,OECD.ELS.HD:DSD_HCQO@DF_PC(1.1),,I,BEL,,A,,ASCOCOMP,,10P5HB,,Y_GE15,,_T,,OBS,,2023,,243.7,,,,AGE_SEX_STANDARD,,,,1,,,,,,,,0,
DATAFLOW,OECD.ELS.HD:DSD_HCQO@DF_PC(1.1),,I,BEL,,A,,ADMRCOPD,,10P5HB,,Y_GE15,,_T,,OBS,,2023,,223.7,,,,AGE_SEX_STANDARD,,,,1,,,,,,,,0,
DATAFLOW,OECD.ELS.HD:DSD_HCQO@DF_PC(1.1),,I,BEL,,A,,ADMRCHFL,,10P5HB,,Y_GE15,,_T,,OBS,,2023,,132.4,,,,AGE_SEX_STANDARD,,,,1,,,,,,,,0,
DATAFLOW,OECD.ELS.HD:DSD_HCQO@DF_PC(1.1),,I,BEL,,A,,ADMRDMAI,,10P5HB,,Y_GE15,,_T,,OBS,,2023,,4.8,,,,AGE_SEX_STANDARD,,,,1,,,,,,,,,
DATAFLOW,OECD.ELS.HD:DSD_HCQO@DF_PC(1.1),,I,BEL,,A,,ADMRDMAO,,10P5HB,,Y_GE15,,_T,,OBS,,2023,,20.4,,,,AGE_SEX_STANDARD,,,,1,,,,,,,,,
DATAFLOW,OECD.ELS.HD:DSD_HCQO@DF_PC(1.1),,I,AUS,,A,,ADMRDMAI,,10P5HB,,Y_GE15,,_T,,OBS,,2016,,2.5,,,,AGE_SEX_STANDARD,,,,1,,,,,,,,,
DATAFLOW,OECD.ELS.HD:DSD_HCQO@DF_PC(1.1),,I,AUS,,A,,ADMRDMAI,,10P5HB,,Y_GE15,,_T,,OBS,,2017,,2.9,,,,AGE_SEX_STANDARD,,,,1,,,,,,,,,
DATAFLOW,OECD.ELS.HD:DSD_HCQO@DF_PC(1.1),,I,AUS,,A,,ADMRDMAI,,10P5HB,,Y_GE15,,_T,,OBS,,2018,,2.8,,,,AGE_SEX_STANDARD,,,,1,,,,,,,,,
DATAFLOW,OECD.ELS.HD:DSD_HCQO@DF_PC(1.1),,I,AUS,,A,,ADMRDMAI,,10P5HB,,Y_GE15,,_T,,OBS,,2019,,2.8,,,,AGE_SEX_STANDARD,,,,1,,,,,,,,,
DATAFLOW,OECD.ELS.HD:DSD_HCQO@DF_PC(1.1),,I,AUS,,A,,ADMRDMAI,,10P5HB,,Y_GE15,,_T,,OBS,,2020,,3,,,,AGE_SEX_STANDARD,,,,1,,,,,,,,,
DATAFLOW,OECD.ELS.HD:DSD_HCQO@DF_PC(1.1),,I,AUS,,A,,ADMRDMAI,,10P5HB,,Y_GE15,,_T,,OBS,,2021,,3.1,,,,AGE_SEX_STANDARD,,,,1,,,,,,,,,
DATAFLOW,OECD.ELS.HD:DSD_HCQO@DF_PC(1.1),,I,AUS,,A,,ADMRDMAI,,10P5HB,,Y_GE15,,_T,,OBS,,2022,,2.9,,,,AGE_SEX_STANDARD,,,,1,,,,,,,,,
DATAFLOW,OECD.ELS.HD:DSD_HCQO@DF_PC(1.1),,I,AUS,,A,,ADMRDMAI,,10P5HB,,Y_GE15,,_T,,OBS,,2023,,2.3,,,,AGE_SEX_STANDARD,,,,1,,,,,,,,,
DATAFLOW,OECD.ELS.HD:DSD_HCQO@DF_PC(1.1),,I,AUS,,A,,ADMRDMAO,,10P5HB,,Y_GE15,,_T,,OBS,,2016,,18.7,,,,AGE_SEX_STANDARD,,,,1,,,,,,,,,
DATAFLOW,OECD.ELS.HD:DSD_HCQO@DF_PC(1.1),,I,AUS,,A,,ADMRDMAO,,10P5HB,,Y_GE15,,_T,,OBS,,2017,,19.6,,,,AGE_SEX_STANDARD,,,,1,,,,,,,,,
DATAFLOW,OECD.ELS.HD:DSD_HCQO@DF_PC(1.1),,I,AUS,,A,,ADMRDMAO,,10P5HB,,Y_GE15,,_T,,OBS,,2018,,21,,,,AGE_SEX_STANDARD,,,,1,,,,,,,,,
DATAFLOW,OECD.ELS.HD:DSD_HCQO@DF_PC(1.1),,I,AUS,,A,,ADMRDMAO,,10P5HB,,Y_GE15,,_T,,OBS,,2019,,20.9,,,,AGE_SEX_STANDARD,,,,1,,,,,,,,,
DATAFLOW,OECD.ELS.HD:DSD_HCQO@DF_PC(1.1),,I,AUS,,A,,ADMRDMAO,,10P5HB,,Y_GE15,,_T,,OBS,,2020,,20.7,,,,AGE_SEX_STANDARD,,,,1,,,,,,,,,
DATAFLOW,OECD.ELS.HD:DSD_HCQO@DF_PC(1.1),,I,AUS,,A,,ADMRDMAO,,10P5HB,,Y_GE15,,_T,,OBS,,2021,,20.6,,,,AGE_SEX_STANDARD,,,,1,,,,,,,,,
DATAFLOW,OECD.ELS.HD:DSD_HCQO@DF_PC(1.1),,I,AUS,,A,,ADMRDMAO,,10P5HB,,Y_GE15,,_T,,OBS,,2022,,22.4,,,,AGE_SEX_STANDARD,,,,1,,,,,,,,,
DATAFLOW,OECD.ELS.HD:DSD_HCQO@DF_PC(1.1),,I,AUS,,A,,ADMRDMAO,,10P5HB,,Y_GE15,,_T,,OBS,,2023,,21.3,,,,AGE_SEX_STANDARD,,,,1,,,,,,,,,
DATAFLOW,OECD.ELS.HD:DSD_HCQO@DF_PC(1.1),,I,AUS,,A,,ADMRASTH,,10P5HB,,Y_GE15,,_T,,OBS,,2016,,70.4,,,,AGE_SEX_STANDARD,,,,1,,,,,,,,0,
DATAFLOW,OECD.ELS.HD:DSD_HCQO@DF_PC(1.1),,I,AUS,,A,,ASCOCOMP,,10P5HB,,Y_GE15,,_T,,OBS,,2016,,392.7,,,,AGE_SEX_STANDARD,,,,1,,,,,,,,0,
DATAFLOW,OECD.ELS.HD:DSD_HCQO@DF_PC(1.1),,I,AUS,,A,,ADMRCHFL,,10P5HB,,Y_GE15,,_T,,OBS,,2016,,224.7,,,,AGE_SEX_STANDARD,,,,1,,,,,,,,0,
DATAFLOW,OECD.ELS.HD:DSD_HCQO@DF_PC(1.1),,I,AUS,,A,,ADMRDBUC,,10P5HB,,Y_GE15,,_T,,OBS,,2016,,139.4,,,,AGE_SEX_STANDARD,,,,1,,,,,,,,0,
DATAFLOW,OECD.ELS.HD:DSD_HCQO@DF_PC(1.1),,I,AUS,,A,,ADMRCOPD,,10P5HB,,Y_GE15,,_T,,OBS,,2016,,322.3,,,,AGE_SEX_STANDARD,,,,1,,,,,,,,0,
DATAFLOW,OECD.ELS.HD:DSD_HCQO@DF_PC(1.1),,I,AUS,,A,,ADMRCOPD,,10P5HB,,Y_GE15,,_T,,OBS,,2017,,334.7,,,,AGE_SEX_STANDARD,,,,1,,,,,,,,0,
DATAFLOW,OECD.ELS.HD:DSD_HCQO@DF_PC(1.1),,I,AUS,,A,,ADMRDBUC,,10P5HB,,Y_GE15,,_T,,OBS,,2017,,144,,,,AGE_SEX_STANDARD,,,,1,,,,,,,,0,
DATAFLOW,OECD.ELS.HD:DSD_HCQO@DF_PC(1.1),,I,AUS,,A,,ADMRCHFL,,10P5HB,,Y_GE15,,_T,,OBS,,2017,,216.4,,,,AGE_SEX_STANDARD,,,,1,,,,,,,,0,
DATAFLOW,OECD.ELS.HD:DSD_HCQO@DF_PC(1.1),,I,AUS,,A,,ASCOCOMP,,10P5HB,,Y_GE15,,_T,,OBS,,2017,,400.8,,,,AGE_SEX_STANDARD,,,,1,,,,,,,,0,
DATAFLOW,OECD.ELS.HD:DSD_HCQO@DF_PC(1.1),,I,AUS,,A,,ADMRASTH,,10P5HB,,Y_GE15,,_T,,OBS,,2017,,66.1,,,,AGE_SEX_STANDARD,,,,1,,,,,,,,0,
DATAFLOW,OECD.ELS.HD:DSD_HCQO@DF_PC(1.1),,I,AUS,,A,,ADMRASTH,,10P5HB,,Y_GE15,,_T,,OBS,,2018,,63.6,,,,AGE_SEX_STANDARD,,,,1,,,,,,,,0,
DATAFLOW,OECD.ELS.HD:DSD_HCQO@DF_PC(1.1),,I,AUS,,A,,ASCOCOMP,,10P5HB,,Y_GE15,,_T,,OBS,,2018,,367.9,,,,AGE_SEX_STANDARD,,,,1,,,,,,,,0,
DATAFLOW,OECD.ELS.HD:DSD_HCQO@DF_PC(1.1),,I,AUS,,A,,ADMRCHFL,,10P5HB,,Y_GE15,,_T,,OBS,,2018,,217.2,,,,AGE_SEX_STANDARD,,,,1,,,,,,,,0,
DATAFLOW,OECD.ELS.HD:DSD_HCQO@DF_PC(1.1),,I,AUS,,A,,ADMRDBUC,,10P5HB,,Y_GE15,,_T,,OBS,,2018,,152.2,,,,AGE_SEX_STANDARD,,,,1,,,,,,,,0,
DATAFLOW,OECD.ELS.HD:DSD_HCQO@DF_PC(1.1),,I,AUS,,A,,ADMRCOPD,,10P5HB,,Y_GE15,,_T,,OBS,,2018,,304.3,,,,AGE_SEX_STANDARD,,,,1,,,,,,,,0,
DATAFLOW,OECD.ELS.HD:DSD_HCQO@DF_PC(1.1),,I,AUS,,A,,ADMRCOPD,,10P5HB,,Y_GE15,,_T,,OBS,,2019,,305.4,,,,AGE_SEX_STANDARD,,,,1,,,,,,,,0,
DATAFLOW,OECD.ELS.HD:DSD_HCQO@DF_PC(1.1),,I,AUS,,A,,ADMRDBUC,,10P5HB,,Y_GE15,,_T,,OBS,,2019,,149.3,,,,AGE_SEX_STANDARD,,,,1,,,,,,,,0,
DATAFLOW,OECD.ELS.HD:DSD_HCQO@DF_PC(1.1),,I,AUS,,A,,ADMRCHFL,,10P5HB,,Y_GE15,,_T,,OBS,,2019,,208.7,,,,AGE_SEX_STANDARD,,,,1,,,,,,,,0,
DATAFLOW,OECD.ELS.HD:DSD_HCQO@DF_PC(1.1),,I,AUS,,A,,ASCOCOMP,,10P5HB,,Y_GE15,,_T,,OBS,,2019,,363.4,,,,AGE_SEX_STANDARD,,,,1,,,,,,,,0,
DATAFLOW,OECD.ELS.HD:DSD_HCQO@DF_PC(1.1),,I,AUS,,A,,ADMRASTH,,10P5HB,,Y_GE15,,_T,,OBS,,2019,,58,,,,AGE_SEX_STANDARD,,,,1,,,,,,,,0,
DATAFLOW,OECD.ELS.HD:DSD_HCQO@DF_PC(1.1),,I,AUS,,A,,ADMRASTH,,10P5HB,,Y_GE15,,_T,,OBS,,2020,,41.5,,,,AGE_SEX_STANDARD,,,,1,,,,,,,,0,
DATAFLOW,OECD.ELS.HD:DSD_HCQO@DF_PC(1.1),,I,AUS,,A,,ASCOCOMP,,10P5HB,,Y_GE15,,_T,,OBS,,2020,,255.4,,,,AGE_SEX_STANDARD,,,,1,,,,,,,,0,
DATAFLOW,OECD.ELS.HD:DSD_HCQO@DF_PC(1.1),,I,AUS,,A,,ADMRCHFL,,10P5HB,,Y_GE15,,_T,,OBS,,2020,,208.1,,,,AGE_SEX_STANDARD,,,,1,,,,,,,,0,
DATAFLOW,OECD.ELS.HD:DSD_HCQO@DF_PC(1.1),,I,AUS,,A,,ADMRDBUC,,10P5HB,,Y_GE15,,_T,,OBS,,2020,,147.9,,,,AGE_SEX_STANDARD,,,,1,,,,,,,,0,
DATAFLOW,OECD.ELS.HD:DSD_HCQO@DF_PC(1.1),,I,AUS,,A,,ADMRCOPD,,10P5HB,,Y_GE15,,_T,,OBS,,2020,,213.9,,,,AGE_SEX_STANDARD,,,,1,,,,,,,,0,
DATAFLOW,OECD.ELS.HD:DSD_HCQO@DF_PC(1.1),,I,AUS,,A,,ADMRCOPD,,10P5HB,,Y_GE15,,_T,,OBS,,2021,,217.3,,,,AGE_SEX_STANDARD,,,,1,,,,,,,,0,
DATAFLOW,OECD.ELS.HD:DSD_HCQO@DF_PC(1.1),,I,AUS,,A,,ADMRDBUC,,10P5HB,,Y_GE15,,_T,,OBS,,2021,,139.4,,,,AGE_SEX_STANDARD,,,,1,,,,,,,,0,
DATAFLOW,OECD.ELS.HD:DSD_HCQO@DF_PC(1.1),,I,AUS,,A,,ADMRCHFL,,10P5HB,,Y_GE15,,_T,,OBS,,2021,,188.5,,,,AGE_SEX_STANDARD,,,,1,,,,,,,,0,
DATAFLOW,OECD.ELS.HD:DSD_HCQO@DF_PC(1.1),,I,AUS,,A,,ASCOCOMP,,10P5HB,,Y_GE15,,_T,,OBS,,2021,,259.3,,,,AGE_SEX_STANDARD,,,,1,,,,,,,,0,
DATAFLOW,OECD.ELS.HD:DSD_HCQO@DF_PC(1.1),,I,AUS,,A,,ADMRASTH,,10P5HB,,Y_GE15,,_T,,OBS,,2021,,42,,,,AGE_SEX_STANDARD,,,,1,,,,,,,,0,
DATAFLOW,OECD.ELS.HD:DSD_HCQO@DF_PC(1.1),,I,AUS,,A,,ADMRASTH,,10P5HB,,Y_GE15,,_T,,OBS,,2022,,50.4,,,,AGE_SEX_STANDARD,,,,1,,,,,,,,0,
DATAFLOW,OECD.ELS.HD:DSD_HCQO@DF_PC(1.1),,I,AUS,,A,,ASCOCOMP,,10P5HB,,Y_GE15,,_T,,OBS,,2022,,273.9,,,,AGE_SEX_STANDARD,,,,1,,,,,,,,0,
DATAFLOW,OECD.ELS.HD:DSD_HCQO@DF_PC(1.1),,I,AUS,,A,,ADMRCHFL,,10P5HB,,Y_GE15,,_T,,OBS,,2022,,187.2,,,,AGE_SEX_STANDARD,,,,1,,,,,,,,0,
DATAFLOW,OECD.ELS.HD:DSD_HCQO@DF_PC(1.1),,I,AUS,,A,,ADMRDBUC,,10P5HB,,Y_GE15,,_T,,OBS,,2022,,139.7,,,,AGE_SEX_STANDARD,,,,1,,,,,,,,0,
DATAFLOW,OECD.ELS.HD:DSD_HCQO@DF_PC(1.1),,I,AUS,,A,,ADMRCOPD,,10P5HB,,Y_GE15,,_T,,OBS,,2022,,223.5,,,,AGE_SEX_STANDARD,,,,1,,,,,,,,0,
DATAFLOW,OECD.ELS.HD:DSD_HCQO@DF_PC(1.1),,I,AUS,,A,,ADMRCOPD,,10P5HB,,Y_GE15,,_T,,OBS,,2023,,232.8,,,,AGE_SEX_STANDARD,,,,1,,,,,,,,0,
DATAFLOW,OECD.ELS.HD:DSD_HCQO@DF_PC(1.1),,I,AUS,,A,,ADMRDBUC,,10P5HB,,Y_GE15,,_T,,OBS,,2023,,140.6,,,,AGE_SEX_STANDARD,,,,1,,,,,,,,0,
DATAFLOW,OECD.ELS.HD:DSD_HCQO@DF_PC(1.1),,I,AUS,,A,,ADMRCHFL,,10P5HB,,Y_GE15,,_T,,OBS,,2023,,180.8,,,,AGE_SEX_STANDARD,,,,1,,,,,,,,0,
DATAFLOW,OECD.ELS.HD:DSD_HCQO@DF_PC(1.1),,I,AUS,,A,,ASCOCOMP,,10P5HB,,Y_GE15,,_T,,OBS,,2023,,284.8,,,,AGE_SEX_STANDARD,,,,1,,,,,,,,0,
DATAFLOW,OECD.ELS.HD:DSD_HCQO@DF_PC(1.1),,I,AUS,,A,,ADMRASTH,,10P5HB,,Y_GE15,,_T,,OBS,,2023,,52,,,,AGE_SEX_STANDARD,,,,1,,,,,,,,0,
DATAFLOW,OECD.ELS.HD:DSD_HCQO@DF_PC(1.1),,I,ISL,,A,,ADMRDMAO,,10P5HB,,Y_GE15,,_T,,OBS,,2015,,3.2,,,,AGE_SEX_STANDARD,,,,1,,,,,,,,,
DATAFLOW,OECD.ELS.HD:DSD_HCQO@DF_PC(1.1),,I,ISL,,A,,ADMRDMAO,,10P5HB,,Y_GE15,,_T,,OBS,,2016,,1.1,,,,AGE_SEX_STANDARD,,,,1,,,,,,,,,
DATAFLOW,OECD.ELS.HD:DSD_HCQO@DF_PC(1.1),,I,ISL,,A,,ADMRDMAO,,10P5HB,,Y_GE15,,_T,,OBS,,2017,,2,,,,AGE_SEX_STANDARD,,,,1,,,,,,,,,
DATAFLOW,OECD.ELS.HD:DSD_HCQO@DF_PC(1.1),,I,ISL,,A,,ADMRDMAO,,10P5HB,,Y_GE15,,_T,,OBS,,2018,,2.5,,,,AGE_SEX_STANDARD,,,,1,,,,,,,,,
DATAFLOW,OECD.ELS.HD:DSD_HCQO@DF_PC(1.1),,I,ISL,,A,,ADMRDMAO,,10P5HB,,Y_GE15,,_T,,OBS,,2019,,1.4,,,,AGE_SEX_STANDARD,,,,1,,,,,,,,,
DATAFLOW,OECD.ELS.HD:DSD_HCQO@DF_PC(1.1),,I,ISL,,A,,ADMRDMAO,,10P5HB,,Y_GE15,,_T,,OBS,,2020,,0.4,,,,AGE_SEX_STANDARD,,,,1,,,,,,,,,
DATAFLOW,OECD.ELS.HD:DSD_HCQO@DF_PC(1.1),,I,ISL,,A,,ADMRDMAO,,10P5HB,,Y_GE15,,_T,,OBS,,2021,,1.6,,,,AGE_SEX_STANDARD,,,,1,,,,,,,,,
DATAFLOW,OECD.ELS.HD:DSD_HCQO@DF_PC(1.1),,I,ISL,,A,,ADMRDMAO,,10P5HB,,Y_GE15,,_T,,OBS,,2022,,5.8,,,,AGE_SEX_STANDARD,,,,1,,,,,,,,,
DATAFLOW,OECD.ELS.HD:DSD_HCQO@DF_PC(1.1),,I,ISL,,A,,ADMRDMAO,,10P5HB,,Y_GE15,,_T,,OBS,,2023,,1.3,,,,AGE_SEX_STANDARD,,,,1,,,,,,,,,
DATAFLOW,OECD.ELS.HD:DSD_HCQO@DF_PC(1.1),,I,ISL,,A,,ADMRDMAO,,10P5HB,,Y_GE15,,_T,,OBS,,2024,,4.7,,,,AGE_SEX_STANDARD,,,,1,,,,,,,,,
DATAFLOW,OECD.ELS.HD:DSD_HCQO@DF_PC(1.1),,I,ISL,,A,,ADMRDMAI,,10P5HB,,Y_GE15,,_T,,OBS,,2015,,0.4,,,,AGE_SEX_STANDARD,,,,1,,,,,,,,,
DATAFLOW,OECD.ELS.HD:DSD_HCQO@DF_PC(1.1),,I,ISL,,A,,ADMRDMAI,,10P5HB,,Y_GE15,,_T,,OBS,,2016,,0.4,,,,AGE_SEX_STANDARD,,,,1,,,,,,,,,
DATAFLOW,OECD.ELS.HD:DSD_HCQO@DF_PC(1.1),,I,ISL,,A,,ADMRDMAI,,10P5HB,,Y_GE15,,_T,,OBS,,2017,,2,,,,AGE_SEX_STANDARD,,,,1,,,,,,,,,
DATAFLOW,OECD.ELS.HD:DSD_HCQO@DF_PC(1.1),,I,ISL,,A,,ADMRDMAI,,10P5HB,,Y_GE15,,_T,,OBS,,2018,,1.4,,,,AGE_SEX_STANDARD,,,,1,,,,,,,,,
DATAFLOW,OECD.ELS.HD:DSD_HCQO@DF_PC(1.1),,I,ISL,,A,,ADMRDMAI,,10P5HB,,Y_GE15,,_T,,OBS,,2019,,1.3,,,,AGE_SEX_STANDARD,,,,1,,,,,,,,,
DATAFLOW,OECD.ELS.HD:DSD_HCQO@DF_PC(1.1),,I,ISL,,A,,ADMRDMAI,,10P5HB,,Y_GE15,,_T,,OBS,,2020,,0.7,,,,AGE_SEX_STANDARD,,,,1,,,,,,,,,
DATAFLOW,OECD.ELS.HD:DSD_HCQO@DF_PC(1.1),,I,ISL,,A,,ADMRDMAI,,10P5HB,,Y_GE15,,_T,,OBS,,2021,,1,,,,AGE_SEX_STANDARD,,,,1,,,,,,,,,
DATAFLOW,OECD.ELS.HD:DSD_HCQO@DF_PC(1.1),,I,ISL,,A,,ADMRDMAI,,10P5HB,,Y_GE15,,_T,,OBS,,2022,,0.3,,,,AGE_SEX_STANDARD,,,,1,,,,,,,,,
DATAFLOW,OECD.ELS.HD:DSD_HCQO@DF_PC(1.1),,I,ISL,,A,,ADMRDMAI,,10P5HB,,Y_GE15,,_T,,OBS,,2023,,1.5,,,,AGE_SEX_STANDARD,,,,1,,,,,,,,,
DATAFLOW,OECD.ELS.HD:DSD_HCQO@DF_PC(1.1),,I,ISL,,A,,ADMRDMAI,,10P5HB,,Y_GE15,,_T,,OBS,,2024,,3.6,,,,AGE_SEX_STANDARD,,,,1,,,,,,,,,
DATAFLOW,OECD.ELS.HD:DSD_HCQO@DF_PC(1.1),,I,ISL,,A,,ADMRASTH,,10P5HB,,Y_GE15,,_T,,OBS,,2015,,12.1,,,,AGE_SEX_STANDARD,,,,1,,,,,,,,0,
DATAFLOW,OECD.ELS.HD:DSD_HCQO@DF_PC(1.1),,I,ISL,,A,,ADMRDBUC,,10P5HB,,Y_GE15,,_T,,OBS,,2015,,46.4,,,,AGE_SEX_STANDARD,,,,1,,,,,,,,0,
DATAFLOW,OECD.ELS.HD:DSD_HCQO@DF_PC(1.1),,I,ISL,,A,,ADMRCHFL,,10P5HB,,Y_GE15,,_T,,OBS,,2015,,188.9,,,,AGE_SEX_STANDARD,,,,1,,,,,,,,0,
DATAFLOW,OECD.ELS.HD:DSD_HCQO@DF_PC(1.1),,I,ISL,,A,,ASCOCOMP,,10P5HB,,Y_GE15,,_T,,OBS,,2015,,215.4,,,,AGE_SEX_STANDARD,,,,1,,,,,,,,0,
DATAFLOW,OECD.ELS.HD:DSD_HCQO@DF_PC(1.1),,I,ISL,,A,,ADMRCOPD,,10P5HB,,Y_GE15,,_T,,OBS,,2015,,203.3,,,,AGE_SEX_STANDARD,,,,1,,,,,,,,0,
DATAFLOW,OECD.ELS.HD:DSD_HCQO@DF_PC(1.1),,I,ISL,,A,,ADMRCOPD,,10P5HB,,Y_GE15,,_T,,OBS,,2016,,216.3,,,,AGE_SEX_STANDARD,,,,1,,,,,,,,0,
DATAFLOW,OECD.ELS.HD:DSD_HCQO@DF_PC(1.1),,I,ISL,,A,,ASCOCOMP,,10P5HB,,Y_GE15,,_T,,OBS,,2016,,227.2,,,,AGE_SEX_STANDARD,,,,1,,,,,,,,0,
DATAFLOW,OECD.ELS.HD:DSD_HCQO@DF_PC(1.1),,I,ISL,,A,,ADMRCHFL,,10P5HB,,Y_GE15,,_T,,OBS,,2016,,182.3,,,,AGE_SEX_STANDARD,,,,1,,,,,,,,0,
DATAFLOW,OECD.ELS.HD:DSD_HCQO@DF_PC(1.1),,I,ISL,,A,,ADMRDBUC,,10P5HB,,Y_GE15,,_T,,OBS,,2016,,43.7,,,,AGE_SEX_STANDARD,,,,1,,,,,,,,0,
DATAFLOW,OECD.ELS.HD:DSD_HCQO@DF_PC(1.1),,I,ISL,,A,,ADMRASTH,,10P5HB,,Y_GE15,,_T,,OBS,,2016,,10.9,,,,AGE_SEX_STANDARD,,,,1,,,,,,,,0,
DATAFLOW,OECD.ELS.HD:DSD_HCQO@DF_PC(1.1),,I,ISL,,A,,ADMRASTH,,10P5HB,,Y_GE15,,_T,,OBS,,2017,,15.3,,,,AGE_SEX_STANDARD,,,,1,,,,,,,,0,
DATAFLOW,OECD.ELS.HD:DSD_HCQO@DF_PC(1.1),,I,ISL,,A,,ADMRDBUC,,10P5HB,,Y_GE15,,_T,,OBS,,2017,,43.4,,,,AGE_SEX_STANDARD,,,,1,,,,,,,,0,
DATAFLOW,OECD.ELS.HD:DSD_HCQO@DF_PC(1.1),,I,ISL,,A,,ADMRCHFL,,10P5HB,,Y_GE15,,_T,,OBS,,2017,,163.6,,,,AGE_SEX_STANDARD,,,,1,,,,,,,,0,
DATAFLOW,OECD.ELS.HD:DSD_HCQO@DF_PC(1.1),,I,ISL,,A,,ASCOCOMP,,10P5HB,,Y_GE15,,_T,,OBS,,2017,,213.6,,,,AGE_SEX_STANDARD,,,,1,,,,,,,,0,
DATAFLOW,OECD.ELS.HD:DSD_HCQO@DF_PC(1.1),,I,ISL,,A,,ADMRCOPD,,10P5HB,,Y_GE15,,_T,,OBS,,2017,,198.3,,,,AGE_SEX_STANDARD,,,,1,,,,,,,,0,
DATAFLOW,OECD.ELS.HD:DSD_HCQO@DF_PC(1.1),,I,ISL,,A,,ADMRCOPD,,10P5HB,,Y_GE15,,_T,,OBS,,2018,,158.2,,,,AGE_SEX_STANDARD,,,,1,,,,,,,,0,
DATAFLOW,OECD.ELS.HD:DSD_HCQO@DF_PC(1.1),,I,ISL,,A,,ASCOCOMP,,10P5HB,,Y_GE15,,_T,,OBS,,2018,,166.8,,,,AGE_SEX_STANDARD,,,,1,,,,,,,,0,
DATAFLOW,OECD.ELS.HD:DSD_HCQO@DF_PC(1.1),,I,ISL,,A,,ADMRCHFL,,10P5HB,,Y_GE15,,_T,,OBS,,2018,,175.3,,,,AGE_SEX_STANDARD,,,,1,,,,,,,,0,
DATAFLOW,OECD.ELS.HD:DSD_HCQO@DF_PC(1.1),,I,ISL,,A,,ADMRDBUC,,10P5HB,,Y_GE15,,_T,,OBS,,2018,,39.4,,,,AGE_SEX_STANDARD,,,,1,,,,,,,,0,
DATAFLOW,OECD.ELS.HD:DSD_HCQO@DF_PC(1.1),,I,ISL,,A,,ADMRASTH,,10P5HB,,Y_GE15,,_T,,OBS,,2018,,8.6,,,,AGE_SEX_STANDARD,,,,1,,,,,,,,0,
DATAFLOW,OECD.ELS.HD:DSD_HCQO@DF_PC(1.1),,I,ISL,,A,,ADMRDBUC,,10P5HB,,Y_GE15,,_T,,OBS,,2019,,37.3,,,,AGE_SEX_STANDARD,,,,1,,,,,,,,0,
DATAFLOW,OECD.ELS.HD:DSD_HCQO@DF_PC(1.1),,I,ISL,,A,,ADMRCHFL,,10P5HB,,Y_GE15,,_T,,OBS,,2019,,178.7,,,,AGE_SEX_STANDARD,,,,1,,,,,,,,0,
DATAFLOW,OECD.ELS.HD:DSD_HCQO@DF_PC(1.1),,I,ISL,,A,,ASCOCOMP,,10P5HB,,Y_GE15,,_T,,OBS,,2019,,145.8,,,,AGE_SEX_STANDARD,,,,1,,,,,,,,0,
DATAFLOW,OECD.ELS.HD:DSD_HCQO@DF_PC(1.1),,I,ISL,,A,,ADMRCOPD,,10P5HB,,Y_GE15,,_T,,OBS,,2019,,139.9,,,,AGE_SEX_STANDARD,,,,1,,,,,,,,0,
DATAFLOW,OECD.ELS.HD:DSD_HCQO@DF_PC(1.1),,I,ISL,,A,,ADMRCOPD,,10P5HB,,Y_GE15,,_T,,OBS,,2020,,109.9,,,,AGE_SEX_STANDARD,,,,1,,,,,,,,0,
DATAFLOW,OECD.ELS.HD:DSD_HCQO@DF_PC(1.1),,I,ISL,,A,,ASCOCOMP,,10P5HB,,Y_GE15,,_T,,OBS,,2020,,115.1,,,,AGE_SEX_STANDARD,,,,1,,,,,,,,0,
DATAFLOW,OECD.ELS.HD:DSD_HCQO@DF_PC(1.1),,I,ISL,,A,,ADMRCHFL,,10P5HB,,Y_GE15,,_T,,OBS,,2020,,179.7,,,,AGE_SEX_STANDARD,,,,1,,,,,,,,0,
DATAFLOW,OECD.ELS.HD:DSD_HCQO@DF_PC(1.1),,I,ISL,,A,,ADMRDBUC,,10P5HB,,Y_GE15,,_T,,OBS,,2020,,40.1,,,,AGE_SEX_STANDARD,,,,1,,,,,,,,0,
DATAFLOW,OECD.ELS.HD:DSD_HCQO@DF_PC(1.1),,I,ISL,,A,,ADMRASTH,,10P5HB,,Y_GE15,,_T,,OBS,,2020,,5.2,,,,AGE_SEX_STANDARD,,,,1,,,,,,,,0,
DATAFLOW,OECD.ELS.HD:DSD_HCQO@DF_PC(1.1),,I,ISL,,A,,ADMRASTH,,10P5HB,,Y_GE15,,_T,,OBS,,2021,,6,,,,AGE_SEX_STANDARD,,,,1,,,,,,,,0,
DATAFLOW,OECD.ELS.HD:DSD_HCQO@DF_PC(1.1),,I,ISL,,A,,ADMRDBUC,,10P5HB,,Y_GE15,,_T,,OBS,,2021,,28.4,,,,AGE_SEX_STANDARD,,,,1,,,,,,,,0,
DATAFLOW,OECD.ELS.HD:DSD_HCQO@DF_PC(1.1),,I,ISL,,A,,ADMRCHFL,,10P5HB,,Y_GE15,,_T,,OBS,,2021,,163.6,,,,AGE_SEX_STANDARD,,,,1,,,,,,,,0,
DATAFLOW,OECD.ELS.HD:DSD_HCQO@DF_PC(1.1),,I,ISL,,A,,ASCOCOMP,,10P5HB,,Y_GE15,,_T,,OBS,,2021,,122.8,,,,AGE_SEX_STANDARD,,,,1,,,,,,,,0,
DATAFLOW,OECD.ELS.HD:DSD_HCQO@DF_PC(1.1),,I,ISL,,A,,ADMRCOPD,,10P5HB,,Y_GE15,,_T,,OBS,,2021,,116.8,,,,AGE_SEX_STANDARD,,,,1,,,,,,,,0,
DATAFLOW,OECD.ELS.HD:DSD_HCQO@DF_PC(1.1),,I,ISL,,A,,ADMRCOPD,,10P5HB,,Y_GE15,,_T,,OBS,,2022,,112.1,,,,AGE_SEX_STANDARD,,,,1,,,,,,,,0,
DATAFLOW,OECD.ELS.HD:DSD_HCQO@DF_PC(1.1),,I,ISL,,A,,ASCOCOMP,,10P5HB,,Y_GE15,,_T,,OBS,,2022,,116.7,,,,AGE_SEX_STANDARD,,,,1,,,,,,,,0,
DATAFLOW,OECD.ELS.HD:DSD_HCQO@DF_PC(1.1),,I,ISL,,A,,ADMRCHFL,,10P5HB,,Y_GE15,,_T,,OBS,,2022,,192.9,,,,AGE_SEX_STANDARD,,,,1,,,,,,,,0,
DATAFLOW,OECD.ELS.HD:DSD_HCQO@DF_PC(1.1),,I,ISL,,A,,ADMRDBUC,,10P5HB,,Y_GE15,,_T,,OBS,,2022,,28.2,,,,AGE_SEX_STANDARD,,,,1,,,,,,,,0,
DATAFLOW,OECD.ELS.HD:DSD_HCQO@DF_PC(1.1),,I,ISL,,A,,ADMRASTH,,10P5HB,,Y_GE15,,_T,,OBS,,2022,,4.6,,,,AGE_SEX_STANDARD,,,,1,,,,,,,,0,
DATAFLOW,OECD.ELS.HD:DSD_HCQO@DF_PC(1.1),,I,ISL,,A,,ADMRASTH,,10P5HB,,Y_GE15,,_T,,OBS,,2023,,12.3,,,,AGE_SEX_STANDARD,,,,1,,,,,,,,0,
DATAFLOW,OECD.ELS.HD:DSD_HCQO@DF_PC(1.1),,I,ISL,,A,,ADMRDBUC,,10P5HB,,Y_GE15,,_T,,OBS,,2023,,33.7,,,,AGE_SEX_STANDARD,,,,1,,,,,,,,0,
DATAFLOW,OECD.ELS.HD:DSD_HCQO@DF_PC(1.1),,I,ISL,,A,,ADMRCHFL,,10P5HB,,Y_GE15,,_T,,OBS,,2023,,190.9,,,,AGE_SEX_STANDARD,,,,1,,,,,,,,0,
DATAFLOW,OECD.ELS.HD:DSD_HCQO@DF_PC(1.1),,I,ISL,,A,,ASCOCOMP,,10P5HB,,Y_GE15,,_T,,OBS,,2023,,118.1,,,,AGE_SEX_STANDARD,,,,1,,,,,,,,0,
DATAFLOW,OECD.ELS.HD:DSD_HCQO@DF_PC(1.1),,I,ISL,,A,,ADMRCOPD,,10P5HB,,Y_GE15,,_T,,OBS,,2023,,105.8,,,,AGE_SEX_STANDARD,,,,1,,,,,,,,0,
DATAFLOW,OECD.ELS.HD:DSD_HCQO@DF_PC(1.1),,I,ISL,,A,,ADMRCOPD,,10P5HB,,Y_GE15,,_T,,OBS,,2024,,110.9,,,,AGE_SEX_STANDARD,,,,1,,,,,,,,0,
DATAFLOW,OECD.ELS.HD:DSD_HCQO@DF_PC(1.1),,I,ISL,,A,,ASCOCOMP,,10P5HB,,Y_GE15,,_T,,OBS,,2024,,120,,,,AGE_SEX_STANDARD,,,,1,,,,,,,,0,
DATAFLOW,OECD.ELS.HD:DSD_HCQO@DF_PC(1.1),,I,ISL,,A,,ADMRCHFL,,10P5HB,,Y_GE15,,_T,,OBS,,2024,,179.8,,,,AGE_SEX_STANDARD,,,,1,,,,,,,,0,
DATAFLOW,OECD.ELS.HD:DSD_HCQO@DF_PC(1.1),,I,ISL,,A,,ADMRDBUC,,10P5HB,,Y_GE15,,_T,,OBS,,2024,,32,,,,AGE_SEX_STANDARD,,,,1,,,,,,,,0,
DATAFLOW,OECD.ELS.HD:DSD_HCQO@DF_PC(1.1),,I,ISL,,A,,ADMRASTH,,10P5HB,,Y_GE15,,_T,,OBS,,2024,,9.1,,,,AGE_SEX_STANDARD,,,,1,,,,,,,,0,
DATAFLOW,OECD.ELS.HD:DSD_HCQO@DF_PC(1.1),,I,CHE,,A,,ADMRDMAO,,10P5HB,,Y_GE15,,_T,,OBS,,2015,,15.8,,,,AGE_SEX_STANDARD,,,,1,,,,,,,,,
DATAFLOW,OECD.ELS.HD:DSD_HCQO@DF_PC(1.1),,I,CHE,,A,,ADMRDMAO,,10P5HB,,Y_GE15,,_T,,OBS,,2016,,16.6,,,,AGE_SEX_STANDARD,,,,1,,,,,,,,,
DATAFLOW,OECD.ELS.HD:DSD_HCQO@DF_PC(1.1),,I,CHE,,A,,ADMRDMAO,,10P5HB,,Y_GE15,,_T,,OBS,,2017,,17,,,,AGE_SEX_STANDARD,,,,1,,,,,,,,,
DATAFLOW,OECD.ELS.HD:DSD_HCQO@DF_PC(1.1),,I,CHE,,A,,ADMRDMAO,,10P5HB,,Y_GE15,,_T,,OBS,,2018,,17.5,,,,AGE_SEX_STANDARD,,,,1,,,,,,,,,
DATAFLOW,OECD.ELS.HD:DSD_HCQO@DF_PC(1.1),,I,CHE,,A,,ADMRDMAO,,10P5HB,,Y_GE15,,_T,,OBS,,2019,,18.1,,,,AGE_SEX_STANDARD,,,,1,,,,,,,,,
DATAFLOW,OECD.ELS.HD:DSD_HCQO@DF_PC(1.1),,I,CHE,,A,,ADMRDMAO,,10P5HB,,Y_GE15,,_T,,OBS,,2020,,14.8,,,,AGE_SEX_STANDARD,,,,1,,,,,,,,,
DATAFLOW,OECD.ELS.HD:DSD_HCQO@DF_PC(1.1),,I,CHE,,A,,ADMRDMAO,,10P5HB,,Y_GE15,,_T,,OBS,,2021,,16.3,,,,AGE_SEX_STANDARD,,,,1,,,,,,,,,
DATAFLOW,OECD.ELS.HD:DSD_HCQO@DF_PC(1.1),,I,CHE,,A,,ADMRDMAO,,10P5HB,,Y_GE15,,_T,,OBS,,2022,,17.2,,,,AGE_SEX_STANDARD,,,,1,,,,,,,,,
DATAFLOW,OECD.ELS.HD:DSD_HCQO@DF_PC(1.1),,I,CHE,,A,,ADMRDMAO,,10P5HB,,Y_GE15,,_T,,OBS,,2023,,18.3,,,,AGE_SEX_STANDARD,,,,1,,,,,,,,,
DATAFLOW,OECD.ELS.HD:DSD_HCQO@DF_PC(1.1),,I,CHE,,A,,ADMRDMAI,,10P5HB,,Y_GE15,,_T,,OBS,,2015,,3.6,,,,AGE_SEX_STANDARD,,,,1,,,,,,,,,
DATAFLOW,OECD.ELS.HD:DSD_HCQO@DF_PC(1.1),,I,CHE,,A,,ADMRDMAI,,10P5HB,,Y_GE15,,_T,,OBS,,2016,,3.2,,,,AGE_SEX_STANDARD,,,,1,,,,,,,,,
DATAFLOW,OECD.ELS.HD:DSD_HCQO@DF_PC(1.1),,I,CHE,,A,,ADMRDMAI,,10P5HB,,Y_GE15,,_T,,OBS,,2017,,3.5,,,,AGE_SEX_STANDARD,,,,1,,,,,,,,,
DATAFLOW,OECD.ELS.HD:DSD_HCQO@DF_PC(1.1),,I,CHE,,A,,ADMRDMAI,,10P5HB,,Y_GE15,,_T,,OBS,,2018,,3.1,,,,AGE_SEX_STANDARD,,,,1,,,,,,,,,
DATAFLOW,OECD.ELS.HD:DSD_HCQO@DF_PC(1.1),,I,CHE,,A,,ADMRDMAI,,10P5HB,,Y_GE15,,_T,,OBS,,2019,,3,,,,AGE_SEX_STANDARD,,,,1,,,,,,,,,
DATAFLOW,OECD.ELS.HD:DSD_HCQO@DF_PC(1.1),,I,CHE,,A,,ADMRDMAI,,10P5HB,,Y_GE15,,_T,,OBS,,2020,,3.2,,,,AGE_SEX_STANDARD,,,,1,,,,,,,,,
DATAFLOW,OECD.ELS.HD:DSD_HCQO@DF_PC(1.1),,I,CHE,,A,,ADMRDMAI,,10P5HB,,Y_GE15,,_T,,OBS,,2021,,3.3,,,,AGE_SEX_STANDARD,,,,1,,,,,,,,,
DATAFLOW,OECD.ELS.HD:DSD_HCQO@DF_PC(1.1),,I,CHE,,A,,ADMRDMAI,,10P5HB,,Y_GE15,,_T,,OBS,,2022,,3,,,,AGE_SEX_STANDARD,,,,1,,,,,,,,,
DATAFLOW,OECD.ELS.HD:DSD_HCQO@DF_PC(1.1),,I,CHE,,A,,ADMRDMAI,,10P5HB,,Y_GE15,,_T,,OBS,,2023,,3.1,,,,AGE_SEX_STANDARD,,,,1,,,,,,,,,
DATAFLOW,OECD.ELS.HD:DSD_HCQO@DF_PC(1.1),,I,CHE,,A,,ADMRCOPD,,10P5HB,,Y_GE15,,_T,,OBS,,2015,,147.1,,,,AGE_SEX_STANDARD,,,,1,,,,,,,,0,
DATAFLOW,OECD.ELS.HD:DSD_HCQO@DF_PC(1.1),,I,CHE,,A,,ASCOCOMP,,10P5HB,,Y_GE15,,_T,,OBS,,2015,,176.5,,,,AGE_SEX_STANDARD,,,,1,,,,,,,,0,
DATAFLOW,OECD.ELS.HD:DSD_HCQO@DF_PC(1.1),,I,CHE,,A,,ADMRDBUC,,10P5HB,,Y_GE15,,_T,,OBS,,2015,,80,,,,AGE_SEX_STANDARD,,,,1,,,,,,,,0,
DATAFLOW,OECD.ELS.HD:DSD_HCQO@DF_PC(1.1),,I,CHE,,A,,ADMRASTH,,10P5HB,,Y_GE15,,_T,,OBS,,2015,,29.4,,,,AGE_SEX_STANDARD,,,,1,,,,,,,,0,
DATAFLOW,OECD.ELS.HD:DSD_HCQO@DF_PC(1.1),,I,CHE,,A,,ADMRCHFL,,10P5HB,,Y_GE15,,_T,,OBS,,2015,,211.1,,,,AGE_SEX_STANDARD,,,,1,,,,,,,,0,
DATAFLOW,OECD.ELS.HD:DSD_HCQO@DF_PC(1.1),,I,CHE,,A,,ADMRCHFL,,10P5HB,,Y_GE15,,_T,,OBS,,2016,,221.2,,,,AGE_SEX_STANDARD,,,,1,,,,,,,,0,
DATAFLOW,OECD.ELS.HD:DSD_HCQO@DF_PC(1.1),,I,CHE,,A,,ADMRASTH,,10P5HB,,Y_GE15,,_T,,OBS,,2016,,30.1,,,,AGE_SEX_STANDARD,,,,1,,,,,,,,0,
DATAFLOW,OECD.ELS.HD:DSD_HCQO@DF_PC(1.1),,I,CHE,,A,,ADMRDBUC,,10P5HB,,Y_GE15,,_T,,OBS,,2016,,81.7,,,,AGE_SEX_STANDARD,,,,1,,,,,,,,0,
DATAFLOW,OECD.ELS.HD:DSD_HCQO@DF_PC(1.1),,I,CHE,,A,,ASCOCOMP,,10P5HB,,Y_GE15,,_T,,OBS,,2016,,176.3,,,,AGE_SEX_STANDARD,,,,1,,,,,,,,0,
DATAFLOW,OECD.ELS.HD:DSD_HCQO@DF_PC(1.1),,I,CHE,,A,,ADMRCOPD,,10P5HB,,Y_GE15,,_T,,OBS,,2016,,146.2,,,,AGE_SEX_STANDARD,,,,1,,,,,,,,0,
DATAFLOW,OECD.ELS.HD:DSD_HCQO@DF_PC(1.1),,I,CHE,,A,,ADMRCOPD,,10P5HB,,Y_GE15,,_T,,OBS,,2017,,151.3,,,,AGE_SEX_STANDARD,,,,1,,,,,,,,0,
DATAFLOW,OECD.ELS.HD:DSD_HCQO@DF_PC(1.1),,I,CHE,,A,,ASCOCOMP,,10P5HB,,Y_GE15,,_T,,OBS,,2017,,178.4,,,,AGE_SEX_STANDARD,,,,1,,,,,,,,0,
DATAFLOW,OECD.ELS.HD:DSD_HCQO@DF_PC(1.1),,I,CHE,,A,,ADMRDBUC,,10P5HB,,Y_GE15,,_T,,OBS,,2017,,84.6,,,,AGE_SEX_STANDARD,,,,1,,,,,,,,0,
DATAFLOW,OECD.ELS.HD:DSD_HCQO@DF_PC(1.1),,I,CHE,,A,,ADMRASTH,,10P5HB,,Y_GE15,,_T,,OBS,,2017,,27.1,,,,AGE_SEX_STANDARD,,,,1,,,,,,,,0,
DATAFLOW,OECD.ELS.HD:DSD_HCQO@DF_PC(1.1),,I,CHE,,A,,ADMRCHFL,,10P5HB,,Y_GE15,,_T,,OBS,,2017,,222.8,,,,AGE_SEX_STANDARD,,,,1,,,,,,,,0,
DATAFLOW,OECD.ELS.HD:DSD_HCQO@DF_PC(1.1),,I,CHE,,A,,ADMRCHFL,,10P5HB,,Y_GE15,,_T,,OBS,,2018,,222.3,,,,AGE_SEX_STANDARD,,,,1,,,,,,,,0,
DATAFLOW,OECD.ELS.HD:DSD_HCQO@DF_PC(1.1),,I,CHE,,A,,ADMRASTH,,10P5HB,,Y_GE15,,_T,,OBS,,2018,,26,,,,AGE_SEX_STANDARD,,,,1,,,,,,,,0,
DATAFLOW,OECD.ELS.HD:DSD_HCQO@DF_PC(1.1),,I,CHE,,A,,ADMRDBUC,,10P5HB,,Y_GE15,,_T,,OBS,,2018,,85.1,,,,AGE_SEX_STANDARD,,,,1,,,,,,,,0,
DATAFLOW,OECD.ELS.HD:DSD_HCQO@DF_PC(1.1),,I,CHE,,A,,ASCOCOMP,,10P5HB,,Y_GE15,,_T,,OBS,,2018,,175.6,,,,AGE_SEX_STANDARD,,,,1,,,,,,,,0,
DATAFLOW,OECD.ELS.HD:DSD_HCQO@DF_PC(1.1),,I,CHE,,A,,ADMRCOPD,,10P5HB,,Y_GE15,,_T,,OBS,,2018,,149.6,,,,AGE_SEX_STANDARD,,,,1,,,,,,,,0,
DATAFLOW,OECD.ELS.HD:DSD_HCQO@DF_PC(1.1),,I,CHE,,A,,ADMRCOPD,,10P5HB,,Y_GE15,,_T,,OBS,,2019,,151.2,,,,AGE_SEX_STANDARD,,,,1,,,,,,,,0,
DATAFLOW,OECD.ELS.HD:DSD_HCQO@DF_PC(1.1),,I,CHE,,A,,ASCOCOMP,,10P5HB,,Y_GE15,,_T,,OBS,,2019,,175.5,,,,AGE_SEX_STANDARD,,,,1,,,,,,,,0,
DATAFLOW,OECD.ELS.HD:DSD_HCQO@DF_PC(1.1),,I,CHE,,A,,ADMRDBUC,,10P5HB,,Y_GE15,,_T,,OBS,,2019,,85.7,,,,AGE_SEX_STANDARD,,,,1,,,,,,,,0,
DATAFLOW,OECD.ELS.HD:DSD_HCQO@DF_PC(1.1),,I,CHE,,A,,ADMRASTH,,10P5HB,,Y_GE15,,_T,,OBS,,2019,,24.3,,,,AGE_SEX_STANDARD,,,,1,,,,,,,,0,
DATAFLOW,OECD.ELS.HD:DSD_HCQO@DF_PC(1.1),,I,CHE,,A,,ADMRCHFL,,10P5HB,,Y_GE15,,_T,,OBS,,2019,,236.8,,,,AGE_SEX_STANDARD,,,,1,,,,,,,,0,
DATAFLOW,OECD.ELS.HD:DSD_HCQO@DF_PC(1.1),,I,CHE,,A,,ADMRCHFL,,10P5HB,,Y_GE15,,_T,,OBS,,2020,,205,,,,AGE_SEX_STANDARD,,,,1,,,,,,,,0,
DATAFLOW,OECD.ELS.HD:DSD_HCQO@DF_PC(1.1),,I,CHE,,A,,ADMRASTH,,10P5HB,,Y_GE15,,_T,,OBS,,2020,,20.2,,,,AGE_SEX_STANDARD,,,,1,,,,,,,,0,
DATAFLOW,OECD.ELS.HD:DSD_HCQO@DF_PC(1.1),,I,CHE,,A,,ADMRDBUC,,10P5HB,,Y_GE15,,_T,,OBS,,2020,,75.6,,,,AGE_SEX_STANDARD,,,,1,,,,,,,,0,
DATAFLOW,OECD.ELS.HD:DSD_HCQO@DF_PC(1.1),,I,CHE,,A,,ASCOCOMP,,10P5HB,,Y_GE15,,_T,,OBS,,2020,,126.8,,,,AGE_SEX_STANDARD,,,,1,,,,,,,,0,
DATAFLOW,OECD.ELS.HD:DSD_HCQO@DF_PC(1.1),,I,CHE,,A,,ADMRCOPD,,10P5HB,,Y_GE15,,_T,,OBS,,2020,,106.6,,,,AGE_SEX_STANDARD,,,,1,,,,,,,,0,
DATAFLOW,OECD.ELS.HD:DSD_HCQO@DF_PC(1.1),,I,CHE,,A,,ADMRCOPD,,10P5HB,,Y_GE15,,_T,,OBS,,2021,,102.6,,,,AGE_SEX_STANDARD,,,,1,,,,,,,,0,
DATAFLOW,OECD.ELS.HD:DSD_HCQO@DF_PC(1.1),,I,CHE,,A,,ASCOCOMP,,10P5HB,,Y_GE15,,_T,,OBS,,2021,,121.7,,,,AGE_SEX_STANDARD,,,,1,,,,,,,,0,
DATAFLOW,OECD.ELS.HD:DSD_HCQO@DF_PC(1.1),,I,CHE,,A,,ADMRDBUC,,10P5HB,,Y_GE15,,_T,,OBS,,2021,,80.3,,,,AGE_SEX_STANDARD,,,,1,,,,,,,,0,
DATAFLOW,OECD.ELS.HD:DSD_HCQO@DF_PC(1.1),,I,CHE,,A,,ADMRASTH,,10P5HB,,Y_GE15,,_T,,OBS,,2021,,19.1,,,,AGE_SEX_STANDARD,,,,1,,,,,,,,0,
DATAFLOW,OECD.ELS.HD:DSD_HCQO@DF_PC(1.1),,I,CHE,,A,,ADMRCHFL,,10P5HB,,Y_GE15,,_T,,OBS,,2021,,220.7,,,,AGE_SEX_STANDARD,,,,1,,,,,,,,0,
DATAFLOW,OECD.ELS.HD:DSD_HCQO@DF_PC(1.1),,I,CHE,,A,,ADMRCHFL,,10P5HB,,Y_GE15,,_T,,OBS,,2022,,217.6,,,,AGE_SEX_STANDARD,,,,1,,,,,,,,0,
DATAFLOW,OECD.ELS.HD:DSD_HCQO@DF_PC(1.1),,I,CHE,,A,,ADMRASTH,,10P5HB,,Y_GE15,,_T,,OBS,,2022,,21.6,,,,AGE_SEX_STANDARD,,,,1,,,,,,,,0,
DATAFLOW,OECD.ELS.HD:DSD_HCQO@DF_PC(1.1),,I,CHE,,A,,ADMRDBUC,,10P5HB,,Y_GE15,,_T,,OBS,,2022,,79,,,,AGE_SEX_STANDARD,,,,1,,,,,,,,0,
DATAFLOW,OECD.ELS.HD:DSD_HCQO@DF_PC(1.1),,I,CHE,,A,,ASCOCOMP,,10P5HB,,Y_GE15,,_T,,OBS,,2022,,155.7,,,,AGE_SEX_STANDARD,,,,1,,,,,,,,0,
DATAFLOW,OECD.ELS.HD:DSD_HCQO@DF_PC(1.1),,I,CHE,,A,,ADMRCOPD,,10P5HB,,Y_GE15,,_T,,OBS,,2022,,134.1,,,,AGE_SEX_STANDARD,,,,1,,,,,,,,0,
DATAFLOW,OECD.ELS.HD:DSD_HCQO@DF_PC(1.1),,I,CHE,,A,,ADMRCOPD,,10P5HB,,Y_GE15,,_T,,OBS,,2023,,138.2,,,,AGE_SEX_STANDARD,,,,1,,,,,,,,0,
DATAFLOW,OECD.ELS.HD:DSD_HCQO@DF_PC(1.1),,I,CHE,,A,,ASCOCOMP,,10P5HB,,Y_GE15,,_T,,OBS,,2023,,161.2,,,,AGE_SEX_STANDARD,,,,1,,,,,,,,0,
DATAFLOW,OECD.ELS.HD:DSD_HCQO@DF_PC(1.1),,I,CHE,,A,,ADMRDBUC,,10P5HB,,Y_GE15,,_T,,OBS,,2023,,82.6,,,,AGE_SEX_STANDARD,,,,1,,,,,,,,0,
DATAFLOW,OECD.ELS.HD:DSD_HCQO@DF_PC(1.1),,I,CHE,,A,,ADMRASTH,,10P5HB,,Y_GE15,,_T,,OBS,,2023,,23,,,,AGE_SEX_STANDARD,,,,1,,,,,,,,0,
DATAFLOW,OECD.ELS.HD:DSD_HCQO@DF_PC(1.1),,I,CHE,,A,,ADMRCHFL,,10P5HB,,Y_GE15,,_T,,OBS,,2023,,215.5,,,,AGE_SEX_STANDARD,,,,1,,,,,,,,0,
